# Utah Teapot Model
# Version: 1976 - Jim Blinn
# Triangle Mesh Resolution: 10 (5560 faces)
o Utah Teapot

v -1.5 2.1 0
v -1.5028 2.0937 -0.081
v -1.5104 2.0766 -0.144
v -1.5216 2.0514 -0.189
v -1.5352 2.0208 -0.216
v -1.55 1.9875 -0.225
v -1.5648 1.9542 -0.216
v -1.5784 1.9236 -0.189
v -1.5896 1.8984 -0.144
v -1.5972 1.8813 -0.08100002
v -1.6 1.875 0
v -1.785 2.09955 0
v -1.785445 2.093256 -0.081
v -1.786654 2.076174 -0.144
v -1.788434 2.050998 -0.189
v -1.790597 2.020429 -0.216
v -1.79295 1.987163 -0.225
v -1.795303 1.953895 -0.216
v -1.797465 1.923326 -0.189
v -1.799246 1.898151 -0.144
v -1.800455 1.881069 -0.08100001
v -1.8009 1.874775 0
v -2.04 2.0964 0
v -2.038409 2.090151 -0.081
v -2.034093 2.073188 -0.144
v -2.027731 2.048189 -0.189
v -2.020007 2.017834 -0.2160001
v -2.0116 1.9848 -0.225
v -2.003194 1.951766 -0.2160001
v -1.995469 1.921412 -0.189
v -1.989107 1.896413 -0.144
v -1.98479 1.87945 -0.08100002
v -1.9832 1.8732 0
v -2.265 2.08785 0
v -2.261676 2.08172 -0.08099999
v -2.252655 2.065082 -0.144
v -2.239361 2.040562 -0.189
v -2.223218 2.010788 -0.216
v -2.20565 1.978388 -0.225
v -2.188082 1.945987 -0.216
v -2.171939 1.916213 -0.189
v -2.158645 1.891693 -0.144
v -2.149623 1.875055 -0.08100002
v -2.1463 1.868925 0
v -2.46 2.0712 0
v -2.455229 2.065303 -0.08100001
v -2.442279 2.049298 -0.144
v -2.423194 2.025711 -0.189
v -2.40002 1.997069 -0.216
v -2.3748 1.9659 -0.225
v -2.349581 1.934731 -0.216
v -2.326406 1.90609 -0.189
v -2.307322 1.882502 -0.144
v -2.294371 1.866497 -0.08100002
v -2.2896 1.8606 0
v -2.625 2.04375 0
v -2.61905 2.038238 -0.081
v -2.6029 2.023275 -0.144
v -2.5791 2.001225 -0.189
v -2.5502 1.97445 -0.216
v -2.51875 1.945313 -0.225
v -2.4873 1.916175 -0.216
v -2.4584 1.8894 -0.189
v -2.4346 1.86735 -0.144
v -2.41845 1.852388 -0.08100002
v -2.4125 1.846875 0
v -2.76 2.0028 0
v -2.753123 1.997861 -0.081
v -2.734458 1.984455 -0.144
v -2.70695 1.964698 -0.189
v -2.673549 1.940707 -0.216
v -2.6372 1.9146 -0.225
v -2.600851 1.888493 -0.216
v -2.56745 1.864502 -0.189
v -2.539942 1.844745 -0.144
v -2.521277 1.83134 -0.08100002
v -2.5144 1.8264 0
v -2.865 1.94565 0
v -2.857432 1.941511 -0.081
v -2.836889 1.930276 -0.144
v -2.806615 1.91372 -0.189
v -2.769855 1.893616 -0.216
v -2.72985 1.871737 -0.225
v -2.689846 1.849859 -0.216
v -2.653085 1.829755 -0.189
v -2.622811 1.813199 -0.144
v -2.602268 1.801964 -0.08100002
v -2.5947 1.797825 0
v -2.94 1.8696 0
v -2.931958 1.866525 -0.081
v -2.910131 1.858181 -0.144
v -2.877964 1.845883 -0.189
v -2.838906 1.83095 -0.216
v -2.7964 1.8147 -0.225
v -2.753894 1.79845 -0.216
v -2.714835 1.783517 -0.189
v -2.682669 1.771219 -0.144
v -2.660842 1.762875 -0.08100002
v -2.6528 1.7598 0
v -2.985 1.77195 0
v -2.976687 1.770243 -0.081
v -2.954123 1.765609 -0.144
v -2.92087 1.758779 -0.189
v -2.880491 1.750487 -0.216
v -2.83655 1.741463 -0.225
v -2.792608 1.732438 -0.216
v -2.752231 1.724146 -0.189
v -2.718977 1.717316 -0.144
v -2.696413 1.712682 -0.08100002
v -2.6881 1.710975 0
v -3 1.65 0
v -2.9916 1.65 -0.081
v -2.9688 1.65 -0.144
v -2.9352 1.65 -0.189
v -2.8944 1.65 -0.216
v -2.85 1.65 -0.225
v -2.8056 1.65 -0.216
v -2.7648 1.65 -0.189
v -2.7312 1.65 -0.144
v -2.7084 1.65 -0.08100002
v -2.7 1.65 0
v -1.5028 2.0937 0.081
v -1.5104 2.0766 0.144
v -1.5216 2.0514 0.189
v -1.5352 2.0208 0.216
v -1.55 1.9875 0.225
v -1.5648 1.9542 0.216
v -1.5784 1.9236 0.189
v -1.5896 1.8984 0.144
v -1.5972 1.8813 0.08100002
v -1.785445 2.093256 0.081
v -1.786654 2.076174 0.144
v -1.788434 2.050998 0.189
v -1.790597 2.020429 0.216
v -1.79295 1.987163 0.225
v -1.795303 1.953895 0.216
v -1.797465 1.923326 0.189
v -1.799246 1.898151 0.144
v -1.800455 1.881069 0.08100001
v -2.038409 2.090151 0.081
v -2.034093 2.073188 0.144
v -2.027731 2.048189 0.189
v -2.020007 2.017834 0.2160001
v -2.0116 1.9848 0.225
v -2.003194 1.951766 0.2160001
v -1.995469 1.921412 0.189
v -1.989107 1.896413 0.144
v -1.98479 1.87945 0.08100002
v -2.261676 2.08172 0.08099999
v -2.252655 2.065082 0.144
v -2.239361 2.040562 0.189
v -2.223218 2.010788 0.216
v -2.20565 1.978388 0.225
v -2.188082 1.945987 0.216
v -2.171939 1.916213 0.189
v -2.158645 1.891693 0.144
v -2.149623 1.875055 0.08100002
v -2.455229 2.065303 0.08100001
v -2.442279 2.049298 0.144
v -2.423194 2.025711 0.189
v -2.40002 1.997069 0.216
v -2.3748 1.9659 0.225
v -2.349581 1.934731 0.216
v -2.326406 1.90609 0.189
v -2.307322 1.882502 0.144
v -2.294371 1.866497 0.08100002
v -2.61905 2.038238 0.081
v -2.6029 2.023275 0.144
v -2.5791 2.001225 0.189
v -2.5502 1.97445 0.216
v -2.51875 1.945313 0.225
v -2.4873 1.916175 0.216
v -2.4584 1.8894 0.189
v -2.4346 1.86735 0.144
v -2.41845 1.852388 0.08100002
v -2.753123 1.997861 0.081
v -2.734458 1.984455 0.144
v -2.70695 1.964698 0.189
v -2.673549 1.940707 0.216
v -2.6372 1.9146 0.225
v -2.600851 1.888493 0.216
v -2.56745 1.864502 0.189
v -2.539942 1.844745 0.144
v -2.521277 1.83134 0.08100002
v -2.857432 1.941511 0.081
v -2.836889 1.930276 0.144
v -2.806615 1.91372 0.189
v -2.769855 1.893616 0.216
v -2.72985 1.871737 0.225
v -2.689846 1.849859 0.216
v -2.653085 1.829755 0.189
v -2.622811 1.813199 0.144
v -2.602268 1.801964 0.08100002
v -2.931958 1.866525 0.081
v -2.910131 1.858181 0.144
v -2.877964 1.845883 0.189
v -2.838906 1.83095 0.216
v -2.7964 1.8147 0.225
v -2.753894 1.79845 0.216
v -2.714835 1.783517 0.189
v -2.682669 1.771219 0.144
v -2.660842 1.762875 0.08100002
v -2.976687 1.770243 0.081
v -2.954123 1.765609 0.144
v -2.92087 1.758779 0.189
v -2.880491 1.750487 0.216
v -2.83655 1.741463 0.225
v -2.792608 1.732438 0.216
v -2.752231 1.724146 0.189
v -2.718977 1.717316 0.144
v -2.696413 1.712682 0.08100002
v -2.9916 1.65 0.081
v -2.9688 1.65 0.144
v -2.9352 1.65 0.189
v -2.8944 1.65 0.216
v -2.85 1.65 0.225
v -2.8056 1.65 0.216
v -2.7648 1.65 0.189
v -2.7312 1.65 0.144
v -2.7084 1.65 0.08100002
v -2.98945 1.516162 0
v -2.981175 1.517843 -0.081
v -2.958713 1.522406 -0.144
v -2.925611 1.529131 -0.189
v -2.885416 1.537296 -0.216
v -2.841675 1.546181 -0.225
v -2.797933 1.555067 -0.216
v -2.757739 1.563232 -0.189
v -2.724637 1.569956 -0.144
v -2.702175 1.574519 -0.08100001
v -2.6939 1.5762 0
v -2.9576 1.3848 0
v -2.949693 1.38779 -0.081
v -2.928231 1.395907 -0.144
v -2.896601 1.407869 -0.189
v -2.858196 1.422394 -0.2160001
v -2.8164 1.4382 -0.225
v -2.774605 1.454007 -0.2160001
v -2.736199 1.468531 -0.189
v -2.70457 1.480493 -0.144
v -2.683108 1.48861 -0.08100002
v -2.6752 1.4916 0
v -2.90415 1.256137 0
v -2.896846 1.260135 -0.08099999
v -2.877022 1.270985 -0.144
v -2.847806 1.286974 -0.189
v -2.812331 1.30639 -0.216
v -2.773725 1.327519 -0.225
v -2.735119 1.348648 -0.216
v -2.699644 1.368063 -0.189
v -2.670429 1.384053 -0.144
v -2.650604 1.394902 -0.08100002
v -2.6433 1.3989 0
v -2.8288 1.1304 0
v -2.822327 1.135171 -0.08100001
v -2.804756 1.148122 -0.144
v -2.778861 1.167207 -0.189
v -2.747418 1.190381 -0.216
v -2.7132 1.2156 -0.225
v -2.678982 1.240819 -0.216
v -2.64754 1.263994 -0.189
v -2.621645 1.283078 -0.144
v -2.604074 1.296029 -0.08100002
v -2.5976 1.3008 0
v -2.73125 1.007812 0
v -2.725825 1.013194 -0.081
v -2.7111 1.0278 -0.144
v -2.6894 1.049325 -0.189
v -2.66305 1.075463 -0.216
v -2.634375 1.103906 -0.225
v -2.6057 1.13235 -0.216
v -2.57935 1.158487 -0.189
v -2.55765 1.180012 -0.144
v -2.542925 1.194619 -0.08100002
v -2.5375 1.2 0
v -2.6112 0.8885999 0
v -2.607033 0.8944966 -0.081
v -2.595725 0.9105023 -0.144
v -2.579059 0.9340895 -0.189
v -2.558823 0.9627312 -0.216
v -2.5368 0.9938999 -0.225
v -2.514777 1.025069 -0.216
v -2.494541 1.05371 -0.189
v -2.477875 1.077298 -0.144
v -2.466566 1.093303 -0.08100002
v -2.4624 1.0992 0
v -2.46835 0.7729874 0
v -2.465644 0.7793746 -0.081
v -2.458299 0.7967113 -0.144
v -2.447474 0.8222598 -0.189
v -2.43433 0.8532832 -0.216
v -2.420025 0.8870437 -0.225
v -2.40572 0.9208043 -0.216
v -2.392576 0.9518276 -0.189
v -2.381752 0.9773762 -0.144
v -2.374406 0.9947129 -0.08100002
v -2.3717 1.0011 0
v -2.3024 0.6612 0
v -2.301347 0.6681216 -0.081
v -2.29849 0.6869088 -0.144
v -2.294278 0.7145951 -0.189
v -2.289165 0.7482144 -0.216
v -2.2836 0.7847999 -0.225
v -2.278035 0.8213856 -0.216
v -2.272922 0.8550047 -0.189
v -2.26871 0.8826912 -0.144
v -2.265853 0.9014784 -0.08100002
v -2.2648 0.9084 0
v -2.11305 0.5534625 0
v -2.113835 0.561032 -0.081
v -2.115967 0.5815777 -0.144
v -2.119109 0.6118554 -0.189
v -2.122924 0.6486213 -0.216
v -2.127075 0.6886313 -0.225
v -2.131226 0.7286413 -0.216
v -2.135041 0.7654071 -0.189
v -2.138183 0.7956849 -0.144
v -2.140315 0.8162307 -0.08100002
v -2.1411 0.8238001 0
v -1.9 0.45 0
v -1.9028 0.4584 -0.081
v -1.9104 0.4812 -0.144
v -1.9216 0.5148001 -0.189
v -1.9352 0.5556 -0.216
v -1.95 0.6 -0.225
v -1.9648 0.6444001 -0.216
v -1.9784 0.6852 -0.189
v -1.9896 0.7188001 -0.144
v -1.9972 0.7416001 -0.08100002
v -2 0.75 0
v -2.981175 1.517843 0.081
v -2.958713 1.522406 0.144
v -2.925611 1.529131 0.189
v -2.885416 1.537296 0.216
v -2.841675 1.546181 0.225
v -2.797933 1.555067 0.216
v -2.757739 1.563232 0.189
v -2.724637 1.569956 0.144
v -2.702175 1.574519 0.08100001
v -2.949693 1.38779 0.081
v -2.928231 1.395907 0.144
v -2.896601 1.407869 0.189
v -2.858196 1.422394 0.2160001
v -2.8164 1.4382 0.225
v -2.774605 1.454007 0.2160001
v -2.736199 1.468531 0.189
v -2.70457 1.480493 0.144
v -2.683108 1.48861 0.08100002
v -2.896846 1.260135 0.08099999
v -2.877022 1.270985 0.144
v -2.847806 1.286974 0.189
v -2.812331 1.30639 0.216
v -2.773725 1.327519 0.225
v -2.735119 1.348648 0.216
v -2.699644 1.368063 0.189
v -2.670429 1.384053 0.144
v -2.650604 1.394902 0.08100002
v -2.822327 1.135171 0.08100001
v -2.804756 1.148122 0.144
v -2.778861 1.167207 0.189
v -2.747418 1.190381 0.216
v -2.7132 1.2156 0.225
v -2.678982 1.240819 0.216
v -2.64754 1.263994 0.189
v -2.621645 1.283078 0.144
v -2.604074 1.296029 0.08100002
v -2.725825 1.013194 0.081
v -2.7111 1.0278 0.144
v -2.6894 1.049325 0.189
v -2.66305 1.075463 0.216
v -2.634375 1.103906 0.225
v -2.6057 1.13235 0.216
v -2.57935 1.158487 0.189
v -2.55765 1.180012 0.144
v -2.542925 1.194619 0.08100002
v -2.607033 0.8944966 0.081
v -2.595725 0.9105023 0.144
v -2.579059 0.9340895 0.189
v -2.558823 0.9627312 0.216
v -2.5368 0.9938999 0.225
v -2.514777 1.025069 0.216
v -2.494541 1.05371 0.189
v -2.477875 1.077298 0.144
v -2.466566 1.093303 0.08100002
v -2.465644 0.7793746 0.081
v -2.458299 0.7967113 0.144
v -2.447474 0.8222598 0.189
v -2.43433 0.8532832 0.216
v -2.420025 0.8870437 0.225
v -2.40572 0.9208043 0.216
v -2.392576 0.9518276 0.189
v -2.381752 0.9773762 0.144
v -2.374406 0.9947129 0.08100002
v -2.301347 0.6681216 0.081
v -2.29849 0.6869088 0.144
v -2.294278 0.7145951 0.189
v -2.289165 0.7482144 0.216
v -2.2836 0.7847999 0.225
v -2.278035 0.8213856 0.216
v -2.272922 0.8550047 0.189
v -2.26871 0.8826912 0.144
v -2.265853 0.9014784 0.08100002
v -2.113835 0.561032 0.081
v -2.115967 0.5815777 0.144
v -2.119109 0.6118554 0.189
v -2.122924 0.6486213 0.216
v -2.127075 0.6886313 0.225
v -2.131226 0.7286413 0.216
v -2.135041 0.7654071 0.189
v -2.138183 0.7956849 0.144
v -2.140315 0.8162307 0.08100002
v -1.9028 0.4584 0.081
v -1.9104 0.4812 0.144
v -1.9216 0.5148001 0.189
v -1.9352 0.5556 0.216
v -1.95 0.6 0.225
v -1.9648 0.6444001 0.216
v -1.9784 0.6852 0.189
v -1.9896 0.7188001 0.144
v -1.9972 0.7416001 0.08100002
v 2.8 2.25 0
v 2.8112 2.25 -0.0405
v 2.8416 2.25 -0.07200001
v 2.8864 2.25 -0.09450001
v 2.940801 2.25 -0.108
v 3 2.25 -0.1125
v 3.0592 2.25 -0.108
v 3.1136 2.25 -0.09450001
v 3.1584 2.25 -0.072
v 3.1888 2.25 -0.04050001
v 3.2 2.25 0
v 2.8242 2.27025 0
v 2.836672 2.270519 -0.041256
v 2.870524 2.27125 -0.07334401
v 2.920412 2.272328 -0.096264
v 2.98099 2.273636 -0.110016
v 3.046912 2.275059 -0.1146
v 3.112835 2.276483 -0.110016
v 3.173413 2.277791 -0.096264
v 3.223301 2.278868 -0.073344
v 3.257153 2.279599 -0.041256
v 3.269625 2.279869 0
v 2.8376 2.286 0
v 2.851332 2.286453 -0.043308
v 2.888602 2.287685 -0.07699201
v 2.943527 2.289499 -0.101052
v 3.010221 2.291703 -0.115488
v 3.0828 2.2941 -0.1203
v 3.15538 2.296498 -0.115488
v 3.222074 2.298701 -0.101052
v 3.276999 2.300515 -0.07699201
v 3.314269 2.301746 -0.04330801
v 3.328 2.3022 0
v 2.8414 2.29725 0
v 2.856323 2.297812 -0.046332
v 2.896829 2.299339 -0.082368
v 2.956523 2.301588 -0.108108
v 3.029008 2.304319 -0.123552
v 3.107888 2.307291 -0.1287
v 3.186768 2.310263 -0.123552
v 3.259253 2.312994 -0.108108
v 3.318946 2.315243 -0.082368
v 3.359452 2.316769 -0.04633201
v 3.374375 2.317331 0
v 2.836801 2.304 0
v 2.852794 2.304605 -0.050004
v 2.896205 2.306247 -0.08889601
v 2.96018 2.308666 -0.116676
v 3.037863 2.311603 -0.133344
v 3.1224 2.3148 -0.1389
v 3.206938 2.317997 -0.133344
v 3.284621 2.320935 -0.116676
v 3.348596 2.323354 -0.08889601
v 3.392007 2.324996 -0.05000401
v 3.408 2.3256 0
v 2.825 2.30625 0
v 2.841887 2.30684 -0.054
v 2.887725 2.308444 -0.09600001
v 2.955275 2.310806 -0.126
v 3.0373 2.313675 -0.144
v 3.126563 2.316797 -0.15
v 3.215825 2.319919 -0.144
v 3.29785 2.322788 -0.126
v 3.3654 2.32515 -0.096
v 3.411237 2.326753 -0.05400001
v 3.428125 2.327344 0
v 2.8072 2.304 0
v 2.824751 2.304529 -0.057996
v 2.872387 2.305965 -0.103104
v 2.942589 2.308083 -0.135324
v 3.027834 2.310653 -0.154656
v 3.1206 2.31345 -0.1611
v 3.213366 2.316247 -0.154656
v 3.298611 2.318818 -0.135324
v 3.368813 2.320934 -0.103104
v 3.41645 2.322371 -0.05799601
v 3.434 2.3229 0
v 2.7846 2.29725 0
v 2.802528 2.29768 -0.061668
v 2.851189 2.298847 -0.109632
v 2.922899 2.300567 -0.143892
v 3.009977 2.302655 -0.164448
v 3.104737 2.304928 -0.1713
v 3.199498 2.307201 -0.164448
v 3.286576 2.309289 -0.143892
v 3.358286 2.311009 -0.109632
v 3.406947 2.312176 -0.06166801
v 3.424875 2.312606 0
v 2.7584 2.286 0
v 2.776365 2.286302 -0.064692
v 2.825127 2.287123 -0.115008
v 2.896986 2.288333 -0.150948
v 2.984243 2.289802 -0.172512
v 3.0792 2.2914 -0.1797
v 3.174157 2.292998 -0.172512
v 3.261415 2.294467 -0.150948
v 3.333274 2.295677 -0.115008
v 3.382035 2.296498 -0.06469201
v 3.4 2.2968 0
v 2.7298 2.27025 0
v 2.747407 2.270406 -0.06674399
v 2.795198 2.270829 -0.118656
v 2.865626 2.271453 -0.155736
v 2.951147 2.27221 -0.177984
v 3.044213 2.273034 -0.1854
v 3.137279 2.273859 -0.177984
v 3.222799 2.274616 -0.155736
v 3.293228 2.275239 -0.118656
v 3.341018 2.275662 -0.06674401
v 3.358625 2.275819 0
v 2.7 2.25 0
v 2.7168 2.25 -0.0675
v 2.7624 2.25 -0.12
v 2.8296 2.25 -0.1575
v 2.9112 2.25 -0.18
v 3 2.25 -0.1875
v 3.0888 2.25 -0.18
v 3.1704 2.25 -0.1575
v 3.2376 2.25 -0.12
v 3.2832 2.25 -0.06750001
v 3.3 2.25 0
v 2.8112 2.25 0.0405
v 2.8416 2.25 0.07200001
v 2.8864 2.25 0.09450001
v 2.940801 2.25 0.108
v 3 2.25 0.1125
v 3.0592 2.25 0.108
v 3.1136 2.25 0.09450001
v 3.1584 2.25 0.072
v 3.1888 2.25 0.04050001
v 2.836672 2.270519 0.041256
v 2.870524 2.27125 0.07334401
v 2.920412 2.272328 0.096264
v 2.98099 2.273636 0.110016
v 3.046912 2.275059 0.1146
v 3.112835 2.276483 0.110016
v 3.173413 2.277791 0.096264
v 3.223301 2.278868 0.073344
v 3.257153 2.279599 0.041256
v 2.851332 2.286453 0.043308
v 2.888602 2.287685 0.07699201
v 2.943527 2.289499 0.101052
v 3.010221 2.291703 0.115488
v 3.0828 2.2941 0.1203
v 3.15538 2.296498 0.115488
v 3.222074 2.298701 0.101052
v 3.276999 2.300515 0.07699201
v 3.314269 2.301746 0.04330801
v 2.856323 2.297812 0.046332
v 2.896829 2.299339 0.082368
v 2.956523 2.301588 0.108108
v 3.029008 2.304319 0.123552
v 3.107888 2.307291 0.1287
v 3.186768 2.310263 0.123552
v 3.259253 2.312994 0.108108
v 3.318946 2.315243 0.082368
v 3.359452 2.316769 0.04633201
v 2.852794 2.304605 0.050004
v 2.896205 2.306247 0.08889601
v 2.96018 2.308666 0.116676
v 3.037863 2.311603 0.133344
v 3.1224 2.3148 0.1389
v 3.206938 2.317997 0.133344
v 3.284621 2.320935 0.116676
v 3.348596 2.323354 0.08889601
v 3.392007 2.324996 0.05000401
v 2.841887 2.30684 0.054
v 2.887725 2.308444 0.09600001
v 2.955275 2.310806 0.126
v 3.0373 2.313675 0.144
v 3.126563 2.316797 0.15
v 3.215825 2.319919 0.144
v 3.29785 2.322788 0.126
v 3.3654 2.32515 0.096
v 3.411237 2.326753 0.05400001
v 2.824751 2.304529 0.057996
v 2.872387 2.305965 0.103104
v 2.942589 2.308083 0.135324
v 3.027834 2.310653 0.154656
v 3.1206 2.31345 0.1611
v 3.213366 2.316247 0.154656
v 3.298611 2.318818 0.135324
v 3.368813 2.320934 0.103104
v 3.41645 2.322371 0.05799601
v 2.802528 2.29768 0.061668
v 2.851189 2.298847 0.109632
v 2.922899 2.300567 0.143892
v 3.009977 2.302655 0.164448
v 3.104737 2.304928 0.1713
v 3.199498 2.307201 0.164448
v 3.286576 2.309289 0.143892
v 3.358286 2.311009 0.109632
v 3.406947 2.312176 0.06166801
v 2.776365 2.286302 0.064692
v 2.825127 2.287123 0.115008
v 2.896986 2.288333 0.150948
v 2.984243 2.289802 0.172512
v 3.0792 2.2914 0.1797
v 3.174157 2.292998 0.172512
v 3.261415 2.294467 0.150948
v 3.333274 2.295677 0.115008
v 3.382035 2.296498 0.06469201
v 2.747407 2.270406 0.06674399
v 2.795198 2.270829 0.118656
v 2.865626 2.271453 0.155736
v 2.951147 2.27221 0.177984
v 3.044213 2.273034 0.1854
v 3.137279 2.273859 0.177984
v 3.222799 2.274616 0.155736
v 3.293228 2.275239 0.118656
v 3.341018 2.275662 0.06674401
v 2.7168 2.25 0.0675
v 2.7624 2.25 0.12
v 2.8296 2.25 0.1575
v 2.9112 2.25 0.18
v 3 2.25 0.1875
v 3.0888 2.25 0.18
v 3.1704 2.25 0.1575
v 3.2376 2.25 0.12
v 3.2832 2.25 0.06750001
v 2.5991 2.1498 0
v 2.612405 2.148813 -0.07059959
v 2.648521 2.146134 -0.1255104
v 2.701743 2.142186 -0.1647324
v 2.76637 2.137392 -0.1882656
v 2.8367 2.132175 -0.19611
v 2.907029 2.126958 -0.1882656
v 2.971657 2.122164 -0.1647324
v 3.024879 2.118216 -0.1255104
v 3.060994 2.115537 -0.07059961
v 3.0743 2.11455 0
v 2.5288 2.0334 0
v 2.539821 2.030796 -0.0790128
v 2.569735 2.023728 -0.1404672
v 2.613818 2.013312 -0.1843632
v 2.667347 2.000664 -0.2107008
v 2.7256 1.9869 -0.21948
v 2.783853 1.973136 -0.2107008
v 2.837383 1.960488 -0.1843632
v 2.881466 1.950072 -0.1404672
v 2.91138 1.943004 -0.07901282
v 2.9224 1.9404 0
v 2.4777 1.9071 0
v 2.487343 1.902375 -0.0914112
v 2.513518 1.88955 -0.1625088
v 2.552091 1.87065 -0.2132928
v 2.598929 1.8477 -0.2437632
v 2.6499 1.822725 -0.25392
v 2.700871 1.79775 -0.2437632
v 2.74771 1.7748 -0.2132928
v 2.786283 1.7559 -0.1625088
v 2.812457 1.743075 -0.09141122
v 2.8221 1.73835 0
v 2.4344 1.7772 0
v 2.443271 1.769976 -0.1064664
v 2.467348 1.750368 -0.1892736
v 2.502829 1.721472 -0.2484216
v 2.545914 1.686384 -0.2839105
v 2.5928 1.6482 -0.29574
v 2.639686 1.610016 -0.2839104
v 2.682771 1.574928 -0.2484216
v 2.718253 1.546032 -0.1892736
v 2.74233 1.526424 -0.1064664
v 2.7512 1.5192 0
v 2.3875 1.65 0
v 2.3959 1.640025 -0.12285
v 2.4187 1.61295 -0.2184
v 2.4523 1.57305 -0.28665
v 2.4931 1.5246 -0.3276001
v 2.5375 1.471875 -0.34125
v 2.5819 1.41915 -0.3276
v 2.6227 1.3707 -0.28665
v 2.6563 1.3308 -0.2184
v 2.6791 1.303725 -0.12285
v 2.6875 1.29375 0
v 2.3256 1.5318 0
v 2.333529 1.518948 -0.1392336
v 2.355053 1.484064 -0.2475264
v 2.386771 1.432656 -0.3248784
v 2.425287 1.370232 -0.3712896
v 2.4672 1.3023 -0.38676
v 2.509114 1.234368 -0.3712896
v 2.547629 1.171944 -0.3248784
v 2.579347 1.120536 -0.2475264
v 2.60087 1.085652 -0.1392336
v 2.6088 1.0728 0
v 2.2373 1.4289 0
v 2.244457 1.413171 -0.1542888
v 2.263883 1.370478 -0.2742912
v 2.29251 1.307562 -0.3600072
v 2.327271 1.231164 -0.4114369
v 2.3651 1.148025 -0.42858
v 2.402929 1.064886 -0.4114368
v 2.43769 0.9884879 -0.3600072
v 2.466318 0.925572 -0.2742912
v 2.485743 0.882879 -0.1542889
v 2.4929 0.8671499 0
v 2.1112 1.3476 0
v 2.116979 1.32912 -0.1666872
v 2.132666 1.27896 -0.2963328
v 2.155782 1.20504 -0.3889368
v 2.183853 1.11528 -0.4444993
v 2.2144 1.0176 -0.46302
v 2.244947 0.9199199 -0.4444992
v 2.273018 0.8301599 -0.3889368
v 2.296134 0.7562399 -0.2963328
v 2.311821 0.70608 -0.1666873
v 2.3176 0.6876 0
v 1.9359 1.2942 0
v 1.939394 1.273221 -0.1751004
v 1.948879 1.216278 -0.3112896
v 1.962857 1.132362 -0.4085676
v 1.97983 1.030464 -0.4669345
v 1.9983 0.9195751 -0.48639
v 2.01677 0.808686 -0.4669344
v 2.033743 0.7067881 -0.4085676
v 2.047721 0.6228721 -0.3112896
v 2.057206 0.5659291 -0.1751004
v 2.0607 0.54495 0
v 1.7 1.275 0
v 1.7 1.2519 -0.1782
v 1.7 1.1892 -0.3168
v 1.7 1.0968 -0.4158
v 1.7 0.9846001 -0.4752001
v 1.7 0.8625 -0.495
v 1.7 0.7404001 -0.4752
v 1.7 0.6281999 -0.4158
v 1.7 0.5358 -0.3168
v 1.7 0.4731 -0.1782001
v 1.7 0.45 0
v 2.612405 2.148813 0.07059959
v 2.648521 2.146134 0.1255104
v 2.701743 2.142186 0.1647324
v 2.76637 2.137392 0.1882656
v 2.8367 2.132175 0.19611
v 2.907029 2.126958 0.1882656
v 2.971657 2.122164 0.1647324
v 3.024879 2.118216 0.1255104
v 3.060994 2.115537 0.07059961
v 2.539821 2.030796 0.0790128
v 2.569735 2.023728 0.1404672
v 2.613818 2.013312 0.1843632
v 2.667347 2.000664 0.2107008
v 2.7256 1.9869 0.21948
v 2.783853 1.973136 0.2107008
v 2.837383 1.960488 0.1843632
v 2.881466 1.950072 0.1404672
v 2.91138 1.943004 0.07901282
v 2.487343 1.902375 0.0914112
v 2.513518 1.88955 0.1625088
v 2.552091 1.87065 0.2132928
v 2.598929 1.8477 0.2437632
v 2.6499 1.822725 0.25392
v 2.700871 1.79775 0.2437632
v 2.74771 1.7748 0.2132928
v 2.786283 1.7559 0.1625088
v 2.812457 1.743075 0.09141122
v 2.443271 1.769976 0.1064664
v 2.467348 1.750368 0.1892736
v 2.502829 1.721472 0.2484216
v 2.545914 1.686384 0.2839105
v 2.5928 1.6482 0.29574
v 2.639686 1.610016 0.2839104
v 2.682771 1.574928 0.2484216
v 2.718253 1.546032 0.1892736
v 2.74233 1.526424 0.1064664
v 2.3959 1.640025 0.12285
v 2.4187 1.61295 0.2184
v 2.4523 1.57305 0.28665
v 2.4931 1.5246 0.3276001
v 2.5375 1.471875 0.34125
v 2.5819 1.41915 0.3276
v 2.6227 1.3707 0.28665
v 2.6563 1.3308 0.2184
v 2.6791 1.303725 0.12285
v 2.333529 1.518948 0.1392336
v 2.355053 1.484064 0.2475264
v 2.386771 1.432656 0.3248784
v 2.425287 1.370232 0.3712896
v 2.4672 1.3023 0.38676
v 2.509114 1.234368 0.3712896
v 2.547629 1.171944 0.3248784
v 2.579347 1.120536 0.2475264
v 2.60087 1.085652 0.1392336
v 2.244457 1.413171 0.1542888
v 2.263883 1.370478 0.2742912
v 2.29251 1.307562 0.3600072
v 2.327271 1.231164 0.4114369
v 2.3651 1.148025 0.42858
v 2.402929 1.064886 0.4114368
v 2.43769 0.9884879 0.3600072
v 2.466318 0.925572 0.2742912
v 2.485743 0.882879 0.1542889
v 2.116979 1.32912 0.1666872
v 2.132666 1.27896 0.2963328
v 2.155782 1.20504 0.3889368
v 2.183853 1.11528 0.4444993
v 2.2144 1.0176 0.46302
v 2.244947 0.9199199 0.4444992
v 2.273018 0.8301599 0.3889368
v 2.296134 0.7562399 0.2963328
v 2.311821 0.70608 0.1666873
v 1.939394 1.273221 0.1751004
v 1.948879 1.216278 0.3112896
v 1.962857 1.132362 0.4085676
v 1.97983 1.030464 0.4669345
v 1.9983 0.9195751 0.48639
v 2.01677 0.808686 0.4669344
v 2.033743 0.7067881 0.4085676
v 2.047721 0.6228721 0.3112896
v 2.057206 0.5659291 0.1751004
v 1.7 1.2519 0.1782
v 1.7 1.1892 0.3168
v 1.7 1.0968 0.4158
v 1.7 0.9846001 0.4752001
v 1.7 0.8625 0.495
v 1.7 0.7404001 0.4752
v 1.7 0.6281999 0.4158
v 1.7 0.5358 0.3168
v 1.7 0.4731 0.1782001
v 0 3 0
v -0.1946 2.99145 0
v -0.1921066 2.99145 -0.03204806
v -0.1848699 2.99145 -0.0622718
v -0.1732547 2.99145 -0.09030633
v -0.1576259 2.99145 -0.1157868
v -0.1383483 2.99145 -0.1383483
v -0.1157868 2.99145 -0.1576259
v -0.09030633 2.99145 -0.1732547
v -0.0622718 2.99145 -0.1848699
v -0.03204807 2.99145 -0.1921067
v 0 2.99145 -0.1946
v -0.3088 2.9676 0
v -0.3048434 2.9676 -0.05085452
v -0.2933596 2.9676 -0.09881447
v -0.2749278 2.9676 -0.1433007
v -0.2501269 2.967601 -0.1837343
v -0.219536 2.9676 -0.219536
v -0.1837343 2.9676 -0.2501269
v -0.1433007 2.9676 -0.2749278
v -0.09881447 2.9676 -0.2933596
v -0.05085455 2.9676 -0.3048434
v 0 2.9676 -0.3088
v -0.3582 2.93115 0
v -0.3536102 2.93115 -0.05898777
v -0.3402887 2.93115 -0.1146188
v -0.3189074 2.93115 -0.1662212
v -0.2901381 2.93115 -0.2131232
v -0.2546528 2.93115 -0.2546528
v -0.2131231 2.93115 -0.2901381
v -0.1662212 2.93115 -0.3189074
v -0.1146188 2.93115 -0.3402887
v -0.0589878 2.93115 -0.3536102
v 0 2.93115 -0.3582
v -0.3584 2.8848 0
v -0.3538072 2.8848 -0.05901622
v -0.340477 2.8848 -0.1146757
v -0.319082 2.8848 -0.1663059
v -0.2902948 2.8848 -0.2132342
v -0.254788 2.8848 -0.254788
v -0.2132342 2.8848 -0.2902948
v -0.1663059 2.8848 -0.319082
v -0.1146757 2.8848 -0.340477
v -0.05901624 2.8848 -0.3538072
v 0 2.8848 -0.3584
v -0.325 2.83125 0
v -0.3208342 2.83125 -0.05350824
v -0.308744 2.83125 -0.103976
v -0.2893398 2.83125 -0.1507928
v -0.263232 2.83125 -0.193348
v -0.2310313 2.83125 -0.2310313
v -0.193348 2.83125 -0.263232
v -0.1507928 2.83125 -0.2893398
v -0.103976 2.83125 -0.308744
v -0.05350826 2.83125 -0.3208342
v 0 2.83125 -0.325
v -0.2736 2.7732 0
v -0.2700915 2.7732 -0.04503224
v -0.2599096 2.7732 -0.08751053
v -0.2435691 2.7732 -0.1269199
v -0.2215849 2.773201 -0.1627454
v -0.194472 2.7732 -0.194472
v -0.1627453 2.7732 -0.2215849
v -0.1269199 2.7732 -0.2435691
v -0.08751053 2.7732 -0.2599096
v -0.04503227 2.7732 -0.2700916
v 0 2.7732 -0.2736
v -0.2198 2.71335 0
v -0.2169792 2.71335 -0.03615664
v -0.2087936 2.71335 -0.07027015
v -0.1956583 2.71335 -0.1019253
v -0.1779886 2.71335 -0.1307069
v -0.1561998 2.71335 -0.1561998
v -0.1307069 2.71335 -0.1779886
v -0.1019253 2.71335 -0.1956583
v -0.07027014 2.71335 -0.2087936
v -0.03615665 2.71335 -0.2169792
v 0 2.71335 -0.2198
v -0.1792 2.6544 0
v -0.176897 2.6544 -0.02944979
v -0.1702154 2.6544 -0.05724569
v -0.1594956 2.6544 -0.08304711
v -0.1450783 2.6544 -0.1065134
v -0.127304 2.6544 -0.127304
v -0.1065134 2.6544 -0.1450783
v -0.08304711 2.6544 -0.1594956
v -0.05724569 2.6544 -0.1702154
v -0.0294498 2.6544 -0.1768971
v 0 2.6544 -0.1792
v -0.1674 2.59905 0
v -0.1652453 2.59905 -0.02748011
v -0.158995 2.59905 -0.05342804
v -0.1489694 2.59905 -0.07752333
v -0.135489 2.59905 -0.09944554
v -0.1188743 2.59905 -0.1188743
v -0.09944553 2.59905 -0.135489
v -0.07752332 2.59905 -0.1489694
v -0.05342803 2.59905 -0.158995
v -0.02748012 2.59905 -0.1652454
v 0 2.59905 -0.1674
v -0.2 2.55 0
v -0.197424 2.549999 -0.032816
v -0.189952 2.55 -0.063808
v -0.177968 2.55 -0.09259201
v -0.161856 2.55 -0.118784
v -0.142 2.55 -0.142
v -0.118784 2.55 -0.161856
v -0.092592 2.55 -0.177968
v -0.06380799 2.55 -0.189952
v -0.03281601 2.55 -0.197424
v 0 2.55 -0.2
v 0.03204806 2.99145 -0.1921066
v 0.0622718 2.99145 -0.1848699
v 0.09030633 2.99145 -0.1732547
v 0.1157868 2.99145 -0.1576259
v 0.1383483 2.99145 -0.1383483
v 0.1576259 2.99145 -0.1157868
v 0.1732547 2.99145 -0.09030633
v 0.1848699 2.99145 -0.0622718
v 0.1921067 2.99145 -0.03204807
v 0.1946 2.99145 0
v 0.05085452 2.9676 -0.3048434
v 0.09881447 2.9676 -0.2933596
v 0.1433007 2.9676 -0.2749278
v 0.1837343 2.967601 -0.2501269
v 0.219536 2.9676 -0.219536
v 0.2501269 2.9676 -0.1837343
v 0.2749278 2.9676 -0.1433007
v 0.2933596 2.9676 -0.09881447
v 0.3048434 2.9676 -0.05085455
v 0.3088 2.9676 0
v 0.05898777 2.93115 -0.3536102
v 0.1146188 2.93115 -0.3402887
v 0.1662212 2.93115 -0.3189074
v 0.2131232 2.93115 -0.2901381
v 0.2546528 2.93115 -0.2546528
v 0.2901381 2.93115 -0.2131231
v 0.3189074 2.93115 -0.1662212
v 0.3402887 2.93115 -0.1146188
v 0.3536102 2.93115 -0.0589878
v 0.3582 2.93115 0
v 0.05901622 2.8848 -0.3538072
v 0.1146757 2.8848 -0.340477
v 0.1663059 2.8848 -0.319082
v 0.2132342 2.8848 -0.2902948
v 0.254788 2.8848 -0.254788
v 0.2902948 2.8848 -0.2132342
v 0.319082 2.8848 -0.1663059
v 0.340477 2.8848 -0.1146757
v 0.3538072 2.8848 -0.05901624
v 0.3584 2.8848 0
v 0.05350824 2.83125 -0.3208342
v 0.103976 2.83125 -0.308744
v 0.1507928 2.83125 -0.2893398
v 0.193348 2.83125 -0.263232
v 0.2310313 2.83125 -0.2310313
v 0.263232 2.83125 -0.193348
v 0.2893398 2.83125 -0.1507928
v 0.308744 2.83125 -0.103976
v 0.3208342 2.83125 -0.05350826
v 0.325 2.83125 0
v 0.04503224 2.7732 -0.2700915
v 0.08751053 2.7732 -0.2599096
v 0.1269199 2.7732 -0.2435691
v 0.1627454 2.773201 -0.2215849
v 0.194472 2.7732 -0.194472
v 0.2215849 2.7732 -0.1627453
v 0.2435691 2.7732 -0.1269199
v 0.2599096 2.7732 -0.08751053
v 0.2700916 2.7732 -0.04503227
v 0.2736 2.7732 0
v 0.03615664 2.71335 -0.2169792
v 0.07027015 2.71335 -0.2087936
v 0.1019253 2.71335 -0.1956583
v 0.1307069 2.71335 -0.1779886
v 0.1561998 2.71335 -0.1561998
v 0.1779886 2.71335 -0.1307069
v 0.1956583 2.71335 -0.1019253
v 0.2087936 2.71335 -0.07027014
v 0.2169792 2.71335 -0.03615665
v 0.2198 2.71335 0
v 0.02944979 2.6544 -0.176897
v 0.05724569 2.6544 -0.1702154
v 0.08304711 2.6544 -0.1594956
v 0.1065134 2.6544 -0.1450783
v 0.127304 2.6544 -0.127304
v 0.1450783 2.6544 -0.1065134
v 0.1594956 2.6544 -0.08304711
v 0.1702154 2.6544 -0.05724569
v 0.1768971 2.6544 -0.0294498
v 0.1792 2.6544 0
v 0.02748011 2.59905 -0.1652453
v 0.05342804 2.59905 -0.158995
v 0.07752333 2.59905 -0.1489694
v 0.09944554 2.59905 -0.135489
v 0.1188743 2.59905 -0.1188743
v 0.135489 2.59905 -0.09944553
v 0.1489694 2.59905 -0.07752332
v 0.158995 2.59905 -0.05342803
v 0.1652454 2.59905 -0.02748012
v 0.1674 2.59905 0
v 0.032816 2.549999 -0.197424
v 0.063808 2.55 -0.189952
v 0.09259201 2.55 -0.177968
v 0.118784 2.55 -0.161856
v 0.142 2.55 -0.142
v 0.161856 2.55 -0.118784
v 0.177968 2.55 -0.092592
v 0.189952 2.55 -0.06380799
v 0.197424 2.55 -0.03281601
v 0.2 2.55 0
v 0 2.99145 0.1946
v 0.03204806 2.99145 0.1921066
v 0.0622718 2.99145 0.1848699
v 0.09030633 2.99145 0.1732547
v 0.1157868 2.99145 0.1576259
v 0.1383483 2.99145 0.1383483
v 0.1576259 2.99145 0.1157868
v 0.1732547 2.99145 0.09030633
v 0.1848699 2.99145 0.0622718
v 0.1921067 2.99145 0.03204807
v 0 2.9676 0.3088
v 0.05085452 2.9676 0.3048434
v 0.09881447 2.9676 0.2933596
v 0.1433007 2.9676 0.2749278
v 0.1837343 2.967601 0.2501269
v 0.219536 2.9676 0.219536
v 0.2501269 2.9676 0.1837343
v 0.2749278 2.9676 0.1433007
v 0.2933596 2.9676 0.09881447
v 0.3048434 2.9676 0.05085455
v 0 2.93115 0.3582
v 0.05898777 2.93115 0.3536102
v 0.1146188 2.93115 0.3402887
v 0.1662212 2.93115 0.3189074
v 0.2131232 2.93115 0.2901381
v 0.2546528 2.93115 0.2546528
v 0.2901381 2.93115 0.2131231
v 0.3189074 2.93115 0.1662212
v 0.3402887 2.93115 0.1146188
v 0.3536102 2.93115 0.0589878
v 0 2.8848 0.3584
v 0.05901622 2.8848 0.3538072
v 0.1146757 2.8848 0.340477
v 0.1663059 2.8848 0.319082
v 0.2132342 2.8848 0.2902948
v 0.254788 2.8848 0.254788
v 0.2902948 2.8848 0.2132342
v 0.319082 2.8848 0.1663059
v 0.340477 2.8848 0.1146757
v 0.3538072 2.8848 0.05901624
v 0 2.83125 0.325
v 0.05350824 2.83125 0.3208342
v 0.103976 2.83125 0.308744
v 0.1507928 2.83125 0.2893398
v 0.193348 2.83125 0.263232
v 0.2310313 2.83125 0.2310313
v 0.263232 2.83125 0.193348
v 0.2893398 2.83125 0.1507928
v 0.308744 2.83125 0.103976
v 0.3208342 2.83125 0.05350826
v 0 2.7732 0.2736
v 0.04503224 2.7732 0.2700915
v 0.08751053 2.7732 0.2599096
v 0.1269199 2.7732 0.2435691
v 0.1627454 2.773201 0.2215849
v 0.194472 2.7732 0.194472
v 0.2215849 2.7732 0.1627453
v 0.2435691 2.7732 0.1269199
v 0.2599096 2.7732 0.08751053
v 0.2700916 2.7732 0.04503227
v 0 2.71335 0.2198
v 0.03615664 2.71335 0.2169792
v 0.07027015 2.71335 0.2087936
v 0.1019253 2.71335 0.1956583
v 0.1307069 2.71335 0.1779886
v 0.1561998 2.71335 0.1561998
v 0.1779886 2.71335 0.1307069
v 0.1956583 2.71335 0.1019253
v 0.2087936 2.71335 0.07027014
v 0.2169792 2.71335 0.03615665
v 0 2.6544 0.1792
v 0.02944979 2.6544 0.176897
v 0.05724569 2.6544 0.1702154
v 0.08304711 2.6544 0.1594956
v 0.1065134 2.6544 0.1450783
v 0.127304 2.6544 0.127304
v 0.1450783 2.6544 0.1065134
v 0.1594956 2.6544 0.08304711
v 0.1702154 2.6544 0.05724569
v 0.1768971 2.6544 0.0294498
v 0 2.59905 0.1674
v 0.02748011 2.59905 0.1652453
v 0.05342804 2.59905 0.158995
v 0.07752333 2.59905 0.1489694
v 0.09944554 2.59905 0.135489
v 0.1188743 2.59905 0.1188743
v 0.135489 2.59905 0.09944553
v 0.1489694 2.59905 0.07752332
v 0.158995 2.59905 0.05342803
v 0.1652454 2.59905 0.02748012
v 0 2.55 0.2
v 0.032816 2.549999 0.197424
v 0.063808 2.55 0.189952
v 0.09259201 2.55 0.177968
v 0.118784 2.55 0.161856
v 0.142 2.55 0.142
v 0.161856 2.55 0.118784
v 0.177968 2.55 0.092592
v 0.189952 2.55 0.06380799
v 0.197424 2.55 0.03281601
v -0.1921066 2.99145 0.03204806
v -0.1848699 2.99145 0.0622718
v -0.1732547 2.99145 0.09030633
v -0.1576259 2.99145 0.1157868
v -0.1383483 2.99145 0.1383483
v -0.1157868 2.99145 0.1576259
v -0.09030633 2.99145 0.1732547
v -0.0622718 2.99145 0.1848699
v -0.03204807 2.99145 0.1921067
v -0.3048434 2.9676 0.05085452
v -0.2933596 2.9676 0.09881447
v -0.2749278 2.9676 0.1433007
v -0.2501269 2.967601 0.1837343
v -0.219536 2.9676 0.219536
v -0.1837343 2.9676 0.2501269
v -0.1433007 2.9676 0.2749278
v -0.09881447 2.9676 0.2933596
v -0.05085455 2.9676 0.3048434
v -0.3536102 2.93115 0.05898777
v -0.3402887 2.93115 0.1146188
v -0.3189074 2.93115 0.1662212
v -0.2901381 2.93115 0.2131232
v -0.2546528 2.93115 0.2546528
v -0.2131231 2.93115 0.2901381
v -0.1662212 2.93115 0.3189074
v -0.1146188 2.93115 0.3402887
v -0.0589878 2.93115 0.3536102
v -0.3538072 2.8848 0.05901622
v -0.340477 2.8848 0.1146757
v -0.319082 2.8848 0.1663059
v -0.2902948 2.8848 0.2132342
v -0.254788 2.8848 0.254788
v -0.2132342 2.8848 0.2902948
v -0.1663059 2.8848 0.319082
v -0.1146757 2.8848 0.340477
v -0.05901624 2.8848 0.3538072
v -0.3208342 2.83125 0.05350824
v -0.308744 2.83125 0.103976
v -0.2893398 2.83125 0.1507928
v -0.263232 2.83125 0.193348
v -0.2310313 2.83125 0.2310313
v -0.193348 2.83125 0.263232
v -0.1507928 2.83125 0.2893398
v -0.103976 2.83125 0.308744
v -0.05350826 2.83125 0.3208342
v -0.2700915 2.7732 0.04503224
v -0.2599096 2.7732 0.08751053
v -0.2435691 2.7732 0.1269199
v -0.2215849 2.773201 0.1627454
v -0.194472 2.7732 0.194472
v -0.1627453 2.7732 0.2215849
v -0.1269199 2.7732 0.2435691
v -0.08751053 2.7732 0.2599096
v -0.04503227 2.7732 0.2700916
v -0.2169792 2.71335 0.03615664
v -0.2087936 2.71335 0.07027015
v -0.1956583 2.71335 0.1019253
v -0.1779886 2.71335 0.1307069
v -0.1561998 2.71335 0.1561998
v -0.1307069 2.71335 0.1779886
v -0.1019253 2.71335 0.1956583
v -0.07027014 2.71335 0.2087936
v -0.03615665 2.71335 0.2169792
v -0.176897 2.6544 0.02944979
v -0.1702154 2.6544 0.05724569
v -0.1594956 2.6544 0.08304711
v -0.1450783 2.6544 0.1065134
v -0.127304 2.6544 0.127304
v -0.1065134 2.6544 0.1450783
v -0.08304711 2.6544 0.1594956
v -0.05724569 2.6544 0.1702154
v -0.0294498 2.6544 0.1768971
v -0.1652453 2.59905 0.02748011
v -0.158995 2.59905 0.05342804
v -0.1489694 2.59905 0.07752333
v -0.135489 2.59905 0.09944554
v -0.1188743 2.59905 0.1188743
v -0.09944553 2.59905 0.135489
v -0.07752332 2.59905 0.1489694
v -0.05342803 2.59905 0.158995
v -0.02748012 2.59905 0.1652454
v -0.197424 2.549999 0.032816
v -0.189952 2.55 0.063808
v -0.177968 2.55 0.09259201
v -0.161856 2.55 0.118784
v -0.142 2.55 0.142
v -0.118784 2.55 0.161856
v -0.092592 2.55 0.177968
v -0.06380799 2.55 0.189952
v -0.03281601 2.55 0.197424
v -0.2794 2.5092 0
v -0.2758013 2.509199 -0.04584395
v -0.2653629 2.5092 -0.08913977
v -0.2486213 2.5092 -0.129351
v -0.2261128 2.5092 -0.1659413
v -0.198374 2.5092 -0.198374
v -0.1659412 2.5092 -0.2261128
v -0.129351 2.5092 -0.2486213
v -0.08913976 2.5092 -0.2653629
v -0.04584396 2.5092 -0.2758013
v 0 2.5092 -0.2794
v -0.3912 2.4756 0
v -0.3861613 2.4756 -0.06418809
v -0.3715461 2.4756 -0.1248085
v -0.3481054 2.4756 -0.18111
v -0.3165904 2.4756 -0.2323415
v -0.277752 2.4756 -0.277752
v -0.2323415 2.4756 -0.3165904
v -0.18111 2.4756 -0.3481054
v -0.1248085 2.4756 -0.3715461
v -0.06418812 2.4756 -0.3861614
v 0 2.4756 -0.3912
v -0.5258 2.4474 0
v -0.5190277 2.4474 -0.08627327
v -0.4993838 2.4474 -0.1677513
v -0.4678779 2.4474 -0.2434244
v -0.4255194 2.4474 -0.3122832
v -0.373318 2.4474 -0.373318
v -0.3122832 2.4474 -0.4255194
v -0.2434244 2.4474 -0.4678779
v -0.1677512 2.4474 -0.4993838
v -0.08627329 2.4474 -0.5190277
v 0 2.4474 -0.5258
v -0.6736 2.4228 0
v -0.6649241 2.4228 -0.1105243
v -0.6397583 2.4228 -0.2149054
v -0.5993962 2.4228 -0.3118499
v -0.5451311 2.422801 -0.4000646
v -0.478256 2.4228 -0.478256
v -0.4000645 2.4228 -0.5451311
v -0.3118499 2.422801 -0.5993962
v -0.2149053 2.4228 -0.6397583
v -0.1105243 2.4228 -0.6649241
v 0 2.4228 -0.6736
v -0.825 2.4 0
v -0.8143739 2.4 -0.135366
v -0.783552 2.4 -0.263208
v -0.734118 2.4 -0.381942
v -0.6676561 2.4 -0.489984
v -0.58575 2.4 -0.58575
v -0.4899839 2.4 -0.667656
v -0.381942 2.4 -0.734118
v -0.263208 2.4 -0.783552
v -0.135366 2.4 -0.814374
v 0 2.4 -0.825
v -0.9704 2.3772 0
v -0.9579012 2.3772 -0.1592232
v -0.9216471 2.3772 -0.3095964
v -0.8635007 2.3772 -0.4492564
v -0.7853253 2.377201 -0.57634
v -0.688984 2.3772 -0.688984
v -0.5763399 2.3772 -0.7853253
v -0.4492564 2.3772 -0.8635007
v -0.3095964 2.3772 -0.9216471
v -0.1592233 2.3772 -0.9579012
v 0 2.3772 -0.9704
v -1.1002 2.3526 0
v -1.086029 2.3526 -0.1805208
v -1.044926 2.3526 -0.3510078
v -0.9790018 2.3526 -0.5093486
v -0.8903699 2.3526 -0.6534308
v -0.781142 2.3526 -0.781142
v -0.6534307 2.3526 -0.8903698
v -0.5093486 2.3526 -0.9790018
v -0.3510078 2.3526 -1.044926
v -0.1805208 2.3526 -1.08603
v 0 2.3526 -1.1002
v -1.2048 2.3244 0
v -1.189282 2.3244 -0.1976836
v -1.144271 2.3244 -0.3843794
v -1.072079 2.3244 -0.5577742
v -0.9750206 2.3244 -0.7155548
v -0.855408 2.3244 -0.855408
v -0.7155547 2.3244 -0.9750205
v -0.5577742 2.3244 -1.072079
v -0.3843794 2.3244 -1.144271
v -0.1976836 2.3244 -1.189282
v 0 2.3244 -1.2048
v -1.2746 2.2908 0
v -1.258183 2.2908 -0.2091364
v -1.210564 2.2908 -0.4066484
v -1.13419 2.2908 -0.5900888
v -1.031508 2.2908 -0.7570105
v -0.904966 2.2908 -0.904966
v -0.7570103 2.2908 -1.031508
v -0.5900888 2.2908 -1.13419
v -0.4066483 2.2908 -1.210564
v -0.2091364 2.2908 -1.258183
v 0 2.2908 -1.2746
v -1.3 2.25 0
v -1.283256 2.25 -0.213304
v -1.234688 2.25 -0.414752
v -1.156792 2.25 -0.601848
v -1.052064 2.25 -0.772096
v -0.923 2.25 -0.923
v -0.7720959 2.25 -1.052064
v -0.601848 2.25 -1.156792
v -0.4147519 2.25 -1.234688
v -0.213304 2.25 -1.283256
v 0 2.25 -1.3
v 0.04584395 2.509199 -0.2758013
v 0.08913977 2.5092 -0.2653629
v 0.129351 2.5092 -0.2486213
v 0.1659413 2.5092 -0.2261128
v 0.198374 2.5092 -0.198374
v 0.2261128 2.5092 -0.1659412
v 0.2486213 2.5092 -0.129351
v 0.2653629 2.5092 -0.08913976
v 0.2758013 2.5092 -0.04584396
v 0.2794 2.5092 0
v 0.06418809 2.4756 -0.3861613
v 0.1248085 2.4756 -0.3715461
v 0.18111 2.4756 -0.3481054
v 0.2323415 2.4756 -0.3165904
v 0.277752 2.4756 -0.277752
v 0.3165904 2.4756 -0.2323415
v 0.3481054 2.4756 -0.18111
v 0.3715461 2.4756 -0.1248085
v 0.3861614 2.4756 -0.06418812
v 0.3912 2.4756 0
v 0.08627327 2.4474 -0.5190277
v 0.1677513 2.4474 -0.4993838
v 0.2434244 2.4474 -0.4678779
v 0.3122832 2.4474 -0.4255194
v 0.373318 2.4474 -0.373318
v 0.4255194 2.4474 -0.3122832
v 0.4678779 2.4474 -0.2434244
v 0.4993838 2.4474 -0.1677512
v 0.5190277 2.4474 -0.08627329
v 0.5258 2.4474 0
v 0.1105243 2.4228 -0.6649241
v 0.2149054 2.4228 -0.6397583
v 0.3118499 2.4228 -0.5993962
v 0.4000646 2.422801 -0.5451311
v 0.478256 2.4228 -0.478256
v 0.5451311 2.4228 -0.4000645
v 0.5993962 2.422801 -0.3118499
v 0.6397583 2.4228 -0.2149053
v 0.6649241 2.4228 -0.1105243
v 0.6736 2.4228 0
v 0.135366 2.4 -0.8143739
v 0.263208 2.4 -0.783552
v 0.381942 2.4 -0.734118
v 0.489984 2.4 -0.6676561
v 0.58575 2.4 -0.58575
v 0.667656 2.4 -0.4899839
v 0.734118 2.4 -0.381942
v 0.783552 2.4 -0.263208
v 0.814374 2.4 -0.135366
v 0.825 2.4 0
v 0.1592232 2.3772 -0.9579012
v 0.3095964 2.3772 -0.9216471
v 0.4492564 2.3772 -0.8635007
v 0.57634 2.377201 -0.7853253
v 0.688984 2.3772 -0.688984
v 0.7853253 2.3772 -0.5763399
v 0.8635007 2.3772 -0.4492564
v 0.9216471 2.3772 -0.3095964
v 0.9579012 2.3772 -0.1592233
v 0.9704 2.3772 0
v 0.1805208 2.3526 -1.086029
v 0.3510078 2.3526 -1.044926
v 0.5093486 2.3526 -0.9790018
v 0.6534308 2.3526 -0.8903699
v 0.781142 2.3526 -0.781142
v 0.8903698 2.3526 -0.6534307
v 0.9790018 2.3526 -0.5093486
v 1.044926 2.3526 -0.3510078
v 1.08603 2.3526 -0.1805208
v 1.1002 2.3526 0
v 0.1976836 2.3244 -1.189282
v 0.3843794 2.3244 -1.144271
v 0.5577742 2.3244 -1.072079
v 0.7155548 2.3244 -0.9750206
v 0.855408 2.3244 -0.855408
v 0.9750205 2.3244 -0.7155547
v 1.072079 2.3244 -0.5577742
v 1.144271 2.3244 -0.3843794
v 1.189282 2.3244 -0.1976836
v 1.2048 2.3244 0
v 0.2091364 2.2908 -1.258183
v 0.4066484 2.2908 -1.210564
v 0.5900888 2.2908 -1.13419
v 0.7570105 2.2908 -1.031508
v 0.904966 2.2908 -0.904966
v 1.031508 2.2908 -0.7570103
v 1.13419 2.2908 -0.5900888
v 1.210564 2.2908 -0.4066483
v 1.258183 2.2908 -0.2091364
v 1.2746 2.2908 0
v 0.213304 2.25 -1.283256
v 0.414752 2.25 -1.234688
v 0.601848 2.25 -1.156792
v 0.772096 2.25 -1.052064
v 0.923 2.25 -0.923
v 1.052064 2.25 -0.7720959
v 1.156792 2.25 -0.601848
v 1.234688 2.25 -0.4147519
v 1.283256 2.25 -0.213304
v 1.3 2.25 0
v 0 2.5092 0.2794
v 0.04584395 2.509199 0.2758013
v 0.08913977 2.5092 0.2653629
v 0.129351 2.5092 0.2486213
v 0.1659413 2.5092 0.2261128
v 0.198374 2.5092 0.198374
v 0.2261128 2.5092 0.1659412
v 0.2486213 2.5092 0.129351
v 0.2653629 2.5092 0.08913976
v 0.2758013 2.5092 0.04584396
v 0 2.4756 0.3912
v 0.06418809 2.4756 0.3861613
v 0.1248085 2.4756 0.3715461
v 0.18111 2.4756 0.3481054
v 0.2323415 2.4756 0.3165904
v 0.277752 2.4756 0.277752
v 0.3165904 2.4756 0.2323415
v 0.3481054 2.4756 0.18111
v 0.3715461 2.4756 0.1248085
v 0.3861614 2.4756 0.06418812
v 0 2.4474 0.5258
v 0.08627327 2.4474 0.5190277
v 0.1677513 2.4474 0.4993838
v 0.2434244 2.4474 0.4678779
v 0.3122832 2.4474 0.4255194
v 0.373318 2.4474 0.373318
v 0.4255194 2.4474 0.3122832
v 0.4678779 2.4474 0.2434244
v 0.4993838 2.4474 0.1677512
v 0.5190277 2.4474 0.08627329
v 0 2.4228 0.6736
v 0.1105243 2.4228 0.6649241
v 0.2149054 2.4228 0.6397583
v 0.3118499 2.4228 0.5993962
v 0.4000646 2.422801 0.5451311
v 0.478256 2.4228 0.478256
v 0.5451311 2.4228 0.4000645
v 0.5993962 2.422801 0.3118499
v 0.6397583 2.4228 0.2149053
v 0.6649241 2.4228 0.1105243
v 0 2.4 0.825
v 0.135366 2.4 0.8143739
v 0.263208 2.4 0.783552
v 0.381942 2.4 0.734118
v 0.489984 2.4 0.6676561
v 0.58575 2.4 0.58575
v 0.667656 2.4 0.4899839
v 0.734118 2.4 0.381942
v 0.783552 2.4 0.263208
v 0.814374 2.4 0.135366
v 0 2.3772 0.9704
v 0.1592232 2.3772 0.9579012
v 0.3095964 2.3772 0.9216471
v 0.4492564 2.3772 0.8635007
v 0.57634 2.377201 0.7853253
v 0.688984 2.3772 0.688984
v 0.7853253 2.3772 0.5763399
v 0.8635007 2.3772 0.4492564
v 0.9216471 2.3772 0.3095964
v 0.9579012 2.3772 0.1592233
v 0 2.3526 1.1002
v 0.1805208 2.3526 1.086029
v 0.3510078 2.3526 1.044926
v 0.5093486 2.3526 0.9790018
v 0.6534308 2.3526 0.8903699
v 0.781142 2.3526 0.781142
v 0.8903698 2.3526 0.6534307
v 0.9790018 2.3526 0.5093486
v 1.044926 2.3526 0.3510078
v 1.08603 2.3526 0.1805208
v 0 2.3244 1.2048
v 0.1976836 2.3244 1.189282
v 0.3843794 2.3244 1.144271
v 0.5577742 2.3244 1.072079
v 0.7155548 2.3244 0.9750206
v 0.855408 2.3244 0.855408
v 0.9750205 2.3244 0.7155547
v 1.072079 2.3244 0.5577742
v 1.144271 2.3244 0.3843794
v 1.189282 2.3244 0.1976836
v 0 2.2908 1.2746
v 0.2091364 2.2908 1.258183
v 0.4066484 2.2908 1.210564
v 0.5900888 2.2908 1.13419
v 0.7570105 2.2908 1.031508
v 0.904966 2.2908 0.904966
v 1.031508 2.2908 0.7570103
v 1.13419 2.2908 0.5900888
v 1.210564 2.2908 0.4066483
v 1.258183 2.2908 0.2091364
v 0 2.25 1.3
v 0.213304 2.25 1.283256
v 0.414752 2.25 1.234688
v 0.601848 2.25 1.156792
v 0.772096 2.25 1.052064
v 0.923 2.25 0.923
v 1.052064 2.25 0.7720959
v 1.156792 2.25 0.601848
v 1.234688 2.25 0.4147519
v 1.283256 2.25 0.213304
v -0.2758013 2.509199 0.04584395
v -0.2653629 2.5092 0.08913977
v -0.2486213 2.5092 0.129351
v -0.2261128 2.5092 0.1659413
v -0.198374 2.5092 0.198374
v -0.1659412 2.5092 0.2261128
v -0.129351 2.5092 0.2486213
v -0.08913976 2.5092 0.2653629
v -0.04584396 2.5092 0.2758013
v -0.3861613 2.4756 0.06418809
v -0.3715461 2.4756 0.1248085
v -0.3481054 2.4756 0.18111
v -0.3165904 2.4756 0.2323415
v -0.277752 2.4756 0.277752
v -0.2323415 2.4756 0.3165904
v -0.18111 2.4756 0.3481054
v -0.1248085 2.4756 0.3715461
v -0.06418812 2.4756 0.3861614
v -0.5190277 2.4474 0.08627327
v -0.4993838 2.4474 0.1677513
v -0.4678779 2.4474 0.2434244
v -0.4255194 2.4474 0.3122832
v -0.373318 2.4474 0.373318
v -0.3122832 2.4474 0.4255194
v -0.2434244 2.4474 0.4678779
v -0.1677512 2.4474 0.4993838
v -0.08627329 2.4474 0.5190277
v -0.6649241 2.4228 0.1105243
v -0.6397583 2.4228 0.2149054
v -0.5993962 2.4228 0.3118499
v -0.5451311 2.422801 0.4000646
v -0.478256 2.4228 0.478256
v -0.4000645 2.4228 0.5451311
v -0.3118499 2.422801 0.5993962
v -0.2149053 2.4228 0.6397583
v -0.1105243 2.4228 0.6649241
v -0.8143739 2.4 0.135366
v -0.783552 2.4 0.263208
v -0.734118 2.4 0.381942
v -0.6676561 2.4 0.489984
v -0.58575 2.4 0.58575
v -0.4899839 2.4 0.667656
v -0.381942 2.4 0.734118
v -0.263208 2.4 0.783552
v -0.135366 2.4 0.814374
v -0.9579012 2.3772 0.1592232
v -0.9216471 2.3772 0.3095964
v -0.8635007 2.3772 0.4492564
v -0.7853253 2.377201 0.57634
v -0.688984 2.3772 0.688984
v -0.5763399 2.3772 0.7853253
v -0.4492564 2.3772 0.8635007
v -0.3095964 2.3772 0.9216471
v -0.1592233 2.3772 0.9579012
v -1.086029 2.3526 0.1805208
v -1.044926 2.3526 0.3510078
v -0.9790018 2.3526 0.5093486
v -0.8903699 2.3526 0.6534308
v -0.781142 2.3526 0.781142
v -0.6534307 2.3526 0.8903698
v -0.5093486 2.3526 0.9790018
v -0.3510078 2.3526 1.044926
v -0.1805208 2.3526 1.08603
v -1.189282 2.3244 0.1976836
v -1.144271 2.3244 0.3843794
v -1.072079 2.3244 0.5577742
v -0.9750206 2.3244 0.7155548
v -0.855408 2.3244 0.855408
v -0.7155547 2.3244 0.9750205
v -0.5577742 2.3244 1.072079
v -0.3843794 2.3244 1.144271
v -0.1976836 2.3244 1.189282
v -1.258183 2.2908 0.2091364
v -1.210564 2.2908 0.4066484
v -1.13419 2.2908 0.5900888
v -1.031508 2.2908 0.7570105
v -0.904966 2.2908 0.904966
v -0.7570103 2.2908 1.031508
v -0.5900888 2.2908 1.13419
v -0.4066483 2.2908 1.210564
v -0.2091364 2.2908 1.258183
v -1.283256 2.25 0.213304
v -1.234688 2.25 0.414752
v -1.156792 2.25 0.601848
v -1.052064 2.25 0.772096
v -0.923 2.25 0.923
v -0.7720959 2.25 1.052064
v -0.601848 2.25 1.156792
v -0.4147519 2.25 1.234688
v -0.213304 2.25 1.283256
v -1.4 2.25 0
v -1.381968 2.25 -0.229712
v -1.329664 2.25 -0.446656
v -1.245776 2.25 -0.6481441
v -1.132992 2.25 -0.8314881
v -0.994 2.25 -0.994
v -0.8314879 2.25 -1.132992
v -0.648144 2.25 -1.245776
v -0.4466559 2.25 -1.329664
v -0.229712 2.25 -1.381968
v 0 2.25 -1.4
v -1.385925 2.285437 0
v -1.368074 2.285437 -0.2274026
v -1.316296 2.285437 -0.4421656
v -1.233251 2.285438 -0.6416278
v -1.121601 2.285438 -0.8231285
v -0.9840066 2.285438 -0.9840067
v -0.8231283 2.285437 -1.121601
v -0.6416278 2.285437 -1.233251
v -0.4421654 2.285437 -1.316296
v -0.2274026 2.285437 -1.368074
v 0 2.285437 -1.385925
v -1.3804 2.313 0
v -1.362621 2.313 -0.226496
v -1.311049 2.313 -0.4404029
v -1.228335 2.313 -0.63907
v -1.11713 2.313 -0.8198473
v -0.9800841 2.313 -0.9800841
v -0.8198472 2.313 -1.11713
v -0.63907 2.313 -1.228335
v -0.4404027 2.313 -1.311049
v -0.2264961 2.313 -1.362621
v 0 2.313 -1.3804
v -1.382225 2.332688 0
v -1.364422 2.332687 -0.2267955
v -1.312782 2.332688 -0.4409851
v -1.229959 2.332688 -0.6399149
v -1.118607 2.332688 -0.820931
v -0.9813798 2.332688 -0.9813798
v -0.820931 2.332688 -1.118607
v -0.6399149 2.332688 -1.229959
v -0.4409851 2.332688 -1.312782
v -0.2267956 2.332687 -1.364422
v 0 2.332688 -1.382225
v -1.3902 2.3445 0
v -1.372294 2.3445 -0.228104
v -1.320357 2.3445 -0.4435295
v -1.237056 2.344501 -0.643607
v -1.125061 2.344501 -0.8256677
v -0.9870421 2.344501 -0.9870421
v -0.8256676 2.3445 -1.125061
v -0.6436071 2.344501 -1.237056
v -0.4435294 2.3445 -1.320356
v -0.2281041 2.3445 -1.372294
v 0 2.3445 -1.3902
v -1.403125 2.348438 0
v -1.385053 2.348438 -0.2302247
v -1.332632 2.348438 -0.447653
v -1.248557 2.348438 -0.6495907
v -1.135521 2.348438 -0.833344
v -0.9962187 2.348438 -0.9962187
v -0.833344 2.348438 -1.135521
v -0.6495908 2.348438 -1.248557
v -0.447653 2.348438 -1.332632
v -0.2302248 2.348438 -1.385053
v 0 2.348438 -1.403125
v -1.4198 2.3445 0
v -1.401513 2.3445 -0.2329608
v -1.348469 2.3445 -0.452973
v -1.263395 2.3445 -0.6573107
v -1.149016 2.344501 -0.8432477
v -1.008058 2.3445 -1.008058
v -0.8432475 2.3445 -1.149016
v -0.6573107 2.3445 -1.263395
v -0.452973 2.3445 -1.348469
v -0.2329608 2.3445 -1.401513
v 0 2.3445 -1.4198
v -1.439025 2.332688 0
v -1.42049 2.332688 -0.2361152
v -1.366728 2.332688 -0.4591066
v -1.280502 2.332688 -0.666211
v -1.164574 2.332688 -0.8546658
v -1.021708 2.332688 -1.021708
v -0.8546657 2.332688 -1.164574
v -0.6662111 2.332688 -1.280502
v -0.4591065 2.332688 -1.366728
v -0.2361153 2.332688 -1.42049
v 0 2.332688 -1.439025
v -1.4596 2.313 0
v -1.4408 2.313 -0.2394912
v -1.38627 2.313 -0.4656708
v -1.29881 2.313 -0.6757364
v -1.181225 2.313 -0.8668857
v -1.036316 2.313 -1.036316
v -0.8668855 2.313 -1.181225
v -0.6757364 2.313 -1.29881
v -0.4656708 2.313 -1.38627
v -0.2394912 2.313 -1.4408
v 0 2.313 -1.4596
v -1.480325 2.285438 0
v -1.461258 2.285437 -0.2428917
v -1.405954 2.285438 -0.4722829
v -1.317252 2.285438 -0.6853312
v -1.197998 2.285438 -0.8791947
v -1.051031 2.285438 -1.051031
v -0.8791945 2.285438 -1.197998
v -0.6853312 2.285438 -1.317252
v -0.4722829 2.285438 -1.405953
v -0.2428918 2.285437 -1.461258
v 0 2.285438 -1.480325
v -1.5 2.25 0
v -1.48068 2.25 -0.24612
v -1.42464 2.25 -0.47856
v -1.33476 2.25 -0.69444
v -1.21392 2.25 -0.8908801
v -1.065 2.25 -1.065
v -0.8908799 2.25 -1.21392
v -0.69444 2.25 -1.33476
v -0.47856 2.25 -1.42464
v -0.2461201 2.25 -1.48068
v 0 2.25 -1.5
v 0.229712 2.25 -1.381968
v 0.446656 2.25 -1.329664
v 0.6481441 2.25 -1.245776
v 0.8314881 2.25 -1.132992
v 0.994 2.25 -0.994
v 1.132992 2.25 -0.8314879
v 1.245776 2.25 -0.648144
v 1.329664 2.25 -0.4466559
v 1.381968 2.25 -0.229712
v 1.4 2.25 0
v 0.2274026 2.285437 -1.368074
v 0.4421656 2.285437 -1.316296
v 0.6416278 2.285438 -1.233251
v 0.8231285 2.285438 -1.121601
v 0.9840067 2.285438 -0.9840066
v 1.121601 2.285437 -0.8231283
v 1.233251 2.285437 -0.6416278
v 1.316296 2.285437 -0.4421654
v 1.368074 2.285437 -0.2274026
v 1.385925 2.285437 0
v 0.226496 2.313 -1.362621
v 0.4404029 2.313 -1.311049
v 0.63907 2.313 -1.228335
v 0.8198473 2.313 -1.11713
v 0.9800841 2.313 -0.9800841
v 1.11713 2.313 -0.8198472
v 1.228335 2.313 -0.63907
v 1.311049 2.313 -0.4404027
v 1.362621 2.313 -0.2264961
v 1.3804 2.313 0
v 0.2267955 2.332687 -1.364422
v 0.4409851 2.332688 -1.312782
v 0.6399149 2.332688 -1.229959
v 0.820931 2.332688 -1.118607
v 0.9813798 2.332688 -0.9813798
v 1.118607 2.332688 -0.820931
v 1.229959 2.332688 -0.6399149
v 1.312782 2.332688 -0.4409851
v 1.364422 2.332687 -0.2267956
v 1.382225 2.332688 0
v 0.228104 2.3445 -1.372294
v 0.4435295 2.3445 -1.320357
v 0.643607 2.344501 -1.237056
v 0.8256677 2.344501 -1.125061
v 0.9870421 2.344501 -0.9870421
v 1.125061 2.3445 -0.8256676
v 1.237056 2.344501 -0.6436071
v 1.320356 2.3445 -0.4435294
v 1.372294 2.3445 -0.2281041
v 1.3902 2.3445 0
v 0.2302247 2.348438 -1.385053
v 0.447653 2.348438 -1.332632
v 0.6495907 2.348438 -1.248557
v 0.833344 2.348438 -1.135521
v 0.9962187 2.348438 -0.9962187
v 1.135521 2.348438 -0.833344
v 1.248557 2.348438 -0.6495908
v 1.332632 2.348438 -0.447653
v 1.385053 2.348438 -0.2302248
v 1.403125 2.348438 0
v 0.2329608 2.3445 -1.401513
v 0.452973 2.3445 -1.348469
v 0.6573107 2.3445 -1.263395
v 0.8432477 2.344501 -1.149016
v 1.008058 2.3445 -1.008058
v 1.149016 2.3445 -0.8432475
v 1.263395 2.3445 -0.6573107
v 1.348469 2.3445 -0.452973
v 1.401513 2.3445 -0.2329608
v 1.4198 2.3445 0
v 0.2361152 2.332688 -1.42049
v 0.4591066 2.332688 -1.366728
v 0.666211 2.332688 -1.280502
v 0.8546658 2.332688 -1.164574
v 1.021708 2.332688 -1.021708
v 1.164574 2.332688 -0.8546657
v 1.280502 2.332688 -0.6662111
v 1.366728 2.332688 -0.4591065
v 1.42049 2.332688 -0.2361153
v 1.439025 2.332688 0
v 0.2394912 2.313 -1.4408
v 0.4656708 2.313 -1.38627
v 0.6757364 2.313 -1.29881
v 0.8668857 2.313 -1.181225
v 1.036316 2.313 -1.036316
v 1.181225 2.313 -0.8668855
v 1.29881 2.313 -0.6757364
v 1.38627 2.313 -0.4656708
v 1.4408 2.313 -0.2394912
v 1.4596 2.313 0
v 0.2428917 2.285437 -1.461258
v 0.4722829 2.285438 -1.405954
v 0.6853312 2.285438 -1.317252
v 0.8791947 2.285438 -1.197998
v 1.051031 2.285438 -1.051031
v 1.197998 2.285438 -0.8791945
v 1.317252 2.285438 -0.6853312
v 1.405953 2.285438 -0.4722829
v 1.461258 2.285437 -0.2428918
v 1.480325 2.285438 0
v 0.24612 2.25 -1.48068
v 0.47856 2.25 -1.42464
v 0.69444 2.25 -1.33476
v 0.8908801 2.25 -1.21392
v 1.065 2.25 -1.065
v 1.21392 2.25 -0.8908799
v 1.33476 2.25 -0.69444
v 1.42464 2.25 -0.47856
v 1.48068 2.25 -0.2461201
v 1.5 2.25 0
v 0 2.25 1.4
v 0.229712 2.25 1.381968
v 0.446656 2.25 1.329664
v 0.6481441 2.25 1.245776
v 0.8314881 2.25 1.132992
v 0.994 2.25 0.994
v 1.132992 2.25 0.8314879
v 1.245776 2.25 0.648144
v 1.329664 2.25 0.4466559
v 1.381968 2.25 0.229712
v 0 2.285437 1.385925
v 0.2274026 2.285437 1.368074
v 0.4421656 2.285437 1.316296
v 0.6416278 2.285438 1.233251
v 0.8231285 2.285438 1.121601
v 0.9840067 2.285438 0.9840066
v 1.121601 2.285437 0.8231283
v 1.233251 2.285437 0.6416278
v 1.316296 2.285437 0.4421654
v 1.368074 2.285437 0.2274026
v 0 2.313 1.3804
v 0.226496 2.313 1.362621
v 0.4404029 2.313 1.311049
v 0.63907 2.313 1.228335
v 0.8198473 2.313 1.11713
v 0.9800841 2.313 0.9800841
v 1.11713 2.313 0.8198472
v 1.228335 2.313 0.63907
v 1.311049 2.313 0.4404027
v 1.362621 2.313 0.2264961
v 0 2.332688 1.382225
v 0.2267955 2.332687 1.364422
v 0.4409851 2.332688 1.312782
v 0.6399149 2.332688 1.229959
v 0.820931 2.332688 1.118607
v 0.9813798 2.332688 0.9813798
v 1.118607 2.332688 0.820931
v 1.229959 2.332688 0.6399149
v 1.312782 2.332688 0.4409851
v 1.364422 2.332687 0.2267956
v 0 2.3445 1.3902
v 0.228104 2.3445 1.372294
v 0.4435295 2.3445 1.320357
v 0.643607 2.344501 1.237056
v 0.8256677 2.344501 1.125061
v 0.9870421 2.344501 0.9870421
v 1.125061 2.3445 0.8256676
v 1.237056 2.344501 0.6436071
v 1.320356 2.3445 0.4435294
v 1.372294 2.3445 0.2281041
v 0 2.348438 1.403125
v 0.2302247 2.348438 1.385053
v 0.447653 2.348438 1.332632
v 0.6495907 2.348438 1.248557
v 0.833344 2.348438 1.135521
v 0.9962187 2.348438 0.9962187
v 1.135521 2.348438 0.833344
v 1.248557 2.348438 0.6495908
v 1.332632 2.348438 0.447653
v 1.385053 2.348438 0.2302248
v 0 2.3445 1.4198
v 0.2329608 2.3445 1.401513
v 0.452973 2.3445 1.348469
v 0.6573107 2.3445 1.263395
v 0.8432477 2.344501 1.149016
v 1.008058 2.3445 1.008058
v 1.149016 2.3445 0.8432475
v 1.263395 2.3445 0.6573107
v 1.348469 2.3445 0.452973
v 1.401513 2.3445 0.2329608
v 0 2.332688 1.439025
v 0.2361152 2.332688 1.42049
v 0.4591066 2.332688 1.366728
v 0.666211 2.332688 1.280502
v 0.8546658 2.332688 1.164574
v 1.021708 2.332688 1.021708
v 1.164574 2.332688 0.8546657
v 1.280502 2.332688 0.6662111
v 1.366728 2.332688 0.4591065
v 1.42049 2.332688 0.2361153
v 0 2.313 1.4596
v 0.2394912 2.313 1.4408
v 0.4656708 2.313 1.38627
v 0.6757364 2.313 1.29881
v 0.8668857 2.313 1.181225
v 1.036316 2.313 1.036316
v 1.181225 2.313 0.8668855
v 1.29881 2.313 0.6757364
v 1.38627 2.313 0.4656708
v 1.4408 2.313 0.2394912
v 0 2.285438 1.480325
v 0.2428917 2.285437 1.461258
v 0.4722829 2.285438 1.405954
v 0.6853312 2.285438 1.317252
v 0.8791947 2.285438 1.197998
v 1.051031 2.285438 1.051031
v 1.197998 2.285438 0.8791945
v 1.317252 2.285438 0.6853312
v 1.405953 2.285438 0.4722829
v 1.461258 2.285437 0.2428918
v 0 2.25 1.5
v 0.24612 2.25 1.48068
v 0.47856 2.25 1.42464
v 0.69444 2.25 1.33476
v 0.8908801 2.25 1.21392
v 1.065 2.25 1.065
v 1.21392 2.25 0.8908799
v 1.33476 2.25 0.69444
v 1.42464 2.25 0.47856
v 1.48068 2.25 0.2461201
v -1.381968 2.25 0.229712
v -1.329664 2.25 0.446656
v -1.245776 2.25 0.6481441
v -1.132992 2.25 0.8314881
v -0.994 2.25 0.994
v -0.8314879 2.25 1.132992
v -0.648144 2.25 1.245776
v -0.4466559 2.25 1.329664
v -0.229712 2.25 1.381968
v -1.368074 2.285437 0.2274026
v -1.316296 2.285437 0.4421656
v -1.233251 2.285438 0.6416278
v -1.121601 2.285438 0.8231285
v -0.9840066 2.285438 0.9840067
v -0.8231283 2.285437 1.121601
v -0.6416278 2.285437 1.233251
v -0.4421654 2.285437 1.316296
v -0.2274026 2.285437 1.368074
v -1.362621 2.313 0.226496
v -1.311049 2.313 0.4404029
v -1.228335 2.313 0.63907
v -1.11713 2.313 0.8198473
v -0.9800841 2.313 0.9800841
v -0.8198472 2.313 1.11713
v -0.63907 2.313 1.228335
v -0.4404027 2.313 1.311049
v -0.2264961 2.313 1.362621
v -1.364422 2.332687 0.2267955
v -1.312782 2.332688 0.4409851
v -1.229959 2.332688 0.6399149
v -1.118607 2.332688 0.820931
v -0.9813798 2.332688 0.9813798
v -0.820931 2.332688 1.118607
v -0.6399149 2.332688 1.229959
v -0.4409851 2.332688 1.312782
v -0.2267956 2.332687 1.364422
v -1.372294 2.3445 0.228104
v -1.320357 2.3445 0.4435295
v -1.237056 2.344501 0.643607
v -1.125061 2.344501 0.8256677
v -0.9870421 2.344501 0.9870421
v -0.8256676 2.3445 1.125061
v -0.6436071 2.344501 1.237056
v -0.4435294 2.3445 1.320356
v -0.2281041 2.3445 1.372294
v -1.385053 2.348438 0.2302247
v -1.332632 2.348438 0.447653
v -1.248557 2.348438 0.6495907
v -1.135521 2.348438 0.833344
v -0.9962187 2.348438 0.9962187
v -0.833344 2.348438 1.135521
v -0.6495908 2.348438 1.248557
v -0.447653 2.348438 1.332632
v -0.2302248 2.348438 1.385053
v -1.401513 2.3445 0.2329608
v -1.348469 2.3445 0.452973
v -1.263395 2.3445 0.6573107
v -1.149016 2.344501 0.8432477
v -1.008058 2.3445 1.008058
v -0.8432475 2.3445 1.149016
v -0.6573107 2.3445 1.263395
v -0.452973 2.3445 1.348469
v -0.2329608 2.3445 1.401513
v -1.42049 2.332688 0.2361152
v -1.366728 2.332688 0.4591066
v -1.280502 2.332688 0.666211
v -1.164574 2.332688 0.8546658
v -1.021708 2.332688 1.021708
v -0.8546657 2.332688 1.164574
v -0.6662111 2.332688 1.280502
v -0.4591065 2.332688 1.366728
v -0.2361153 2.332688 1.42049
v -1.4408 2.313 0.2394912
v -1.38627 2.313 0.4656708
v -1.29881 2.313 0.6757364
v -1.181225 2.313 0.8668857
v -1.036316 2.313 1.036316
v -0.8668855 2.313 1.181225
v -0.6757364 2.313 1.29881
v -0.4656708 2.313 1.38627
v -0.2394912 2.313 1.4408
v -1.461258 2.285437 0.2428917
v -1.405954 2.285438 0.4722829
v -1.317252 2.285438 0.6853312
v -1.197998 2.285438 0.8791947
v -1.051031 2.285438 1.051031
v -0.8791945 2.285438 1.197998
v -0.6853312 2.285438 1.317252
v -0.4722829 2.285438 1.405953
v -0.2428918 2.285437 1.461258
v -1.48068 2.25 0.24612
v -1.42464 2.25 0.47856
v -1.33476 2.25 0.69444
v -1.21392 2.25 0.8908801
v -1.065 2.25 1.065
v -0.8908799 2.25 1.21392
v -0.69444 2.25 1.33476
v -0.47856 2.25 1.42464
v -0.2461201 2.25 1.48068
v -1.57475 2.092575 0
v -1.554467 2.092575 -0.2583849
v -1.495634 2.092575 -0.5024083
v -1.401276 2.092575 -0.7290462
v -1.274414 2.092575 -0.9352756
v -1.118072 2.092575 -1.118072
v -0.9352754 2.092575 -1.274414
v -0.7290462 2.092575 -1.401276
v -0.5024082 2.092575 -1.495634
v -0.258385 2.092575 -1.554467
v 0 2.092575 -1.57475
v -1.648 1.9356 0
v -1.626774 1.9356 -0.2704038
v -1.565205 1.9356 -0.525778
v -1.466456 1.9356 -0.7629582
v -1.333694 1.9356 -0.9787803
v -1.17008 1.9356 -1.17008
v -0.97878 1.9356 -1.333694
v -0.7629582 1.9356 -1.466456
v -0.525778 1.9356 -1.565205
v -0.270404 1.9356 -1.626774
v 0 1.9356 -1.648
v -1.71825 1.779525 0
v -1.696119 1.779525 -0.2819304
v -1.631925 1.779525 -0.5481905
v -1.528967 1.779525 -0.7954811
v -1.390545 1.779525 -1.020503
v -1.219957 1.779525 -1.219957
v -1.020503 1.779525 -1.390545
v -0.7954811 1.779525 -1.528967
v -0.5481905 1.779525 -1.631925
v -0.2819305 1.779525 -1.696119
v 0 1.779525 -1.71825
v -1.784 1.6248 0
v -1.761022 1.6248 -0.2927187
v -1.694372 1.6248 -0.5691674
v -1.587475 1.6248 -0.8259208
v -1.443756 1.6248 -1.059554
v -1.26664 1.6248 -1.26664
v -1.059553 1.6248 -1.443756
v -0.8259208 1.6248 -1.587475
v -0.5691674 1.6248 -1.694372
v -0.2927188 1.6248 -1.761022
v 0 1.6248 -1.784
v -1.84375 1.471875 0
v -1.820002 1.471875 -0.3025225
v -1.75112 1.471875 -0.5882301
v -1.640643 1.471875 -0.8535826
v -1.49211 1.471875 -1.09504
v -1.309063 1.471875 -1.309063
v -1.09504 1.471875 -1.49211
v -0.8535826 1.471875 -1.640643
v -0.58823 1.471875 -1.75112
v -0.3025226 1.471875 -1.820003
v 0 1.471875 -1.84375
v -1.896 1.3212 0
v -1.871579 1.3212 -0.3110957
v -1.800745 1.3212 -0.6048998
v -1.687137 1.3212 -0.8777723
v -1.534395 1.3212 -1.126072
v -1.34616 1.3212 -1.34616
v -1.126072 1.3212 -1.534395
v -0.8777722 1.3212 -1.687137
v -0.6048998 1.3212 -1.800745
v -0.3110957 1.3212 -1.871579
v 0 1.3212 -1.896
v -1.93925 1.173225 0
v -1.914272 1.173225 -0.3181921
v -1.841822 1.173225 -0.6186984
v -1.725622 1.173225 -0.8977953
v -1.569396 1.173225 -1.151759
v -1.376868 1.173225 -1.376868
v -1.151759 1.173225 -1.569396
v -0.8977953 1.173225 -1.725622
v -0.6186983 1.173225 -1.841822
v -0.3181922 1.173225 -1.914272
v 0 1.173225 -1.93925
v -1.972 1.0284 0
v -1.9466 1.0284 -0.3235658
v -1.872927 1.0284 -0.6291468
v -1.754765 1.0284 -0.9129573
v -1.5959 1.0284 -1.17121
v -1.40012 1.0284 -1.40012
v -1.17121 1.0284 -1.5959
v -0.9129572 1.0284 -1.754765
v -0.6291469 1.0284 -1.872927
v -0.3235658 1.0284 -1.9466
v 0 1.0284 -1.972
v -1.99275 0.887175 0
v -1.967083 0.8871748 -0.3269704
v -1.892634 0.8871751 -0.6357669
v -1.773229 0.8871751 -0.9225637
v -1.612693 0.8871751 -1.183534
v -1.414853 0.887175 -1.414853
v -1.183534 0.887175 -1.612693
v -0.9225637 0.887175 -1.773229
v -0.6357669 0.887175 -1.892634
v -0.3269705 0.887175 -1.967083
v 0 0.887175 -1.99275
v -2 0.75 0
v -1.97424 0.7499999 -0.32816
v -1.89952 0.7500001 -0.6380799
v -1.77968 0.75 -0.9259201
v -1.61856 0.7500001 -1.18784
v -1.42 0.75 -1.42
v -1.18784 0.75 -1.61856
v -0.9259201 0.75 -1.77968
v -0.63808 0.75 -1.89952
v -0.3281601 0.75 -1.97424
v 0 0.75 -2
v 0.2583849 2.092575 -1.554467
v 0.5024083 2.092575 -1.495634
v 0.7290462 2.092575 -1.401276
v 0.9352756 2.092575 -1.274414
v 1.118072 2.092575 -1.118072
v 1.274414 2.092575 -0.9352754
v 1.401276 2.092575 -0.7290462
v 1.495634 2.092575 -0.5024082
v 1.554467 2.092575 -0.258385
v 1.57475 2.092575 0
v 0.2704038 1.9356 -1.626774
v 0.525778 1.9356 -1.565205
v 0.7629582 1.9356 -1.466456
v 0.9787803 1.9356 -1.333694
v 1.17008 1.9356 -1.17008
v 1.333694 1.9356 -0.97878
v 1.466456 1.9356 -0.7629582
v 1.565205 1.9356 -0.525778
v 1.626774 1.9356 -0.270404
v 1.648 1.9356 0
v 0.2819304 1.779525 -1.696119
v 0.5481905 1.779525 -1.631925
v 0.7954811 1.779525 -1.528967
v 1.020503 1.779525 -1.390545
v 1.219957 1.779525 -1.219957
v 1.390545 1.779525 -1.020503
v 1.528967 1.779525 -0.7954811
v 1.631925 1.779525 -0.5481905
v 1.696119 1.779525 -0.2819305
v 1.71825 1.779525 0
v 0.2927187 1.6248 -1.761022
v 0.5691674 1.6248 -1.694372
v 0.8259208 1.6248 -1.587475
v 1.059554 1.6248 -1.443756
v 1.26664 1.6248 -1.26664
v 1.443756 1.6248 -1.059553
v 1.587475 1.6248 -0.8259208
v 1.694372 1.6248 -0.5691674
v 1.761022 1.6248 -0.2927188
v 1.784 1.6248 0
v 0.3025225 1.471875 -1.820002
v 0.5882301 1.471875 -1.75112
v 0.8535826 1.471875 -1.640643
v 1.09504 1.471875 -1.49211
v 1.309063 1.471875 -1.309063
v 1.49211 1.471875 -1.09504
v 1.640643 1.471875 -0.8535826
v 1.75112 1.471875 -0.58823
v 1.820003 1.471875 -0.3025226
v 1.84375 1.471875 0
v 0.3110957 1.3212 -1.871579
v 0.6048998 1.3212 -1.800745
v 0.8777723 1.3212 -1.687137
v 1.126072 1.3212 -1.534395
v 1.34616 1.3212 -1.34616
v 1.534395 1.3212 -1.126072
v 1.687137 1.3212 -0.8777722
v 1.800745 1.3212 -0.6048998
v 1.871579 1.3212 -0.3110957
v 1.896 1.3212 0
v 0.3181921 1.173225 -1.914272
v 0.6186984 1.173225 -1.841822
v 0.8977953 1.173225 -1.725622
v 1.151759 1.173225 -1.569396
v 1.376868 1.173225 -1.376868
v 1.569396 1.173225 -1.151759
v 1.725622 1.173225 -0.8977953
v 1.841822 1.173225 -0.6186983
v 1.914272 1.173225 -0.3181922
v 1.93925 1.173225 0
v 0.3235658 1.0284 -1.9466
v 0.6291468 1.0284 -1.872927
v 0.9129573 1.0284 -1.754765
v 1.17121 1.0284 -1.5959
v 1.40012 1.0284 -1.40012
v 1.5959 1.0284 -1.17121
v 1.754765 1.0284 -0.9129572
v 1.872927 1.0284 -0.6291469
v 1.9466 1.0284 -0.3235658
v 1.972 1.0284 0
v 0.3269704 0.8871748 -1.967083
v 0.6357669 0.8871751 -1.892634
v 0.9225637 0.8871751 -1.773229
v 1.183534 0.8871751 -1.612693
v 1.414853 0.887175 -1.414853
v 1.612693 0.887175 -1.183534
v 1.773229 0.887175 -0.9225637
v 1.892634 0.887175 -0.6357669
v 1.967083 0.887175 -0.3269705
v 1.99275 0.887175 0
v 0.32816 0.7499999 -1.97424
v 0.6380799 0.7500001 -1.89952
v 0.9259201 0.75 -1.77968
v 1.18784 0.7500001 -1.61856
v 1.42 0.75 -1.42
v 1.61856 0.75 -1.18784
v 1.77968 0.75 -0.9259201
v 1.89952 0.75 -0.63808
v 1.97424 0.75 -0.3281601
v 2 0.75 0
v 0 2.092575 1.57475
v 0.2583849 2.092575 1.554467
v 0.5024083 2.092575 1.495634
v 0.7290462 2.092575 1.401276
v 0.9352756 2.092575 1.274414
v 1.118072 2.092575 1.118072
v 1.274414 2.092575 0.9352754
v 1.401276 2.092575 0.7290462
v 1.495634 2.092575 0.5024082
v 1.554467 2.092575 0.258385
v 0 1.9356 1.648
v 0.2704038 1.9356 1.626774
v 0.525778 1.9356 1.565205
v 0.7629582 1.9356 1.466456
v 0.9787803 1.9356 1.333694
v 1.17008 1.9356 1.17008
v 1.333694 1.9356 0.97878
v 1.466456 1.9356 0.7629582
v 1.565205 1.9356 0.525778
v 1.626774 1.9356 0.270404
v 0 1.779525 1.71825
v 0.2819304 1.779525 1.696119
v 0.5481905 1.779525 1.631925
v 0.7954811 1.779525 1.528967
v 1.020503 1.779525 1.390545
v 1.219957 1.779525 1.219957
v 1.390545 1.779525 1.020503
v 1.528967 1.779525 0.7954811
v 1.631925 1.779525 0.5481905
v 1.696119 1.779525 0.2819305
v 0 1.6248 1.784
v 0.2927187 1.6248 1.761022
v 0.5691674 1.6248 1.694372
v 0.8259208 1.6248 1.587475
v 1.059554 1.6248 1.443756
v 1.26664 1.6248 1.26664
v 1.443756 1.6248 1.059553
v 1.587475 1.6248 0.8259208
v 1.694372 1.6248 0.5691674
v 1.761022 1.6248 0.2927188
v 0 1.471875 1.84375
v 0.3025225 1.471875 1.820002
v 0.5882301 1.471875 1.75112
v 0.8535826 1.471875 1.640643
v 1.09504 1.471875 1.49211
v 1.309063 1.471875 1.309063
v 1.49211 1.471875 1.09504
v 1.640643 1.471875 0.8535826
v 1.75112 1.471875 0.58823
v 1.820003 1.471875 0.3025226
v 0 1.3212 1.896
v 0.3110957 1.3212 1.871579
v 0.6048998 1.3212 1.800745
v 0.8777723 1.3212 1.687137
v 1.126072 1.3212 1.534395
v 1.34616 1.3212 1.34616
v 1.534395 1.3212 1.126072
v 1.687137 1.3212 0.8777722
v 1.800745 1.3212 0.6048998
v 1.871579 1.3212 0.3110957
v 0 1.173225 1.93925
v 0.3181921 1.173225 1.914272
v 0.6186984 1.173225 1.841822
v 0.8977953 1.173225 1.725622
v 1.151759 1.173225 1.569396
v 1.376868 1.173225 1.376868
v 1.569396 1.173225 1.151759
v 1.725622 1.173225 0.8977953
v 1.841822 1.173225 0.6186983
v 1.914272 1.173225 0.3181922
v 0 1.0284 1.972
v 0.3235658 1.0284 1.9466
v 0.6291468 1.0284 1.872927
v 0.9129573 1.0284 1.754765
v 1.17121 1.0284 1.5959
v 1.40012 1.0284 1.40012
v 1.5959 1.0284 1.17121
v 1.754765 1.0284 0.9129572
v 1.872927 1.0284 0.6291469
v 1.9466 1.0284 0.3235658
v 0 0.887175 1.99275
v 0.3269704 0.8871748 1.967083
v 0.6357669 0.8871751 1.892634
v 0.9225637 0.8871751 1.773229
v 1.183534 0.8871751 1.612693
v 1.414853 0.887175 1.414853
v 1.612693 0.887175 1.183534
v 1.773229 0.887175 0.9225637
v 1.892634 0.887175 0.6357669
v 1.967083 0.887175 0.3269705
v 0 0.75 2
v 0.32816 0.7499999 1.97424
v 0.6380799 0.7500001 1.89952
v 0.9259201 0.75 1.77968
v 1.18784 0.7500001 1.61856
v 1.42 0.75 1.42
v 1.61856 0.75 1.18784
v 1.77968 0.75 0.9259201
v 1.89952 0.75 0.63808
v 1.97424 0.75 0.3281601
v -1.554467 2.092575 0.2583849
v -1.495634 2.092575 0.5024083
v -1.401276 2.092575 0.7290462
v -1.274414 2.092575 0.9352756
v -1.118072 2.092575 1.118072
v -0.9352754 2.092575 1.274414
v -0.7290462 2.092575 1.401276
v -0.5024082 2.092575 1.495634
v -0.258385 2.092575 1.554467
v -1.626774 1.9356 0.2704038
v -1.565205 1.9356 0.525778
v -1.466456 1.9356 0.7629582
v -1.333694 1.9356 0.9787803
v -1.17008 1.9356 1.17008
v -0.97878 1.9356 1.333694
v -0.7629582 1.9356 1.466456
v -0.525778 1.9356 1.565205
v -0.270404 1.9356 1.626774
v -1.696119 1.779525 0.2819304
v -1.631925 1.779525 0.5481905
v -1.528967 1.779525 0.7954811
v -1.390545 1.779525 1.020503
v -1.219957 1.779525 1.219957
v -1.020503 1.779525 1.390545
v -0.7954811 1.779525 1.528967
v -0.5481905 1.779525 1.631925
v -0.2819305 1.779525 1.696119
v -1.761022 1.6248 0.2927187
v -1.694372 1.6248 0.5691674
v -1.587475 1.6248 0.8259208
v -1.443756 1.6248 1.059554
v -1.26664 1.6248 1.26664
v -1.059553 1.6248 1.443756
v -0.8259208 1.6248 1.587475
v -0.5691674 1.6248 1.694372
v -0.2927188 1.6248 1.761022
v -1.820002 1.471875 0.3025225
v -1.75112 1.471875 0.5882301
v -1.640643 1.471875 0.8535826
v -1.49211 1.471875 1.09504
v -1.309063 1.471875 1.309063
v -1.09504 1.471875 1.49211
v -0.8535826 1.471875 1.640643
v -0.58823 1.471875 1.75112
v -0.3025226 1.471875 1.820003
v -1.871579 1.3212 0.3110957
v -1.800745 1.3212 0.6048998
v -1.687137 1.3212 0.8777723
v -1.534395 1.3212 1.126072
v -1.34616 1.3212 1.34616
v -1.126072 1.3212 1.534395
v -0.8777722 1.3212 1.687137
v -0.6048998 1.3212 1.800745
v -0.3110957 1.3212 1.871579
v -1.914272 1.173225 0.3181921
v -1.841822 1.173225 0.6186984
v -1.725622 1.173225 0.8977953
v -1.569396 1.173225 1.151759
v -1.376868 1.173225 1.376868
v -1.151759 1.173225 1.569396
v -0.8977953 1.173225 1.725622
v -0.6186983 1.173225 1.841822
v -0.3181922 1.173225 1.914272
v -1.9466 1.0284 0.3235658
v -1.872927 1.0284 0.6291468
v -1.754765 1.0284 0.9129573
v -1.5959 1.0284 1.17121
v -1.40012 1.0284 1.40012
v -1.17121 1.0284 1.5959
v -0.9129572 1.0284 1.754765
v -0.6291469 1.0284 1.872927
v -0.3235658 1.0284 1.9466
v -1.967083 0.8871748 0.3269704
v -1.892634 0.8871751 0.6357669
v -1.773229 0.8871751 0.9225637
v -1.612693 0.8871751 1.183534
v -1.414853 0.887175 1.414853
v -1.183534 0.887175 1.612693
v -0.9225637 0.887175 1.773229
v -0.6357669 0.887175 1.892634
v -0.3269705 0.887175 1.967083
v -1.97424 0.7499999 0.32816
v -1.89952 0.7500001 0.6380799
v -1.77968 0.75 0.9259201
v -1.61856 0.7500001 1.18784
v -1.42 0.75 1.42
v -1.18784 0.75 1.61856
v -0.9259201 0.75 1.77968
v -0.63808 0.75 1.89952
v -0.3281601 0.75 1.97424
v -1.986 0.621675 0
v -1.96042 0.621675 -0.3258629
v -1.886223 0.6216751 -0.6336133
v -1.767222 0.621675 -0.9194387
v -1.60723 0.6216751 -1.179525
v -1.41006 0.621675 -1.41006
v -1.179525 0.621675 -1.60723
v -0.9194387 0.621675 -1.767222
v -0.6336133 0.621675 -1.886223
v -0.3258629 0.621675 -1.96042
v 0 0.621675 -1.986
v -1.948 0.5064001 0
v -1.922909 0.5064001 -0.3196279
v -1.850133 0.5064001 -0.6214899
v -1.733408 0.5064001 -0.9018462
v -1.576478 0.5064001 -1.156956
v -1.38308 0.5064001 -1.38308
v -1.156956 0.5064001 -1.576478
v -0.9018462 0.5064001 -1.733408
v -0.6214899 0.5064001 -1.850133
v -0.3196279 0.5064001 -1.92291
v 0 0.5064001 -1.948
v -1.892 0.403725 0
v -1.867631 0.4037249 -0.3104393
v -1.796946 0.403725 -0.6036236
v -1.683577 0.403725 -0.8759205
v -1.531158 0.403725 -1.123697
v -1.34332 0.403725 -1.34332
v -1.123697 0.403725 -1.531158
v -0.8759205 0.403725 -1.683577
v -0.6036236 0.403725 -1.796946
v -0.3104394 0.403725 -1.867631
v 0 0.403725 -1.892
v -1.824 0.3132001 0
v -1.800507 0.3132 -0.299282
v -1.732363 0.3132001 -0.581929
v -1.623068 0.3132001 -0.8444392
v -1.476127 0.3132001 -1.08331
v -1.29504 0.3132001 -1.29504
v -1.08331 0.3132001 -1.476127
v -0.8444392 0.3132001 -1.623068
v -0.581929 0.3132001 -1.732362
v -0.299282 0.3132001 -1.800507
v 0 0.3132001 -1.824
v -1.75 0.234375 0
v -1.72746 0.234375 -0.28714
v -1.66208 0.234375 -0.55832
v -1.55722 0.234375 -0.8101801
v -1.41624 0.234375 -1.03936
v -1.2425 0.234375 -1.2425
v -1.03936 0.234375 -1.41624
v -0.8101801 0.234375 -1.55722
v -0.55832 0.234375 -1.66208
v -0.2871401 0.234375 -1.72746
v 0 0.234375 -1.75
v -1.676 0.1668 0
v -1.654413 0.1667999 -0.2749981
v -1.591798 0.1668 -0.534711
v -1.491372 0.1668 -0.775921
v -1.356353 0.1668 -0.9954101
v -1.18996 0.1668 -1.18996
v -0.9954098 0.1668 -1.356353
v -0.7759209 0.1668 -1.491372
v -0.534711 0.1668 -1.591798
v -0.2749982 0.1668 -1.654413
v 0 0.1668 -1.676
v -1.608 0.110025 0
v -1.587289 0.110025 -0.2638406
v -1.527214 0.110025 -0.5130163
v -1.430863 0.110025 -0.7444397
v -1.301322 0.110025 -0.9550235
v -1.14168 0.110025 -1.14168
v -0.9550233 0.110025 -1.301322
v -0.7444397 0.110025 -1.430863
v -0.5130163 0.110025 -1.527214
v -0.2638407 0.110025 -1.587289
v 0 0.110025 -1.608
v -1.552 0.06359999 0
v -1.53201 0.06359997 -0.2546521
v -1.474028 0.06360002 -0.49515
v -1.381032 0.06359999 -0.7185139
v -1.256003 0.06360002 -0.9217639
v -1.10192 0.06359999 -1.10192
v -0.9217637 0.06359999 -1.256003
v -0.7185139 0.06359999 -1.381032
v -0.4951501 0.06359999 -1.474027
v -0.2546522 0.06359999 -1.53201
v 0 0.06359999 -1.552
v -1.514 0.027075 0
v -1.4945 0.02707499 -0.2484171
v -1.437937 0.02707501 -0.4830266
v -1.347218 0.02707501 -0.7009214
v -1.22525 0.02707501 -0.899195
v -1.07494 0.02707501 -1.07494
v -0.8991948 0.027075 -1.22525
v -0.7009214 0.027075 -1.347218
v -0.4830265 0.027075 -1.437937
v -0.2484172 0.02707499 -1.4945
v 0 0.027075 -1.514
v -1.5 0 0
v -1.48068 -1.117587e-8 -0.24612
v -1.42464 0 -0.47856
v -1.33476 1.117587e-8 -0.69444
v -1.21392 1.117587e-8 -0.8908801
v -1.065 1.117587e-8 -1.065
v -0.8908799 0 -1.21392
v -0.69444 0 -1.33476
v -0.47856 0 -1.42464
v -0.2461201 -1.117587e-8 -1.48068
v 0 0 -1.5
v 0.3258629 0.621675 -1.96042
v 0.6336133 0.6216751 -1.886223
v 0.9194387 0.621675 -1.767222
v 1.179525 0.6216751 -1.60723
v 1.41006 0.621675 -1.41006
v 1.60723 0.621675 -1.179525
v 1.767222 0.621675 -0.9194387
v 1.886223 0.621675 -0.6336133
v 1.96042 0.621675 -0.3258629
v 1.986 0.621675 0
v 0.3196279 0.5064001 -1.922909
v 0.6214899 0.5064001 -1.850133
v 0.9018462 0.5064001 -1.733408
v 1.156956 0.5064001 -1.576478
v 1.38308 0.5064001 -1.38308
v 1.576478 0.5064001 -1.156956
v 1.733408 0.5064001 -0.9018462
v 1.850133 0.5064001 -0.6214899
v 1.92291 0.5064001 -0.3196279
v 1.948 0.5064001 0
v 0.3104393 0.4037249 -1.867631
v 0.6036236 0.403725 -1.796946
v 0.8759205 0.403725 -1.683577
v 1.123697 0.403725 -1.531158
v 1.34332 0.403725 -1.34332
v 1.531158 0.403725 -1.123697
v 1.683577 0.403725 -0.8759205
v 1.796946 0.403725 -0.6036236
v 1.867631 0.403725 -0.3104394
v 1.892 0.403725 0
v 0.299282 0.3132 -1.800507
v 0.581929 0.3132001 -1.732363
v 0.8444392 0.3132001 -1.623068
v 1.08331 0.3132001 -1.476127
v 1.29504 0.3132001 -1.29504
v 1.476127 0.3132001 -1.08331
v 1.623068 0.3132001 -0.8444392
v 1.732362 0.3132001 -0.581929
v 1.800507 0.3132001 -0.299282
v 1.824 0.3132001 0
v 0.28714 0.234375 -1.72746
v 0.55832 0.234375 -1.66208
v 0.8101801 0.234375 -1.55722
v 1.03936 0.234375 -1.41624
v 1.2425 0.234375 -1.2425
v 1.41624 0.234375 -1.03936
v 1.55722 0.234375 -0.8101801
v 1.66208 0.234375 -0.55832
v 1.72746 0.234375 -0.2871401
v 1.75 0.234375 0
v 0.2749981 0.1667999 -1.654413
v 0.534711 0.1668 -1.591798
v 0.775921 0.1668 -1.491372
v 0.9954101 0.1668 -1.356353
v 1.18996 0.1668 -1.18996
v 1.356353 0.1668 -0.9954098
v 1.491372 0.1668 -0.7759209
v 1.591798 0.1668 -0.534711
v 1.654413 0.1668 -0.2749982
v 1.676 0.1668 0
v 0.2638406 0.110025 -1.587289
v 0.5130163 0.110025 -1.527214
v 0.7444397 0.110025 -1.430863
v 0.9550235 0.110025 -1.301322
v 1.14168 0.110025 -1.14168
v 1.301322 0.110025 -0.9550233
v 1.430863 0.110025 -0.7444397
v 1.527214 0.110025 -0.5130163
v 1.587289 0.110025 -0.2638407
v 1.608 0.110025 0
v 0.2546521 0.06359997 -1.53201
v 0.49515 0.06360002 -1.474028
v 0.7185139 0.06359999 -1.381032
v 0.9217639 0.06360002 -1.256003
v 1.10192 0.06359999 -1.10192
v 1.256003 0.06359999 -0.9217637
v 1.381032 0.06359999 -0.7185139
v 1.474027 0.06359999 -0.4951501
v 1.53201 0.06359999 -0.2546522
v 1.552 0.06359999 0
v 0.2484171 0.02707499 -1.4945
v 0.4830266 0.02707501 -1.437937
v 0.7009214 0.02707501 -1.347218
v 0.899195 0.02707501 -1.22525
v 1.07494 0.02707501 -1.07494
v 1.22525 0.027075 -0.8991948
v 1.347218 0.027075 -0.7009214
v 1.437937 0.027075 -0.4830265
v 1.4945 0.02707499 -0.2484172
v 1.514 0.027075 0
v 0.24612 -1.117587e-8 -1.48068
v 0.47856 0 -1.42464
v 0.69444 1.117587e-8 -1.33476
v 0.8908801 1.117587e-8 -1.21392
v 1.065 1.117587e-8 -1.065
v 1.21392 0 -0.8908799
v 1.33476 0 -0.69444
v 1.42464 0 -0.47856
v 1.48068 -1.117587e-8 -0.2461201
v 1.5 0 0
v 0 0.621675 1.986
v 0.3258629 0.621675 1.96042
v 0.6336133 0.6216751 1.886223
v 0.9194387 0.621675 1.767222
v 1.179525 0.6216751 1.60723
v 1.41006 0.621675 1.41006
v 1.60723 0.621675 1.179525
v 1.767222 0.621675 0.9194387
v 1.886223 0.621675 0.6336133
v 1.96042 0.621675 0.3258629
v 0 0.5064001 1.948
v 0.3196279 0.5064001 1.922909
v 0.6214899 0.5064001 1.850133
v 0.9018462 0.5064001 1.733408
v 1.156956 0.5064001 1.576478
v 1.38308 0.5064001 1.38308
v 1.576478 0.5064001 1.156956
v 1.733408 0.5064001 0.9018462
v 1.850133 0.5064001 0.6214899
v 1.92291 0.5064001 0.3196279
v 0 0.403725 1.892
v 0.3104393 0.4037249 1.867631
v 0.6036236 0.403725 1.796946
v 0.8759205 0.403725 1.683577
v 1.123697 0.403725 1.531158
v 1.34332 0.403725 1.34332
v 1.531158 0.403725 1.123697
v 1.683577 0.403725 0.8759205
v 1.796946 0.403725 0.6036236
v 1.867631 0.403725 0.3104394
v 0 0.3132001 1.824
v 0.299282 0.3132 1.800507
v 0.581929 0.3132001 1.732363
v 0.8444392 0.3132001 1.623068
v 1.08331 0.3132001 1.476127
v 1.29504 0.3132001 1.29504
v 1.476127 0.3132001 1.08331
v 1.623068 0.3132001 0.8444392
v 1.732362 0.3132001 0.581929
v 1.800507 0.3132001 0.299282
v 0 0.234375 1.75
v 0.28714 0.234375 1.72746
v 0.55832 0.234375 1.66208
v 0.8101801 0.234375 1.55722
v 1.03936 0.234375 1.41624
v 1.2425 0.234375 1.2425
v 1.41624 0.234375 1.03936
v 1.55722 0.234375 0.8101801
v 1.66208 0.234375 0.55832
v 1.72746 0.234375 0.2871401
v 0 0.1668 1.676
v 0.2749981 0.1667999 1.654413
v 0.534711 0.1668 1.591798
v 0.775921 0.1668 1.491372
v 0.9954101 0.1668 1.356353
v 1.18996 0.1668 1.18996
v 1.356353 0.1668 0.9954098
v 1.491372 0.1668 0.7759209
v 1.591798 0.1668 0.534711
v 1.654413 0.1668 0.2749982
v 0 0.110025 1.608
v 0.2638406 0.110025 1.587289
v 0.5130163 0.110025 1.527214
v 0.7444397 0.110025 1.430863
v 0.9550235 0.110025 1.301322
v 1.14168 0.110025 1.14168
v 1.301322 0.110025 0.9550233
v 1.430863 0.110025 0.7444397
v 1.527214 0.110025 0.5130163
v 1.587289 0.110025 0.2638407
v 0 0.06359999 1.552
v 0.2546521 0.06359997 1.53201
v 0.49515 0.06360002 1.474028
v 0.7185139 0.06359999 1.381032
v 0.9217639 0.06360002 1.256003
v 1.10192 0.06359999 1.10192
v 1.256003 0.06359999 0.9217637
v 1.381032 0.06359999 0.7185139
v 1.474027 0.06359999 0.4951501
v 1.53201 0.06359999 0.2546522
v 0 0.027075 1.514
v 0.2484171 0.02707499 1.4945
v 0.4830266 0.02707501 1.437937
v 0.7009214 0.02707501 1.347218
v 0.899195 0.02707501 1.22525
v 1.07494 0.02707501 1.07494
v 1.22525 0.027075 0.8991948
v 1.347218 0.027075 0.7009214
v 1.437937 0.027075 0.4830265
v 1.4945 0.02707499 0.2484172
v 0 0 1.5
v 0.24612 -1.117587e-8 1.48068
v 0.47856 0 1.42464
v 0.69444 1.117587e-8 1.33476
v 0.8908801 1.117587e-8 1.21392
v 1.065 1.117587e-8 1.065
v 1.21392 0 0.8908799
v 1.33476 0 0.69444
v 1.42464 0 0.47856
v 1.48068 -1.117587e-8 0.2461201
v -1.96042 0.621675 0.3258629
v -1.886223 0.6216751 0.6336133
v -1.767222 0.621675 0.9194387
v -1.60723 0.6216751 1.179525
v -1.41006 0.621675 1.41006
v -1.179525 0.621675 1.60723
v -0.9194387 0.621675 1.767222
v -0.6336133 0.621675 1.886223
v -0.3258629 0.621675 1.96042
v -1.922909 0.5064001 0.3196279
v -1.850133 0.5064001 0.6214899
v -1.733408 0.5064001 0.9018462
v -1.576478 0.5064001 1.156956
v -1.38308 0.5064001 1.38308
v -1.156956 0.5064001 1.576478
v -0.9018462 0.5064001 1.733408
v -0.6214899 0.5064001 1.850133
v -0.3196279 0.5064001 1.92291
v -1.867631 0.4037249 0.3104393
v -1.796946 0.403725 0.6036236
v -1.683577 0.403725 0.8759205
v -1.531158 0.403725 1.123697
v -1.34332 0.403725 1.34332
v -1.123697 0.403725 1.531158
v -0.8759205 0.403725 1.683577
v -0.6036236 0.403725 1.796946
v -0.3104394 0.403725 1.867631
v -1.800507 0.3132 0.299282
v -1.732363 0.3132001 0.581929
v -1.623068 0.3132001 0.8444392
v -1.476127 0.3132001 1.08331
v -1.29504 0.3132001 1.29504
v -1.08331 0.3132001 1.476127
v -0.8444392 0.3132001 1.623068
v -0.581929 0.3132001 1.732362
v -0.299282 0.3132001 1.800507
v -1.72746 0.234375 0.28714
v -1.66208 0.234375 0.55832
v -1.55722 0.234375 0.8101801
v -1.41624 0.234375 1.03936
v -1.2425 0.234375 1.2425
v -1.03936 0.234375 1.41624
v -0.8101801 0.234375 1.55722
v -0.55832 0.234375 1.66208
v -0.2871401 0.234375 1.72746
v -1.654413 0.1667999 0.2749981
v -1.591798 0.1668 0.534711
v -1.491372 0.1668 0.775921
v -1.356353 0.1668 0.9954101
v -1.18996 0.1668 1.18996
v -0.9954098 0.1668 1.356353
v -0.7759209 0.1668 1.491372
v -0.534711 0.1668 1.591798
v -0.2749982 0.1668 1.654413
v -1.587289 0.110025 0.2638406
v -1.527214 0.110025 0.5130163
v -1.430863 0.110025 0.7444397
v -1.301322 0.110025 0.9550235
v -1.14168 0.110025 1.14168
v -0.9550233 0.110025 1.301322
v -0.7444397 0.110025 1.430863
v -0.5130163 0.110025 1.527214
v -0.2638407 0.110025 1.587289
v -1.53201 0.06359997 0.2546521
v -1.474028 0.06360002 0.49515
v -1.381032 0.06359999 0.7185139
v -1.256003 0.06360002 0.9217639
v -1.10192 0.06359999 1.10192
v -0.9217637 0.06359999 1.256003
v -0.7185139 0.06359999 1.381032
v -0.4951501 0.06359999 1.474027
v -0.2546522 0.06359999 1.53201
v -1.4945 0.02707499 0.2484171
v -1.437937 0.02707501 0.4830266
v -1.347218 0.02707501 0.7009214
v -1.22525 0.02707501 0.899195
v -1.07494 0.02707501 1.07494
v -0.8991948 0.027075 1.22525
v -0.7009214 0.027075 1.347218
v -0.4830265 0.027075 1.437937
v -0.2484172 0.02707499 1.4945
v -1.48068 -1.117587e-8 0.24612
v -1.42464 0 0.47856
v -1.33476 1.117587e-8 0.69444
v -1.21392 1.117587e-8 0.8908801
v -1.065 1.117587e-8 1.065
v -0.8908799 0 1.21392
v -0.69444 0 1.33476
v -0.47856 0 1.42464
v -0.2461201 -1.117587e-8 1.48068

vn 0 1 0
vn 0 0.9756097 -0.2195122
vn 0 0.882353 -0.4705881
vn 0 0.6896552 -0.724138
vn 0 0.3846155 -0.9230769
vn 0 0 -1
vn 0 -0.3846155 -0.9230768
vn 0 -0.6896552 -0.7241379
vn 0 -0.882353 -0.4705881
vn 0 -0.9756097 -0.2195122
vn 0 -1 0
vn -0.006666519 0.9999778 0
vn -0.006465797 0.9756529 -0.2192252
vn -0.005751505 0.8826013 -0.4700872
vn -0.004378238 0.6901321 -0.7236702
vn -0.002355667 0.3850488 -0.9228932
vn 0 0 -1
vn 0.002136787 -0.3850392 -0.9228978
vn 0.003620391 -0.6901131 -0.7236925
vn 0.004388151 -0.8825913 -0.4701205
vn 0.004655568 -0.975658 -0.219248
vn 0.004694784 -0.999989 0
vn -0.0299865 0.9995503 0
vn -0.02907758 0.9753078 -0.2189274
vn -0.02585217 0.8825372 -0.4695314
vn -0.01966626 0.6904652 -0.7230982
vn -0.01057192 0.3855162 -0.9226406
vn 0 0 -1
vn 0.009555425 -0.3856852 -0.922581
vn 0.01614555 -0.6908595 -0.7228088
vn 0.01951798 -0.8829297 -0.4690994
vn 0.0206688 -0.9755885 -0.2186319
vn 0.02082881 -0.999783 0
vn -0.07691433 0.9970377 0
vn -0.07455292 0.9727386 -0.2195939
vn -0.06620567 0.8798765 -0.470568
vn -0.05028101 0.6880925 -0.7238789
vn -0.02698788 0.384216 -0.9228487
vn 0 0 -1
vn 0.02434458 -0.3851548 -0.9225308
vn 0.04107238 -0.6903242 -0.7223333
vn 0.04955489 -0.8822 -0.46826
vn 0.05239145 -0.9745382 -0.2180149
vn 0.05276396 -0.998607 0
vn -0.1579905 0.9874406 0
vn -0.153019 0.9628864 -0.2223397
vn -0.1355415 0.8694389 -0.4750837
vn -0.1025512 0.6781949 -0.7276915
vn -0.05486912 0.378091 -0.924141
vn 0 0 -1
vn 0.04954984 -0.380933 -0.923274
vn 0.08373313 -0.6852896 -0.723441
vn 0.1010461 -0.8775644 -0.4686902
vn 0.1067623 -0.9701033 -0.217948
vn 0.1074818 -0.994207 0
vn -0.2873479 0.9578263 0
vn -0.2779677 0.9331368 -0.2280124
vn -0.245193 0.8397259 -0.4845005
vn -0.1843326 0.6516391 -0.7357907
vn -0.09812049 0.3619981 -0.9270004
vn 0 0 -1
vn 0.08916938 -0.3684615 -0.9253567
vn 0.1517816 -0.6690373 -0.7275655
vn 0.184004 -0.8622416 -0.471892
vn 0.1947431 -0.9560344 -0.2192565
vn 0.1961161 -0.9805806 0
vn -0.4751489 0.8799054 0
vn -0.4591392 0.8565353 -0.2356663
vn -0.4032999 0.7681544 -0.4972805
vn -0.3011654 0.5928272 -0.7468971
vn -0.1595254 0.3282288 -0.9310304
vn 0 0 -1
vn 0.1470194 -0.3401135 -0.9288208
vn 0.2540323 -0.628148 -0.7354575
vn 0.3115984 -0.8205596 -0.4791539
vn 0.3318342 -0.9166446 -0.22282
vn 0.334765 -0.9423017 0
vn -0.6999285 0.7142129 0
vn -0.676806 0.6959137 -0.2400789
vn -0.595061 0.6251909 -0.5050135
vn -0.4446306 0.4833685 -0.7540945
vn -0.2360119 0.2686057 -0.9338894
vn 0 0 -1
vn 0.2225648 -0.2858861 -0.932059
vn 0.3927245 -0.5402601 -0.7442355
vn 0.4912661 -0.7209894 -0.4887043
vn 0.5298982 -0.8167915 -0.2281659
vn 0.5368754 -0.8436616 0
vn -0.886914 0.4619344 0
vn -0.8606151 0.4518011 -0.2349842
vn -0.7644789 0.4103968 -0.4971384
vn -0.5798843 0.3225011 -0.7481493
vn -0.3127476 0.1823729 -0.9321637
vn 0 0 -1
vn 0.3033164 -0.2003789 -0.9315833
vn 0.5443217 -0.3858597 -0.7448666
vn 0.694247 -0.5259261 -0.491348
vn 0.761096 -0.6062979 -0.2305117
vn 0.7761139 -0.6305927 0
vn -0.9794804 0.2015392 0
vn -0.95415 0.1979441 -0.224535
vn -0.8584386 0.1822531 -0.4794445
vn -0.6648254 0.1464018 -0.7325119
vn -0.3668111 0.08482575 -0.9264202
vn 0 0 -1
vn 0.3638787 -0.09568582 -0.9265185
vn 0.6546426 -0.185071 -0.7329338
vn 0.8396961 -0.2541077 -0.4799372
vn 0.9284285 -0.2957991 -0.2247742
vn 0.9510052 -0.3091747 0
vn -1 0 0
vn -0.9756097 0 -0.2195122
vn -0.8823529 0 -0.4705881
vn -0.6896552 0 -0.7241379
vn -0.3846155 0 -0.9230769
vn 0 0 -1
vn 0.3846155 0 -0.9230769
vn 0.6896552 0 -0.7241379
vn 0.8823531 0 -0.4705882
vn 0.9756098 0 -0.2195122
vn 1 0 0
vn 0 0.9756097 0.2195122
vn 0 0.882353 0.4705881
vn 0 0.6896552 0.724138
vn 0 0.3846155 0.9230769
vn 0 0 1
vn 0 -0.3846155 0.9230768
vn 0 -0.6896552 0.7241379
vn 0 -0.882353 0.4705881
vn 0 -0.9756097 0.2195122
vn -0.006465797 0.9756529 0.2192252
vn -0.005751505 0.8826013 0.4700872
vn -0.004378238 0.6901321 0.7236702
vn -0.002355667 0.3850488 0.9228932
vn 0 0 1
vn 0.002136787 -0.3850392 0.9228978
vn 0.003620391 -0.6901131 0.7236925
vn 0.004388151 -0.8825913 0.4701205
vn 0.004655568 -0.975658 0.219248
vn -0.02907758 0.9753078 0.2189274
vn -0.02585217 0.8825372 0.4695314
vn -0.01966626 0.6904652 0.7230982
vn -0.01057192 0.3855162 0.9226406
vn 0 0 1
vn 0.009555425 -0.3856852 0.922581
vn 0.01614555 -0.6908595 0.7228088
vn 0.01951798 -0.8829297 0.4690994
vn 0.0206688 -0.9755885 0.2186319
vn -0.07455292 0.9727386 0.2195939
vn -0.06620567 0.8798765 0.470568
vn -0.05028101 0.6880925 0.7238789
vn -0.02698788 0.384216 0.9228487
vn 0 0 1
vn 0.02434458 -0.3851548 0.9225308
vn 0.04107238 -0.6903242 0.7223333
vn 0.04955489 -0.8822 0.46826
vn 0.05239145 -0.9745382 0.2180149
vn -0.153019 0.9628864 0.2223397
vn -0.1355415 0.8694389 0.4750837
vn -0.1025512 0.6781949 0.7276915
vn -0.05486912 0.378091 0.924141
vn 0 0 1
vn 0.04954984 -0.380933 0.923274
vn 0.08373313 -0.6852896 0.723441
vn 0.1010461 -0.8775644 0.4686902
vn 0.1067623 -0.9701033 0.217948
vn -0.2779677 0.9331368 0.2280124
vn -0.245193 0.8397259 0.4845005
vn -0.1843326 0.6516391 0.7357907
vn -0.09812049 0.3619981 0.9270004
vn 0 0 1
vn 0.08916938 -0.3684615 0.9253567
vn 0.1517816 -0.6690373 0.7275655
vn 0.184004 -0.8622416 0.471892
vn 0.1947431 -0.9560344 0.2192565
vn -0.4591392 0.8565353 0.2356663
vn -0.4032999 0.7681544 0.4972805
vn -0.3011654 0.5928272 0.7468971
vn -0.1595254 0.3282288 0.9310304
vn 0 0 1
vn 0.1470194 -0.3401135 0.9288208
vn 0.2540323 -0.628148 0.7354575
vn 0.3115984 -0.8205596 0.4791539
vn 0.3318342 -0.9166446 0.22282
vn -0.676806 0.6959137 0.2400789
vn -0.595061 0.6251909 0.5050135
vn -0.4446306 0.4833685 0.7540945
vn -0.2360119 0.2686057 0.9338894
vn 0 0 1
vn 0.2225648 -0.2858861 0.932059
vn 0.3927245 -0.5402601 0.7442355
vn 0.4912661 -0.7209894 0.4887043
vn 0.5298982 -0.8167915 0.2281659
vn -0.8606151 0.4518011 0.2349842
vn -0.7644789 0.4103968 0.4971384
vn -0.5798843 0.3225011 0.7481493
vn -0.3127476 0.1823729 0.9321637
vn 0 0 1
vn 0.3033164 -0.2003789 0.9315833
vn 0.5443217 -0.3858597 0.7448666
vn 0.694247 -0.5259261 0.491348
vn 0.761096 -0.6062979 0.2305117
vn -0.95415 0.1979441 0.224535
vn -0.8584386 0.1822531 0.4794445
vn -0.6648254 0.1464018 0.7325119
vn -0.3668111 0.08482575 0.9264202
vn 0 0 1
vn 0.3638787 -0.09568582 0.9265185
vn 0.6546426 -0.185071 0.7329338
vn 0.8396961 -0.2541077 0.4799372
vn 0.9284285 -0.2957991 0.2247742
vn -0.9756097 0 0.2195122
vn -0.8823529 0 0.4705881
vn -0.6896552 0 0.7241379
vn -0.3846155 0 0.9230769
vn 0 0 1
vn 0.3846155 0 0.9230769
vn 0.6896552 0 0.7241379
vn 0.8823531 0 0.4705882
vn 0.9756098 0 0.2195122
vn -0.9929245 -0.1187467 0
vn -0.9682515 -0.1157338 -0.2215734
vn -0.8742219 -0.1043358 -0.4741837
vn -0.6813083 -0.08111459 -0.7274885
vn -0.3787881 -0.04494871 -0.9243913
vn 0 0 -1
vn 0.3788843 0.04456114 -0.9243706
vn 0.6815791 0.07974885 -0.7273858
vn 0.8746023 0.1018301 -0.4740268
vn 0.9686739 0.1123585 -0.2214644
vn 0.9933597 0.1150501 0
vn -0.9711227 -0.2385803 0
vn -0.9463205 -0.2318725 -0.2251946
vn -0.8522431 -0.2072681 -0.4803348
vn -0.6614184 -0.1589698 -0.7329763
vn -0.3663639 -0.08667217 -0.9264261
vn 0 0 -1
vn 0.3678415 0.08348517 -0.9261334
vn 0.6656631 0.147607 -0.7315087
vn 0.8583449 0.1862453 -0.4780761
vn 0.953199 0.2034844 -0.2236197
vn 0.9782341 0.2075042 0
vn -0.9349976 -0.3546542 0
vn -0.9110033 -0.3440729 -0.2273471
vn -0.8199585 -0.3059755 -0.4837841
vn -0.6359574 -0.232864 -0.7357531
vn -0.3525082 -0.1258799 -0.9273037
vn 0 0 -1
vn 0.3567981 0.1194794 -0.9265094
vn 0.6485125 0.2096648 -0.7317597
vn 0.838443 0.262457 -0.4776292
vn 0.9322361 0.2849235 -0.2230568
vn 0.957081 0.2898203 0
vn -0.8865849 -0.462566 0
vn -0.8645759 -0.4486291 -0.2263638
vn -0.7803017 -0.3987625 -0.4817858
vn -0.6081919 -0.3034885 -0.733483
vn -0.3394347 -0.1641593 -0.9261943
vn 0 0 -1
vn 0.3474068 0.155264 -0.9247712
vn 0.6317423 0.2706231 -0.7264054
vn 0.8155634 0.3361773 -0.4710003
vn 0.9057301 0.3629536 -0.2189009
vn 0.9296273 0.368501 0
vn -0.8290722 -0.5591416 0
vn -0.8099173 -0.5428968 -0.2220291
vn -0.7352532 -0.4845103 -0.4739752
vn -0.5789433 -0.3715239 -0.7258064
vn -0.3271913 -0.2028236 -0.9229347
vn 0 0 -1
vn 0.3390632 0.1928034 -0.9207947
vn 0.6139519 0.3334901 -0.7154351
vn 0.788039 0.4107549 -0.4585573
vn 0.8721568 0.4411387 -0.2115167
vn 0.8944272 0.4472137 0
vn -0.7660517 -0.642779 0
vn -0.7499851 -0.6253976 -0.2154071
vn -0.685922 -0.5621409 -0.46207
vn -0.5472434 -0.4365884 -0.7140836
vn -0.3142652 -0.2420966 -0.917947
vn 0 0 -1
vn 0.3294793 0.2327354 -0.9150288
vn 0.5915928 0.399222 -0.7004569
vn 0.7526752 0.4875326 -0.4424839
vn 0.8290655 0.5212712 -0.2023035
vn 0.8492853 0.5279342 0
vn -0.7008403 -0.7133182 0
vn -0.687431 -0.6956705 -0.2085213
vn -0.6329054 -0.6303291 -0.4495732
vn -0.5111313 -0.4965864 -0.7015317
vn -0.2979888 -0.2803209 -0.9124817
vn 0 0 -1
vn 0.3148741 0.2734756 -0.9088815
vn 0.559571 0.4660038 -0.6853617
vn 0.7053723 0.5657232 -0.4270914
vn 0.7734058 0.6035778 -0.193746
vn 0.7914484 0.611236 0
vn -0.6360726 -0.7716292 0
vn -0.6243994 -0.7539967 -0.2039961
vn -0.57667 -0.6874836 -0.4413821
vn -0.468532 -0.5475442 -0.693306
vn -0.2751631 -0.3133126 -0.9089117
vn 0 0 -1
vn 0.290585 0.3101425 -0.9051917
vn 0.5123211 0.5284051 -0.6769898
vn 0.6419517 0.6420529 -0.4191253
vn 0.7019573 0.6865438 -0.1895089
vn 0.7179003 0.696146 0
vn -0.5735853 -0.8191459 0
vn -0.5624599 -0.8010775 -0.2047285
vn -0.5177583 -0.7318202 -0.4431315
vn -0.4181365 -0.5840323 -0.6957501
vn -0.2433566 -0.3346469 -0.9103785
vn 0 0 -1
vn 0.2530042 0.3345028 -0.9077978
vn 0.4457822 0.5770932 -0.6842819
vn 0.5592937 0.7103532 -0.4273042
vn 0.612044 0.7665687 -0.1943565
vn 0.6259881 0.7798327 0
vn -0.5144956 -0.857493 0
vn -0.5026201 -0.8377005 -0.2136137
vn -0.4567855 -0.761309 -0.460169
vn -0.3601086 -0.6001812 -0.7142159
vn -0.2027397 -0.3378996 -0.9190868
vn 0 0 -1
vn 0.2027398 0.3378996 -0.9190867
vn 0.3601084 0.6001813 -0.7142159
vn 0.4567853 0.7613091 -0.4601691
vn 0.5026202 0.8377005 -0.2136137
vn 0.5144957 0.8574929 0
vn -0.9682515 -0.1157338 0.2215734
vn -0.8742219 -0.1043358 0.4741837
vn -0.6813083 -0.08111459 0.7274885
vn -0.3787881 -0.04494871 0.9243913
vn 0 0 1
vn 0.3788843 0.04456114 0.9243706
vn 0.6815791 0.07974885 0.7273858
vn 0.8746023 0.1018301 0.4740268
vn 0.9686739 0.1123585 0.2214644
vn -0.9463205 -0.2318725 0.2251946
vn -0.8522431 -0.2072681 0.4803348
vn -0.6614184 -0.1589698 0.7329763
vn -0.3663639 -0.08667217 0.9264261
vn 0 0 1
vn 0.3678415 0.08348517 0.9261334
vn 0.6656631 0.147607 0.7315087
vn 0.8583449 0.1862453 0.4780761
vn 0.953199 0.2034844 0.2236197
vn -0.9110033 -0.3440729 0.2273471
vn -0.8199585 -0.3059755 0.4837841
vn -0.6359574 -0.232864 0.7357531
vn -0.3525082 -0.1258799 0.9273037
vn 0 0 1
vn 0.3567981 0.1194794 0.9265094
vn 0.6485125 0.2096648 0.7317597
vn 0.838443 0.262457 0.4776292
vn 0.9322361 0.2849235 0.2230568
vn -0.8645759 -0.4486291 0.2263638
vn -0.7803017 -0.3987625 0.4817858
vn -0.6081919 -0.3034885 0.733483
vn -0.3394347 -0.1641593 0.9261943
vn 0 0 1
vn 0.3474068 0.155264 0.9247712
vn 0.6317423 0.2706231 0.7264054
vn 0.8155634 0.3361773 0.4710003
vn 0.9057301 0.3629536 0.2189009
vn -0.8099173 -0.5428968 0.2220291
vn -0.7352532 -0.4845103 0.4739752
vn -0.5789433 -0.3715239 0.7258064
vn -0.3271913 -0.2028236 0.9229347
vn 0 0 1
vn 0.3390632 0.1928034 0.9207947
vn 0.6139519 0.3334901 0.7154351
vn 0.788039 0.4107549 0.4585573
vn 0.8721568 0.4411387 0.2115167
vn -0.7499851 -0.6253976 0.2154071
vn -0.685922 -0.5621409 0.46207
vn -0.5472434 -0.4365884 0.7140836
vn -0.3142652 -0.2420966 0.917947
vn 0 0 1
vn 0.3294793 0.2327354 0.9150288
vn 0.5915928 0.399222 0.7004569
vn 0.7526752 0.4875326 0.4424839
vn 0.8290655 0.5212712 0.2023035
vn -0.687431 -0.6956705 0.2085213
vn -0.6329054 -0.6303291 0.4495732
vn -0.5111313 -0.4965864 0.7015317
vn -0.2979888 -0.2803209 0.9124817
vn 0 0 1
vn 0.3148741 0.2734756 0.9088815
vn 0.559571 0.4660038 0.6853617
vn 0.7053723 0.5657232 0.4270914
vn 0.7734058 0.6035778 0.193746
vn -0.6243994 -0.7539967 0.2039961
vn -0.57667 -0.6874836 0.4413821
vn -0.468532 -0.5475442 0.693306
vn -0.2751631 -0.3133126 0.9089117
vn 0 0 1
vn 0.290585 0.3101425 0.9051917
vn 0.5123211 0.5284051 0.6769898
vn 0.6419517 0.6420529 0.4191253
vn 0.7019573 0.6865438 0.1895089
vn -0.5624599 -0.8010775 0.2047285
vn -0.5177583 -0.7318202 0.4431315
vn -0.4181365 -0.5840323 0.6957501
vn -0.2433566 -0.3346469 0.9103785
vn 0 0 1
vn 0.2530042 0.3345028 0.9077978
vn 0.4457822 0.5770932 0.6842819
vn 0.5592937 0.7103532 0.4273042
vn 0.612044 0.7665687 0.1943565
vn -0.5026201 -0.8377005 0.2136137
vn -0.4567855 -0.761309 0.460169
vn -0.3601086 -0.6001812 0.7142159
vn -0.2027397 -0.3378996 0.9190868
vn 0 0 1
vn 0.2027398 0.3378996 0.9190867
vn 0.3601084 0.6001813 0.7142159
vn 0.4567853 0.7613091 0.4601691
vn 0.5026202 0.8377005 0.2136137
vn 0.7071059 -0.7071076 0
vn 0.6433583 -0.6611221 0.3860151
vn 0.4862046 -0.5342706 0.6914912
vn 0.312075 -0.3729137 0.8738104
vn 0.1513619 -0.1966671 0.9687165
vn 0 0 1
vn -0.150451 0.2240856 0.9628863
vn -0.2976972 0.4653676 0.8335523
vn -0.4209574 0.681439 0.5986951
vn -0.4941019 0.8172968 0.2964613
vn -0.5144954 0.8574931 0
vn 0.7904143 -0.6125726 0
vn 0.703845 -0.5485815 0.4512879
vn 0.5059062 -0.3906665 0.7690505
vn 0.3089225 -0.2139741 0.9267049
vn 0.1424935 -0.03918922 0.9890196
vn -0.004097149 0.1422982 0.9898154
vn -0.1426857 0.3385889 0.9300529
vn -0.2747698 0.5435611 0.7931223
vn -0.3863724 0.7265637 0.5681738
vn -0.4556977 0.8439657 0.2829513
vn -0.4761834 0.879346 0
vn 0.9061826 -0.4228864 0
vn 0.7801098 -0.3381351 0.5263966
vn 0.5214164 -0.1551964 0.8390703
vn 0.2963741 0.02369516 0.954778
vn 0.1247846 0.1837644 0.9750177
vn -0.01484598 0.3370589 0.9413665
vn -0.1387798 0.4926212 0.8591068
vn -0.2522596 0.6486136 0.7180985
vn -0.3477716 0.7863495 0.5105971
vn -0.4093035 0.8760343 0.2550189
vn -0.42853 0.9035276 0
vn 0.9987524 0.04993736 0
vn 0.8112571 0.1244144 0.5712994
vn 0.4888946 0.2630474 0.8317381
vn 0.2521236 0.3891765 0.8859884
vn 0.09079563 0.497068 0.8629482
vn -0.02987064 0.5945959 0.8034696
vn -0.1303036 0.6884189 0.7135128
vn -0.2189708 0.7799125 0.5863345
vn -0.2937692 0.8611053 0.4149667
vn -0.3440984 0.9155309 0.208325
vn -0.3608473 0.9326249 0
vn 0.5812379 0.8137337 0
vn 0.4702377 0.8081679 0.3545998
vn 0.2757149 0.8080891 0.5205509
vn 0.1275288 0.8267111 0.5479829
vn 0.02747248 0.8527395 0.5216137
vn -0.04432297 0.8790721 0.4746236
vn -0.1016183 0.9042631 0.4147072
vn -0.1515033 0.9284973 0.3390274
vn -0.1948642 0.9505841 0.2416979
vn -0.2261708 0.9662726 0.1231427
vn -0.2374532 0.9713989 0
vn 0 1 0
vn -0.01064713 0.9996455 0.02440519
vn -0.03104682 0.9992051 0.02500678
vn -0.04629376 0.9989275 0.0009131247
vn -0.05159883 0.9979962 -0.03662263
vn -0.04643553 0.9957836 -0.07911264
vn -0.02962531 0.9922737 -0.1204793
vn 0.00199385 0.9883403 -0.1522481
vn 0.05162143 0.9862496 -0.1569932
vn 0.1109778 0.9880931 -0.1065641
vn 0.1414206 0.9899496 0
vn -0.2821661 0.9593656 0
vn -0.2640209 0.9530651 -0.1481889
vn -0.2188126 0.9341015 -0.2820915
vn -0.1635514 0.9064055 -0.389461
vn -0.1037277 0.8703519 -0.4813815
vn -0.03299063 0.8205755 -0.5705852
vn 0.06482539 0.7451044 -0.66379
vn 0.2211557 0.6187309 -0.7538317
vn 0.4862878 0.3912876 -0.7812927
vn 0.8345305 0.04509301 -0.5491134
vn 0.9887153 -0.1498067 0
vn -0.4384233 0.8987686 0
vn -0.4063482 0.8820396 -0.2385107
vn -0.326038 0.8326526 -0.4476483
vn -0.2296187 0.7631572 -0.6040417
vn -0.1294483 0.6759494 -0.7254899
vn -0.01782321 0.5573497 -0.8300865
vn 0.1242163 0.3786211 -0.9171785
vn 0.3172931 0.09841564 -0.943207
vn 0.5398121 -0.2805546 -0.7936574
vn 0.685753 -0.5940355 -0.4205528
vn 0.7193477 -0.6946503 0
vn -0.5462675 0.8376108 0
vn -0.5047126 0.8120044 -0.293111
vn -0.3991388 0.7362738 -0.5464331
vn -0.2727031 0.6301755 -0.7269881
vn -0.1441181 0.4996925 -0.8541296
vn -0.00739863 0.3296493 -0.9440745
vn 0.1509902 0.09452724 -0.9840053
vn 0.3315031 -0.2156697 -0.9184728
vn 0.4923664 -0.5356967 -0.6860061
vn 0.5783861 -0.7422437 -0.3384431
vn 0.5976647 -0.8017462 0
vn -0.6323763 0.7746613 0
vn -0.583543 0.7424642 -0.3289748
vn -0.4575355 0.6466097 -0.6103746
vn -0.3064594 0.5120965 -0.8023962
vn -0.1554664 0.3495181 -0.9239413
vn -0.001740885 0.1474355 -0.9890702
vn 0.1619409 -0.1078201 -0.9808924
vn 0.3255001 -0.3999496 -0.8567905
vn 0.4524871 -0.6566635 -0.6033643
vn 0.5163732 -0.8057291 -0.2901025
vn 0.5312577 -0.8472103 0
vn -0.7071068 0.7071068 0
vn -0.6526075 0.670755 -0.352408
vn -0.509555 0.5612035 -0.6522303
vn -0.3370565 0.4061309 -0.8493825
vn -0.1668305 0.2208053 -0.9609436
vn 0 0 -1
vn 0.1652861 -0.2574603 -0.9520476
vn 0.3147967 -0.5211504 -0.7932878
vn 0.4211391 -0.7294233 -0.5390579
vn 0.473141 -0.8431247 -0.2554962
vn 0.4856427 -0.8741574 0
vn 0.6433583 -0.6611221 -0.3860151
vn 0.4862046 -0.5342706 -0.6914912
vn 0.312075 -0.3729137 -0.8738104
vn 0.1513619 -0.1966671 -0.9687165
vn 0 0 -1
vn -0.150451 0.2240856 -0.9628863
vn -0.2976972 0.4653676 -0.8335523
vn -0.4209574 0.681439 -0.5986951
vn -0.4941019 0.8172968 -0.2964613
vn 0.703845 -0.5485815 -0.4512879
vn 0.5059062 -0.3906665 -0.7690505
vn 0.3089225 -0.2139741 -0.9267049
vn 0.1424935 -0.03918922 -0.9890196
vn -0.004097149 0.1422982 -0.9898154
vn -0.1426857 0.3385889 -0.9300529
vn -0.2747698 0.5435611 -0.7931223
vn -0.3863724 0.7265637 -0.5681738
vn -0.4556977 0.8439657 -0.2829513
vn 0.7801098 -0.3381351 -0.5263966
vn 0.5214164 -0.1551964 -0.8390703
vn 0.2963741 0.02369516 -0.954778
vn 0.1247846 0.1837644 -0.9750177
vn -0.01484598 0.3370589 -0.9413665
vn -0.1387798 0.4926212 -0.8591068
vn -0.2522596 0.6486136 -0.7180985
vn -0.3477716 0.7863495 -0.5105971
vn -0.4093035 0.8760343 -0.2550189
vn 0.8112571 0.1244144 -0.5712994
vn 0.4888946 0.2630474 -0.8317381
vn 0.2521236 0.3891765 -0.8859884
vn 0.09079563 0.497068 -0.8629482
vn -0.02987064 0.5945959 -0.8034696
vn -0.1303036 0.6884189 -0.7135128
vn -0.2189708 0.7799125 -0.5863345
vn -0.2937692 0.8611053 -0.4149667
vn -0.3440984 0.9155309 -0.208325
vn 0.4702377 0.8081679 -0.3545998
vn 0.2757149 0.8080891 -0.5205509
vn 0.1275288 0.8267111 -0.5479829
vn 0.02747248 0.8527395 -0.5216137
vn -0.04432297 0.8790721 -0.4746236
vn -0.1016183 0.9042631 -0.4147072
vn -0.1515033 0.9284973 -0.3390274
vn -0.1948642 0.9505841 -0.2416979
vn -0.2261708 0.9662726 -0.1231427
vn -0.01064713 0.9996455 -0.02440519
vn -0.03104682 0.9992051 -0.02500678
vn -0.04629376 0.9989275 -0.0009131247
vn -0.05159883 0.9979962 0.03662263
vn -0.04643553 0.9957836 0.07911264
vn -0.02962531 0.9922737 0.1204793
vn 0.00199385 0.9883403 0.1522481
vn 0.05162143 0.9862496 0.1569932
vn 0.1109778 0.9880931 0.1065641
vn -0.2640209 0.9530651 0.1481889
vn -0.2188126 0.9341015 0.2820915
vn -0.1635514 0.9064055 0.389461
vn -0.1037277 0.8703519 0.4813815
vn -0.03299063 0.8205755 0.5705852
vn 0.06482539 0.7451044 0.66379
vn 0.2211557 0.6187309 0.7538317
vn 0.4862878 0.3912876 0.7812927
vn 0.8345305 0.04509301 0.5491134
vn -0.4063482 0.8820396 0.2385107
vn -0.326038 0.8326526 0.4476483
vn -0.2296187 0.7631572 0.6040417
vn -0.1294483 0.6759494 0.7254899
vn -0.01782321 0.5573497 0.8300865
vn 0.1242163 0.3786211 0.9171785
vn 0.3172931 0.09841564 0.943207
vn 0.5398121 -0.2805546 0.7936574
vn 0.685753 -0.5940355 0.4205528
vn -0.5047126 0.8120044 0.293111
vn -0.3991388 0.7362738 0.5464331
vn -0.2727031 0.6301755 0.7269881
vn -0.1441181 0.4996925 0.8541296
vn -0.00739863 0.3296493 0.9440745
vn 0.1509902 0.09452724 0.9840053
vn 0.3315031 -0.2156697 0.9184728
vn 0.4923664 -0.5356967 0.6860061
vn 0.5783861 -0.7422437 0.3384431
vn -0.583543 0.7424642 0.3289748
vn -0.4575355 0.6466097 0.6103746
vn -0.3064594 0.5120965 0.8023962
vn -0.1554664 0.3495181 0.9239413
vn -0.001740885 0.1474355 0.9890702
vn 0.1619409 -0.1078201 0.9808924
vn 0.3255001 -0.3999496 0.8567905
vn 0.4524871 -0.6566635 0.6033643
vn 0.5163732 -0.8057291 0.2901025
vn -0.6526075 0.670755 0.352408
vn -0.509555 0.5612035 0.6522303
vn -0.3370565 0.4061309 0.8493825
vn -0.1668305 0.2208053 0.9609436
vn 0 0 1
vn 0.1652861 -0.2574603 0.9520476
vn 0.3147967 -0.5211504 0.7932878
vn 0.4211391 -0.7294233 0.5390579
vn 0.473141 -0.8431247 0.2554962
vn -0.8672531 0.4978676 0
vn -0.8025466 0.4847434 -0.3477682
vn -0.6262899 0.432662 -0.6485095
vn -0.4087479 0.3447226 -0.8450394
vn -0.1958601 0.2296848 -0.9533539
vn 0.00858411 0.08679085 -0.9961896
vn 0.2142776 -0.08845623 -0.9727592
vn 0.421366 -0.2909185 -0.8589628
vn 0.6031768 -0.4874096 -0.6313555
vn 0.7161687 -0.6212868 -0.3179703
vn 0.7482985 -0.6633621 0
vn -0.9407992 0.3389645 0
vn -0.8889942 0.3443394 -0.3018603
vn -0.7258358 0.3405834 -0.5976331
vn -0.4849198 0.3039285 -0.8200489
vn -0.2211559 0.2299531 -0.9477403
vn 0.03895168 0.1236402 -0.9915624
vn 0.2930282 -0.009989331 -0.9560516
vn 0.5359858 -0.1612457 -0.8286851
vn 0.7399063 -0.3048774 -0.5996571
vn 0.8644963 -0.4032473 -0.3000629
vn 0.9003212 -0.4352263 0
vn -0.9670963 0.2544104 0
vn -0.9302843 0.2659309 -0.2526893
vn -0.7966204 0.2848515 -0.5331563
vn -0.5522234 0.2800449 -0.7852542
vn -0.2356726 0.2310902 -0.9439574
vn 0.09265217 0.1418196 -0.9855469
vn 0.3946859 0.02834298 -0.9183788
vn 0.6486009 -0.0902543 -0.7557586
vn 0.8325274 -0.1918916 -0.5196881
vn 0.9330267 -0.2568596 -0.2519606
vn 0.9606358 -0.2778109 0
vn -0.9701425 0.2425357 0
vn -0.941913 0.2537131 -0.2200673
vn -0.8301934 0.2762105 -0.4842384
vn -0.5909177 0.2812543 -0.7561166
vn -0.2306428 0.2381936 -0.943434
vn 0.1597568 0.1471249 -0.9761311
vn 0.4910515 0.03652383 -0.8703645
vn 0.7317612 -0.06659486 -0.6782998
vn 0.8830006 -0.1457545 -0.4461677
vn 0.9581891 -0.1931375 -0.2111194
vn 0.9780889 -0.2081877 0
vn -0.9529258 0.3032037 0
vn -0.9266916 0.3112774 -0.2105922
vn -0.8207244 0.3252568 -0.4697016
vn -0.5814729 0.3164913 -0.7494815
vn -0.1999461 0.251662 -0.946936
vn 0.2156225 0.1361827 -0.9669339
vn 0.5474893 0.011825 -0.8367291
vn 0.7687592 -0.0918567 -0.6329072
vn 0.8980905 -0.1650067 -0.4076838
vn 0.9596214 -0.2066088 -0.1908918
vn 0.9756098 -0.2195122 0
vn -0.897303 0.4414153 0
vn -0.8677678 0.4428724 -0.2254842
vn -0.752976 0.433602 -0.4949914
vn -0.5102592 0.3821574 -0.7704487
vn -0.1485979 0.2656652 -0.9525443
vn 0.2323937 0.1075391 -0.9666584
vn 0.539362 -0.04562199 -0.8408372
vn 0.7493658 -0.1673562 -0.6406581
vn 0.874736 -0.2505596 -0.4147975
vn 0.9349917 -0.2964543 -0.1946933
vn 0.9506533 -0.3102552 0
vn -0.7627571 0.6466851 0
vn -0.7285608 0.6336401 -0.2601913
vn -0.6061711 0.5766713 -0.5477288
vn -0.383364 0.4537113 -0.8044738
vn -0.09421419 0.2722609 -0.9576
vn 0.2003349 0.0683653 -0.9773394
vn 0.4572258 -0.1239274 -0.8806739
vn 0.6566886 -0.283646 -0.6987882
vn 0.7899964 -0.3978003 -0.466541
vn 0.8587769 -0.4615005 -0.2225302
vn 0.8771573 -0.4802031 0
vn -0.522562 0.8526013 0
vn -0.4928885 0.8170591 -0.2991244
vn -0.3944123 0.6962994 -0.5996717
vn -0.2376228 0.5004883 -0.8324944
vn -0.0534667 0.2685947 -0.9617683
vn 0.1348701 0.03163317 -0.9903581
vn 0.3173286 -0.1967435 -0.9276824
vn 0.483981 -0.4048303 -0.775806
vn 0.6157255 -0.5705113 -0.5435062
vn 0.6929393 -0.6697629 -0.2669321
vn 0.7149628 -0.6991625 0
vn -0.2374832 0.9713917 0
vn -0.2255322 0.9174501 -0.3277506
vn -0.1833137 0.7502707 -0.6352085
vn -0.1147933 0.5119774 -0.851294
vn -0.03122266 0.2573404 -0.9658163
vn 0.06194109 0.00773799 -0.9980497
vn 0.1643406 -0.2383716 -0.9571684
vn 0.2733724 -0.480899 -0.8330688
vn 0.3752129 -0.6969649 -0.6111099
vn 0.444506 -0.8402499 -0.3104746
vn 0.4662484 -0.8846539 0
vn 0 1 0
vn -0.008604858 0.9362944 -0.3511104
vn -0.02448763 0.7471852 -0.6641645
vn -0.03187846 0.4958867 -0.8678018
vn -0.02379602 0.242467 -0.9698678
vn 0 0 -1
vn 0.03849181 -0.242356 -0.9694235
vn 0.08995269 -0.4941276 -0.8647233
vn 0.1474102 -0.7392443 -0.6571058
vn 0.1932794 -0.9186735 -0.3445026
vn 0.2095291 -0.9778025 0
vn -0.8025466 0.4847434 0.3477682
vn -0.6262899 0.432662 0.6485095
vn -0.4087479 0.3447226 0.8450394
vn -0.1958601 0.2296848 0.9533539
vn 0.00858411 0.08679085 0.9961896
vn 0.2142776 -0.08845623 0.9727592
vn 0.421366 -0.2909185 0.8589628
vn 0.6031768 -0.4874096 0.6313555
vn 0.7161687 -0.6212868 0.3179703
vn -0.8889942 0.3443394 0.3018603
vn -0.7258358 0.3405834 0.5976331
vn -0.4849198 0.3039285 0.8200489
vn -0.2211559 0.2299531 0.9477403
vn 0.03895168 0.1236402 0.9915624
vn 0.2930282 -0.009989331 0.9560516
vn 0.5359858 -0.1612457 0.8286851
vn 0.7399063 -0.3048774 0.5996571
vn 0.8644963 -0.4032473 0.3000629
vn -0.9302843 0.2659309 0.2526893
vn -0.7966204 0.2848515 0.5331563
vn -0.5522234 0.2800449 0.7852542
vn -0.2356726 0.2310902 0.9439574
vn 0.09265217 0.1418196 0.9855469
vn 0.3946859 0.02834298 0.9183788
vn 0.6486009 -0.0902543 0.7557586
vn 0.8325274 -0.1918916 0.5196881
vn 0.9330267 -0.2568596 0.2519606
vn -0.941913 0.2537131 0.2200673
vn -0.8301934 0.2762105 0.4842384
vn -0.5909177 0.2812543 0.7561166
vn -0.2306428 0.2381936 0.943434
vn 0.1597568 0.1471249 0.9761311
vn 0.4910515 0.03652383 0.8703645
vn 0.7317612 -0.06659486 0.6782998
vn 0.8830006 -0.1457545 0.4461677
vn 0.9581891 -0.1931375 0.2111194
vn -0.9266916 0.3112774 0.2105922
vn -0.8207244 0.3252568 0.4697016
vn -0.5814729 0.3164913 0.7494815
vn -0.1999461 0.251662 0.946936
vn 0.2156225 0.1361827 0.9669339
vn 0.5474893 0.011825 0.8367291
vn 0.7687592 -0.0918567 0.6329072
vn 0.8980905 -0.1650067 0.4076838
vn 0.9596214 -0.2066088 0.1908918
vn -0.8677678 0.4428724 0.2254842
vn -0.752976 0.433602 0.4949914
vn -0.5102592 0.3821574 0.7704487
vn -0.1485979 0.2656652 0.9525443
vn 0.2323937 0.1075391 0.9666584
vn 0.539362 -0.04562199 0.8408372
vn 0.7493658 -0.1673562 0.6406581
vn 0.874736 -0.2505596 0.4147975
vn 0.9349917 -0.2964543 0.1946933
vn -0.7285608 0.6336401 0.2601913
vn -0.6061711 0.5766713 0.5477288
vn -0.383364 0.4537113 0.8044738
vn -0.09421419 0.2722609 0.9576
vn 0.2003349 0.0683653 0.9773394
vn 0.4572258 -0.1239274 0.8806739
vn 0.6566886 -0.283646 0.6987882
vn 0.7899964 -0.3978003 0.466541
vn 0.8587769 -0.4615005 0.2225302
vn -0.4928885 0.8170591 0.2991244
vn -0.3944123 0.6962994 0.5996717
vn -0.2376228 0.5004883 0.8324944
vn -0.0534667 0.2685947 0.9617683
vn 0.1348701 0.03163317 0.9903581
vn 0.3173286 -0.1967435 0.9276824
vn 0.483981 -0.4048303 0.775806
vn 0.6157255 -0.5705113 0.5435062
vn 0.6929393 -0.6697629 0.2669321
vn -0.2255322 0.9174501 0.3277506
vn -0.1833137 0.7502707 0.6352085
vn -0.1147933 0.5119774 0.851294
vn -0.03122266 0.2573404 0.9658163
vn 0.06194109 0.00773799 0.9980497
vn 0.1643406 -0.2383716 0.9571684
vn 0.2733724 -0.480899 0.8330688
vn 0.3752129 -0.6969649 0.6111099
vn 0.444506 -0.8402499 0.3104746
vn -0.008604858 0.9362944 0.3511104
vn -0.02448763 0.7471852 0.6641645
vn -0.03187846 0.4958867 0.8678018
vn -0.02379602 0.242467 0.9698678
vn 0 0 1
vn 0.03849181 -0.242356 0.9694235
vn 0.08995269 -0.4941276 0.8647233
vn 0.1474102 -0.7392443 0.6571058
vn 0.1932794 -0.9186735 0.3445026
vn 0 1 0
vn -0.1447058 0.9894748 0
vn -0.1428244 0.9894911 -0.02255126
vn -0.1372991 0.9895241 -0.04462227
vn -0.128401 0.9895562 -0.06551082
vn -0.1164548 0.9895782 -0.08469443
vn -0.1017831 0.989586 -0.1017831
vn -0.08469444 0.9895782 -0.1164548
vn -0.06551085 0.9895562 -0.1284011
vn -0.0446223 0.9895241 -0.1372992
vn -0.02255125 0.9894911 -0.1428243
vn 0 0.9894748 -0.1447058
vn -0.4579565 0.8889746 0
vn -0.4520712 0.8891211 -0.07138096
vn -0.4347158 0.8894159 -0.1412845
vn -0.4066655 0.8897042 -0.2074842
vn -0.3689065 0.8899016 -0.2682967
vn -0.3224532 0.8899707 -0.3224532
vn -0.2682968 0.8899016 -0.3689065
vn -0.2074843 0.889704 -0.4066657
vn -0.1412846 0.8894158 -0.4347161
vn -0.07138091 0.8891213 -0.4520709
vn 0 0.8889746 -0.4579565
vn -0.9291641 0.3696674 0
vn -0.917698 0.3699075 -0.1449096
vn -0.8833891 0.3703891 -0.287116
vn -0.8272353 0.3708586 -0.4220729
vn -0.7509567 0.3711796 -0.5461593
vn -0.6565601 0.3712918 -0.6565601
vn -0.5461593 0.3711794 -0.7509567
vn -0.422073 0.3708584 -0.8272354
vn -0.287116 0.370389 -0.8833892
vn -0.1449096 0.3699078 -0.917698
vn 0 0.3696674 -0.9291641
vn -0.961524 -0.2747212 0
vn -0.9496908 -0.2749426 -0.1499801
vn -0.9142463 -0.2753948 -0.2971723
vn -0.856186 -0.2758432 -0.4368708
vn -0.7772744 -0.2761545 -0.5653169
vn -0.6795873 -0.2762645 -0.6795873
vn -0.5653169 -0.2761545 -0.7772744
vn -0.4368708 -0.2758431 -0.856186
vn -0.2971724 -0.2753946 -0.9142464
vn -0.1499801 -0.274943 -0.9496907
vn 0 -0.2747212 -0.961524
vn -0.8574929 -0.5144958 0
vn -0.8468004 -0.5148157 -0.1337682
vn -0.8149238 -0.5154657 -0.2649423
vn -0.7629225 -0.5161075 -0.3893356
vn -0.6924581 -0.5165511 -0.5036633
vn -0.605398 -0.5167072 -0.605398
vn -0.5036634 -0.516551 -0.6924582
vn -0.3893357 -0.5161074 -0.7629226
vn -0.2649423 -0.5154654 -0.8149239
vn -0.1337681 -0.514816 -0.8468001
vn 0 -0.5144958 -0.8574929
vn -0.8203982 -0.5717927 0
vn -0.8101112 -0.5721219 -0.1280482
vn -0.7795053 -0.5727912 -0.2535383
vn -0.7296684 -0.5734526 -0.372473
vn -0.66223 -0.5739096 -0.481746
vn -0.5789831 -0.5740706 -0.5789831
vn -0.481746 -0.5739094 -0.6622301
vn -0.3724731 -0.5734524 -0.7296686
vn -0.2535384 -0.572791 -0.7795054
vn -0.1280482 -0.5721223 -0.8101109
vn 0 -0.5717927 -0.8203982
vn -0.8483564 -0.5294256 0
vn -0.8377198 -0.5297644 -0.132572
vn -0.8060745 -0.5304552 -0.2624142
vn -0.7545555 -0.5311399 -0.3854042
vn -0.684858 -0.5316144 -0.498353
vn -0.5988355 -0.5317819 -0.5988355
vn -0.4983531 -0.5316142 -0.684858
vn -0.3854042 -0.5311398 -0.7545556
vn -0.2624142 -0.530455 -0.8060746
vn -0.1325719 -0.5297648 -0.8377195
vn 0 -0.5294256 -0.8483564
vn -0.9363291 -0.3511234 0
vn -0.9246563 -0.351435 -0.1466426
vn -0.8898625 -0.3520773 -0.2901488
vn -0.8331403 -0.3527217 -0.4259866
vn -0.7563397 -0.3531724 -0.5506536
vn -0.6614968 -0.3533325 -0.6614968
vn -0.5506536 -0.3531722 -0.7563398
vn -0.4259866 -0.3527216 -0.8331403
vn -0.2901488 -0.3520772 -0.8898625
vn -0.1466426 -0.3514354 -0.9246562
vn 0 -0.3511234 -0.9363291
vn -0.9938837 0.1104313 0
vn -0.9815578 0.1104084 -0.1560582
vn -0.9447634 0.1103361 -0.3086227
vn -0.884714 0.1102373 -0.4529115
vn -0.8033474 0.1101536 -0.5852342
vn -0.7028062 0.1101212 -0.7028062
vn -0.5852342 0.1101535 -0.8033475
vn -0.4529115 0.1102372 -0.8847141
vn -0.3086226 0.110336 -0.9447634
vn -0.1560583 0.1104087 -0.9815578
vn 0 0.1104313 -0.9938837
vn -0.7071068 0.7071067 0
vn -0.6980948 0.7073321 -0.1111082
vn -0.6714701 0.7077707 -0.2195191
vn -0.6283968 0.7081825 -0.3218618
vn -0.5703877 0.708455 -0.4156313
vn -0.4989779 0.7085493 -0.4989779
vn -0.4156316 0.7084546 -0.5703881
vn -0.3218618 0.7081825 -0.6283968
vn -0.219519 0.7077707 -0.67147
vn -0.1111081 0.7073329 -0.698094
vn 0 0.7071067 -0.7071068
vn 0.02255126 0.9894911 -0.1428244
vn 0.04462227 0.9895241 -0.1372991
vn 0.06551082 0.9895562 -0.128401
vn 0.08469443 0.9895782 -0.1164548
vn 0.1017831 0.989586 -0.1017831
vn 0.1164548 0.9895782 -0.08469444
vn 0.1284011 0.9895562 -0.06551085
vn 0.1372992 0.9895241 -0.0446223
vn 0.1428243 0.9894911 -0.02255125
vn 0.1447058 0.9894748 0
vn 0.07138096 0.8891211 -0.4520712
vn 0.1412845 0.8894159 -0.4347158
vn 0.2074842 0.8897042 -0.4066655
vn 0.2682967 0.8899016 -0.3689065
vn 0.3224532 0.8899707 -0.3224532
vn 0.3689065 0.8899016 -0.2682968
vn 0.4066657 0.889704 -0.2074843
vn 0.4347161 0.8894158 -0.1412846
vn 0.4520709 0.8891213 -0.07138091
vn 0.4579565 0.8889746 0
vn 0.1449096 0.3699075 -0.917698
vn 0.287116 0.3703891 -0.8833891
vn 0.4220729 0.3708586 -0.8272353
vn 0.5461593 0.3711796 -0.7509567
vn 0.6565601 0.3712918 -0.6565601
vn 0.7509567 0.3711794 -0.5461593
vn 0.8272354 0.3708584 -0.422073
vn 0.8833892 0.370389 -0.287116
vn 0.917698 0.3699078 -0.1449096
vn 0.9291641 0.3696674 0
vn 0.1499801 -0.2749426 -0.9496908
vn 0.2971723 -0.2753948 -0.9142463
vn 0.4368708 -0.2758432 -0.856186
vn 0.5653169 -0.2761545 -0.7772744
vn 0.6795873 -0.2762645 -0.6795873
vn 0.7772744 -0.2761545 -0.5653169
vn 0.856186 -0.2758431 -0.4368708
vn 0.9142464 -0.2753946 -0.2971724
vn 0.9496907 -0.274943 -0.1499801
vn 0.961524 -0.2747212 0
vn 0.1337682 -0.5148157 -0.8468004
vn 0.2649423 -0.5154657 -0.8149238
vn 0.3893356 -0.5161075 -0.7629225
vn 0.5036633 -0.5165511 -0.6924581
vn 0.605398 -0.5167072 -0.605398
vn 0.6924582 -0.516551 -0.5036634
vn 0.7629226 -0.5161074 -0.3893357
vn 0.8149239 -0.5154654 -0.2649423
vn 0.8468001 -0.514816 -0.1337681
vn 0.8574929 -0.5144958 0
vn 0.1280482 -0.5721219 -0.8101112
vn 0.2535383 -0.5727912 -0.7795053
vn 0.372473 -0.5734526 -0.7296684
vn 0.481746 -0.5739096 -0.66223
vn 0.5789831 -0.5740706 -0.5789831
vn 0.6622301 -0.5739094 -0.481746
vn 0.7296686 -0.5734524 -0.3724731
vn 0.7795054 -0.572791 -0.2535384
vn 0.8101109 -0.5721223 -0.1280482
vn 0.8203982 -0.5717927 0
vn 0.132572 -0.5297644 -0.8377198
vn 0.2624142 -0.5304552 -0.8060745
vn 0.3854042 -0.5311399 -0.7545555
vn 0.498353 -0.5316144 -0.684858
vn 0.5988355 -0.5317819 -0.5988355
vn 0.684858 -0.5316142 -0.4983531
vn 0.7545556 -0.5311398 -0.3854042
vn 0.8060746 -0.530455 -0.2624142
vn 0.8377195 -0.5297648 -0.1325719
vn 0.8483564 -0.5294256 0
vn 0.1466426 -0.351435 -0.9246563
vn 0.2901488 -0.3520773 -0.8898625
vn 0.4259866 -0.3527217 -0.8331403
vn 0.5506536 -0.3531724 -0.7563397
vn 0.6614968 -0.3533325 -0.6614968
vn 0.7563398 -0.3531722 -0.5506536
vn 0.8331403 -0.3527216 -0.4259866
vn 0.8898625 -0.3520772 -0.2901488
vn 0.9246562 -0.3514354 -0.1466426
vn 0.9363291 -0.3511234 0
vn 0.1560582 0.1104084 -0.9815578
vn 0.3086227 0.1103361 -0.9447634
vn 0.4529115 0.1102373 -0.884714
vn 0.5852342 0.1101536 -0.8033474
vn 0.7028062 0.1101212 -0.7028062
vn 0.8033475 0.1101535 -0.5852342
vn 0.8847141 0.1102372 -0.4529115
vn 0.9447634 0.110336 -0.3086226
vn 0.9815578 0.1104087 -0.1560583
vn 0.9938837 0.1104313 0
vn 0.1111082 0.7073321 -0.6980948
vn 0.2195191 0.7077707 -0.6714701
vn 0.3218618 0.7081825 -0.6283968
vn 0.4156313 0.708455 -0.5703877
vn 0.4989779 0.7085493 -0.4989779
vn 0.5703881 0.7084546 -0.4156316
vn 0.6283968 0.7081825 -0.3218618
vn 0.67147 0.7077707 -0.219519
vn 0.698094 0.7073329 -0.1111081
vn 0.7071068 0.7071067 0
vn 0 0.9894748 0.1447058
vn 0.02255126 0.9894911 0.1428244
vn 0.04462227 0.9895241 0.1372991
vn 0.06551082 0.9895562 0.128401
vn 0.08469443 0.9895782 0.1164548
vn 0.1017831 0.989586 0.1017831
vn 0.1164548 0.9895782 0.08469444
vn 0.1284011 0.9895562 0.06551085
vn 0.1372992 0.9895241 0.0446223
vn 0.1428243 0.9894911 0.02255125
vn 0 0.8889746 0.4579565
vn 0.07138096 0.8891211 0.4520712
vn 0.1412845 0.8894159 0.4347158
vn 0.2074842 0.8897042 0.4066655
vn 0.2682967 0.8899016 0.3689065
vn 0.3224532 0.8899707 0.3224532
vn 0.3689065 0.8899016 0.2682968
vn 0.4066657 0.889704 0.2074843
vn 0.4347161 0.8894158 0.1412846
vn 0.4520709 0.8891213 0.07138091
vn 0 0.3696674 0.9291641
vn 0.1449096 0.3699075 0.917698
vn 0.287116 0.3703891 0.8833891
vn 0.4220729 0.3708586 0.8272353
vn 0.5461593 0.3711796 0.7509567
vn 0.6565601 0.3712918 0.6565601
vn 0.7509567 0.3711794 0.5461593
vn 0.8272354 0.3708584 0.422073
vn 0.8833892 0.370389 0.287116
vn 0.917698 0.3699078 0.1449096
vn 0 -0.2747212 0.961524
vn 0.1499801 -0.2749426 0.9496908
vn 0.2971723 -0.2753948 0.9142463
vn 0.4368708 -0.2758432 0.856186
vn 0.5653169 -0.2761545 0.7772744
vn 0.6795873 -0.2762645 0.6795873
vn 0.7772744 -0.2761545 0.5653169
vn 0.856186 -0.2758431 0.4368708
vn 0.9142464 -0.2753946 0.2971724
vn 0.9496907 -0.274943 0.1499801
vn 0 -0.5144958 0.8574929
vn 0.1337682 -0.5148157 0.8468004
vn 0.2649423 -0.5154657 0.8149238
vn 0.3893356 -0.5161075 0.7629225
vn 0.5036633 -0.5165511 0.6924581
vn 0.605398 -0.5167072 0.605398
vn 0.6924582 -0.516551 0.5036634
vn 0.7629226 -0.5161074 0.3893357
vn 0.8149239 -0.5154654 0.2649423
vn 0.8468001 -0.514816 0.1337681
vn 0 -0.5717927 0.8203982
vn 0.1280482 -0.5721219 0.8101112
vn 0.2535383 -0.5727912 0.7795053
vn 0.372473 -0.5734526 0.7296684
vn 0.481746 -0.5739096 0.66223
vn 0.5789831 -0.5740706 0.5789831
vn 0.6622301 -0.5739094 0.481746
vn 0.7296686 -0.5734524 0.3724731
vn 0.7795054 -0.572791 0.2535384
vn 0.8101109 -0.5721223 0.1280482
vn 0 -0.5294256 0.8483564
vn 0.132572 -0.5297644 0.8377198
vn 0.2624142 -0.5304552 0.8060745
vn 0.3854042 -0.5311399 0.7545555
vn 0.498353 -0.5316144 0.684858
vn 0.5988355 -0.5317819 0.5988355
vn 0.684858 -0.5316142 0.4983531
vn 0.7545556 -0.5311398 0.3854042
vn 0.8060746 -0.530455 0.2624142
vn 0.8377195 -0.5297648 0.1325719
vn 0 -0.3511234 0.9363291
vn 0.1466426 -0.351435 0.9246563
vn 0.2901488 -0.3520773 0.8898625
vn 0.4259866 -0.3527217 0.8331403
vn 0.5506536 -0.3531724 0.7563397
vn 0.6614968 -0.3533325 0.6614968
vn 0.7563398 -0.3531722 0.5506536
vn 0.8331403 -0.3527216 0.4259866
vn 0.8898625 -0.3520772 0.2901488
vn 0.9246562 -0.3514354 0.1466426
vn 0 0.1104313 0.9938837
vn 0.1560582 0.1104084 0.9815578
vn 0.3086227 0.1103361 0.9447634
vn 0.4529115 0.1102373 0.884714
vn 0.5852342 0.1101536 0.8033474
vn 0.7028062 0.1101212 0.7028062
vn 0.8033475 0.1101535 0.5852342
vn 0.8847141 0.1102372 0.4529115
vn 0.9447634 0.110336 0.3086226
vn 0.9815578 0.1104087 0.1560583
vn 0 0.7071067 0.7071068
vn 0.1111082 0.7073321 0.6980948
vn 0.2195191 0.7077707 0.6714701
vn 0.3218618 0.7081825 0.6283968
vn 0.4156313 0.708455 0.5703877
vn 0.4989779 0.7085493 0.4989779
vn 0.5703881 0.7084546 0.4156316
vn 0.6283968 0.7081825 0.3218618
vn 0.67147 0.7077707 0.219519
vn 0.698094 0.7073329 0.1111081
vn -0.1428244 0.9894911 0.02255126
vn -0.1372991 0.9895241 0.04462227
vn -0.128401 0.9895562 0.06551082
vn -0.1164548 0.9895782 0.08469443
vn -0.1017831 0.989586 0.1017831
vn -0.08469444 0.9895782 0.1164548
vn -0.06551085 0.9895562 0.1284011
vn -0.0446223 0.9895241 0.1372992
vn -0.02255125 0.9894911 0.1428243
vn -0.4520712 0.8891211 0.07138096
vn -0.4347158 0.8894159 0.1412845
vn -0.4066655 0.8897042 0.2074842
vn -0.3689065 0.8899016 0.2682967
vn -0.3224532 0.8899707 0.3224532
vn -0.2682968 0.8899016 0.3689065
vn -0.2074843 0.889704 0.4066657
vn -0.1412846 0.8894158 0.4347161
vn -0.07138091 0.8891213 0.4520709
vn -0.917698 0.3699075 0.1449096
vn -0.8833891 0.3703891 0.287116
vn -0.8272353 0.3708586 0.4220729
vn -0.7509567 0.3711796 0.5461593
vn -0.6565601 0.3712918 0.6565601
vn -0.5461593 0.3711794 0.7509567
vn -0.422073 0.3708584 0.8272354
vn -0.287116 0.370389 0.8833892
vn -0.1449096 0.3699078 0.917698
vn -0.9496908 -0.2749426 0.1499801
vn -0.9142463 -0.2753948 0.2971723
vn -0.856186 -0.2758432 0.4368708
vn -0.7772744 -0.2761545 0.5653169
vn -0.6795873 -0.2762645 0.6795873
vn -0.5653169 -0.2761545 0.7772744
vn -0.4368708 -0.2758431 0.856186
vn -0.2971724 -0.2753946 0.9142464
vn -0.1499801 -0.274943 0.9496907
vn -0.8468004 -0.5148157 0.1337682
vn -0.8149238 -0.5154657 0.2649423
vn -0.7629225 -0.5161075 0.3893356
vn -0.6924581 -0.5165511 0.5036633
vn -0.605398 -0.5167072 0.605398
vn -0.5036634 -0.516551 0.6924582
vn -0.3893357 -0.5161074 0.7629226
vn -0.2649423 -0.5154654 0.8149239
vn -0.1337681 -0.514816 0.8468001
vn -0.8101112 -0.5721219 0.1280482
vn -0.7795053 -0.5727912 0.2535383
vn -0.7296684 -0.5734526 0.372473
vn -0.66223 -0.5739096 0.481746
vn -0.5789831 -0.5740706 0.5789831
vn -0.481746 -0.5739094 0.6622301
vn -0.3724731 -0.5734524 0.7296686
vn -0.2535384 -0.572791 0.7795054
vn -0.1280482 -0.5721223 0.8101109
vn -0.8377198 -0.5297644 0.132572
vn -0.8060745 -0.5304552 0.2624142
vn -0.7545555 -0.5311399 0.3854042
vn -0.684858 -0.5316144 0.498353
vn -0.5988355 -0.5317819 0.5988355
vn -0.4983531 -0.5316142 0.684858
vn -0.3854042 -0.5311398 0.7545556
vn -0.2624142 -0.530455 0.8060746
vn -0.1325719 -0.5297648 0.8377195
vn -0.9246563 -0.351435 0.1466426
vn -0.8898625 -0.3520773 0.2901488
vn -0.8331403 -0.3527217 0.4259866
vn -0.7563397 -0.3531724 0.5506536
vn -0.6614968 -0.3533325 0.6614968
vn -0.5506536 -0.3531722 0.7563398
vn -0.4259866 -0.3527216 0.8331403
vn -0.2901488 -0.3520772 0.8898625
vn -0.1466426 -0.3514354 0.9246562
vn -0.9815578 0.1104084 0.1560582
vn -0.9447634 0.1103361 0.3086227
vn -0.884714 0.1102373 0.4529115
vn -0.8033474 0.1101536 0.5852342
vn -0.7028062 0.1101212 0.7028062
vn -0.5852342 0.1101535 0.8033475
vn -0.4529115 0.1102372 0.8847141
vn -0.3086226 0.110336 0.9447634
vn -0.1560583 0.1104087 0.9815578
vn -0.6980948 0.7073321 0.1111082
vn -0.6714701 0.7077707 0.2195191
vn -0.6283968 0.7081825 0.3218618
vn -0.5703877 0.708455 0.4156313
vn -0.4989779 0.7085493 0.4989779
vn -0.4156316 0.7084546 0.5703881
vn -0.3218618 0.7081825 0.6283968
vn -0.219519 0.7077707 0.67147
vn -0.1111081 0.7073329 0.698094
vn -0.4516139 0.8922135 0
vn -0.4457722 0.8923303 -0.07094872
vn -0.4286147 0.8925551 -0.140124
vn -0.4009825 0.8927662 -0.2053813
vn -0.3638833 0.8929062 -0.2651552
vn -0.318302 0.8929545 -0.318302
vn -0.265155 0.8929065 -0.363883
vn -0.2053809 0.8927667 -0.4009818
vn -0.1401239 0.8925554 -0.4286143
vn -0.07094888 0.8923299 -0.445773
vn 0 0.8922135 -0.4516139
vn -0.3107387 0.9504954 0
vn -0.3066981 0.9505543 -0.04881381
vn -0.2948543 0.9506676 -0.09639468
vn -0.2758111 0.950774 -0.1412691
vn -0.2502722 0.9508446 -0.1823689
vn -0.218916 0.9508688 -0.218916
vn -0.1823687 0.9508447 -0.2502719
vn -0.1412688 0.9507742 -0.2758106
vn -0.09639459 0.9506677 -0.2948541
vn -0.04881392 0.9505541 -0.3066987
vn 0 0.9504954 -0.3107387
vn -0.2367681 0.9715662 0
vn -0.2336833 0.9716012 -0.03719284
vn -0.224648 0.9716684 -0.07344261
vn -0.2101291 0.9717315 -0.1076271
vn -0.1906661 0.9717733 -0.138935
vn -0.1667761 0.9717878 -0.1667761
vn -0.1389349 0.9717734 -0.1906659
vn -0.1076269 0.9717316 -0.2101288
vn -0.07344251 0.9716684 -0.2246477
vn -0.03719293 0.971601 -0.2336838
vn 0 0.9715662 -0.2367681
vn -0.2020914 0.9793667 0
vn -0.1994566 0.9793923 -0.03174534
vn -0.191741 0.9794417 -0.06268456
vn -0.1793457 0.9794881 -0.09186
vn -0.1627321 0.9795188 -0.11858
vn -0.1423415 0.9795294 -0.1423415
vn -0.1185798 0.9795188 -0.1627319
vn -0.09185991 0.9794881 -0.1793455
vn -0.0626845 0.9794417 -0.1917409
vn -0.03174541 0.9793922 -0.199457
vn 0 0.9793667 -0.2020914
vn -0.1961161 0.9805807 0
vn -0.1935589 0.9806048 -0.03080668
vn -0.1860709 0.9806514 -0.06083088
vn -0.1740416 0.9806952 -0.08914328
vn -0.1579191 0.9807242 -0.1150728
vn -0.1381314 0.9807341 -0.1381314
vn -0.1150727 0.9807241 -0.157919
vn -0.08914328 0.9806952 -0.1740416
vn -0.06083085 0.9806515 -0.1860709
vn -0.03080674 0.9806048 -0.1935593
vn 0 0.9805807 -0.1961161
vn -0.2187115 0.9757896 0
vn -0.2158611 0.9758194 -0.03435627
vn -0.2075127 0.9758771 -0.06784069
vn -0.1940993 0.9759313 -0.0994167
vn -0.17612 0.9759671 -0.1283355
vn -0.154052 0.9759795 -0.154052
vn -0.1283354 0.9759671 -0.1761198
vn -0.09941676 0.9759312 -0.1940994
vn -0.06784067 0.9758771 -0.2075126
vn -0.03435633 0.9758194 -0.2158614
vn 0 0.9757896 -0.2187115
vn -0.2811165 0.9596737 0
vn -0.2774585 0.9597222 -0.04416007
vn -0.2667381 0.9598159 -0.08720285
vn -0.2495054 0.9599038 -0.1277954
vn -0.2263993 0.9599621 -0.1649731
vn -0.1980329 0.9599822 -0.1980329
vn -0.164973 0.9599622 -0.2263991
vn -0.1277956 0.9599038 -0.2495057
vn -0.08720282 0.9598159 -0.2667381
vn -0.04416013 0.9597221 -0.2774589
vn 0 0.9596737 -0.2811165
vn -0.4175003 0.9086767 0
vn -0.4120928 0.9087781 -0.06558835
vn -0.396217 0.9089738 -0.1295325
vn -0.3706602 0.9091578 -0.1898503
vn -0.3363589 0.9092795 -0.2450987
vn -0.2942227 0.9093217 -0.2942227
vn -0.2450985 0.9092797 -0.3363587
vn -0.1898506 0.9091575 -0.3706608
vn -0.1295325 0.9089738 -0.396217
vn -0.06558841 0.908778 -0.4120932
vn 0 0.9086767 -0.4175003
vn -0.7071068 0.7071068 0
vn -0.6980938 0.707333 -0.111108
vn -0.6714704 0.7077703 -0.2195192
vn -0.6283972 0.7081821 -0.3218619
vn -0.570388 0.7084547 -0.4156315
vn -0.4989778 0.7085493 -0.4989778
vn -0.4156313 0.708455 -0.5703877
vn -0.3218623 0.7081813 -0.6283979
vn -0.2195192 0.7077703 -0.6714704
vn -0.1111081 0.7073326 -0.6980942
vn 0 0.7071068 -0.7071068
vn -1 0 0
vn -0.9875699 0 -0.1571808
vn -0.9504953 0 -0.3107388
vn -0.8900434 0 -0.4558759
vn -0.8081939 0 -0.5889165
vn -0.7071068 0 -0.7071068
vn -0.5889165 0 -0.8081939
vn -0.4558758 0 -0.8900434
vn -0.3107388 0 -0.9504953
vn -0.1571808 0 -0.9875698
vn 0 0 -1
vn 0.07094872 0.8923303 -0.4457722
vn 0.140124 0.8925551 -0.4286147
vn 0.2053813 0.8927662 -0.4009825
vn 0.2651552 0.8929062 -0.3638833
vn 0.318302 0.8929545 -0.318302
vn 0.363883 0.8929065 -0.265155
vn 0.4009818 0.8927667 -0.2053809
vn 0.4286143 0.8925554 -0.1401239
vn 0.445773 0.8923299 -0.07094888
vn 0.4516139 0.8922135 0
vn 0.04881381 0.9505543 -0.3066981
vn 0.09639468 0.9506676 -0.2948543
vn 0.1412691 0.950774 -0.2758111
vn 0.1823689 0.9508446 -0.2502722
vn 0.218916 0.9508688 -0.218916
vn 0.2502719 0.9508447 -0.1823687
vn 0.2758106 0.9507742 -0.1412688
vn 0.2948541 0.9506677 -0.09639459
vn 0.3066987 0.9505541 -0.04881392
vn 0.3107387 0.9504954 0
vn 0.03719284 0.9716012 -0.2336833
vn 0.07344261 0.9716684 -0.224648
vn 0.1076271 0.9717315 -0.2101291
vn 0.138935 0.9717733 -0.1906661
vn 0.1667761 0.9717878 -0.1667761
vn 0.1906659 0.9717734 -0.1389349
vn 0.2101288 0.9717316 -0.1076269
vn 0.2246477 0.9716684 -0.07344251
vn 0.2336838 0.971601 -0.03719293
vn 0.2367681 0.9715662 0
vn 0.03174534 0.9793923 -0.1994566
vn 0.06268456 0.9794417 -0.191741
vn 0.09186 0.9794881 -0.1793457
vn 0.11858 0.9795188 -0.1627321
vn 0.1423415 0.9795294 -0.1423415
vn 0.1627319 0.9795188 -0.1185798
vn 0.1793455 0.9794881 -0.09185991
vn 0.1917409 0.9794417 -0.0626845
vn 0.199457 0.9793922 -0.03174541
vn 0.2020914 0.9793667 0
vn 0.03080668 0.9806048 -0.1935589
vn 0.06083088 0.9806514 -0.1860709
vn 0.08914328 0.9806952 -0.1740416
vn 0.1150728 0.9807242 -0.1579191
vn 0.1381314 0.9807341 -0.1381314
vn 0.157919 0.9807241 -0.1150727
vn 0.1740416 0.9806952 -0.08914328
vn 0.1860709 0.9806515 -0.06083085
vn 0.1935593 0.9806048 -0.03080674
vn 0.1961161 0.9805807 0
vn 0.03435627 0.9758194 -0.2158611
vn 0.06784069 0.9758771 -0.2075127
vn 0.0994167 0.9759313 -0.1940993
vn 0.1283355 0.9759671 -0.17612
vn 0.154052 0.9759795 -0.154052
vn 0.1761198 0.9759671 -0.1283354
vn 0.1940994 0.9759312 -0.09941676
vn 0.2075126 0.9758771 -0.06784067
vn 0.2158614 0.9758194 -0.03435633
vn 0.2187115 0.9757896 0
vn 0.04416007 0.9597222 -0.2774585
vn 0.08720285 0.9598159 -0.2667381
vn 0.1277954 0.9599038 -0.2495054
vn 0.1649731 0.9599621 -0.2263993
vn 0.1980329 0.9599822 -0.1980329
vn 0.2263991 0.9599622 -0.164973
vn 0.2495057 0.9599038 -0.1277956
vn 0.2667381 0.9598159 -0.08720282
vn 0.2774589 0.9597221 -0.04416013
vn 0.2811165 0.9596737 0
vn 0.06558835 0.9087781 -0.4120928
vn 0.1295325 0.9089738 -0.396217
vn 0.1898503 0.9091578 -0.3706602
vn 0.2450987 0.9092795 -0.3363589
vn 0.2942227 0.9093217 -0.2942227
vn 0.3363587 0.9092797 -0.2450985
vn 0.3706608 0.9091575 -0.1898506
vn 0.396217 0.9089738 -0.1295325
vn 0.4120932 0.908778 -0.06558841
vn 0.4175003 0.9086767 0
vn 0.111108 0.707333 -0.6980938
vn 0.2195192 0.7077703 -0.6714704
vn 0.3218619 0.7081821 -0.6283972
vn 0.4156315 0.7084547 -0.570388
vn 0.4989778 0.7085493 -0.4989778
vn 0.5703877 0.708455 -0.4156313
vn 0.6283979 0.7081813 -0.3218623
vn 0.6714704 0.7077703 -0.2195192
vn 0.6980942 0.7073326 -0.1111081
vn 0.7071068 0.7071068 0
vn 0.1571808 0 -0.9875699
vn 0.3107388 0 -0.9504953
vn 0.4558759 0 -0.8900434
vn 0.5889165 0 -0.8081939
vn 0.7071068 0 -0.7071068
vn 0.8081939 0 -0.5889165
vn 0.8900434 0 -0.4558758
vn 0.9504953 0 -0.3107388
vn 0.9875698 0 -0.1571808
vn 1 0 0
vn 0 0.8922135 0.4516139
vn 0.07094872 0.8923303 0.4457722
vn 0.140124 0.8925551 0.4286147
vn 0.2053813 0.8927662 0.4009825
vn 0.2651552 0.8929062 0.3638833
vn 0.318302 0.8929545 0.318302
vn 0.363883 0.8929065 0.265155
vn 0.4009818 0.8927667 0.2053809
vn 0.4286143 0.8925554 0.1401239
vn 0.445773 0.8923299 0.07094888
vn 0 0.9504954 0.3107387
vn 0.04881381 0.9505543 0.3066981
vn 0.09639468 0.9506676 0.2948543
vn 0.1412691 0.950774 0.2758111
vn 0.1823689 0.9508446 0.2502722
vn 0.218916 0.9508688 0.218916
vn 0.2502719 0.9508447 0.1823687
vn 0.2758106 0.9507742 0.1412688
vn 0.2948541 0.9506677 0.09639459
vn 0.3066987 0.9505541 0.04881392
vn 0 0.9715662 0.2367681
vn 0.03719284 0.9716012 0.2336833
vn 0.07344261 0.9716684 0.224648
vn 0.1076271 0.9717315 0.2101291
vn 0.138935 0.9717733 0.1906661
vn 0.1667761 0.9717878 0.1667761
vn 0.1906659 0.9717734 0.1389349
vn 0.2101288 0.9717316 0.1076269
vn 0.2246477 0.9716684 0.07344251
vn 0.2336838 0.971601 0.03719293
vn 0 0.9793667 0.2020914
vn 0.03174534 0.9793923 0.1994566
vn 0.06268456 0.9794417 0.191741
vn 0.09186 0.9794881 0.1793457
vn 0.11858 0.9795188 0.1627321
vn 0.1423415 0.9795294 0.1423415
vn 0.1627319 0.9795188 0.1185798
vn 0.1793455 0.9794881 0.09185991
vn 0.1917409 0.9794417 0.0626845
vn 0.199457 0.9793922 0.03174541
vn 0 0.9805807 0.1961161
vn 0.03080668 0.9806048 0.1935589
vn 0.06083088 0.9806514 0.1860709
vn 0.08914328 0.9806952 0.1740416
vn 0.1150728 0.9807242 0.1579191
vn 0.1381314 0.9807341 0.1381314
vn 0.157919 0.9807241 0.1150727
vn 0.1740416 0.9806952 0.08914328
vn 0.1860709 0.9806515 0.06083085
vn 0.1935593 0.9806048 0.03080674
vn 0 0.9757896 0.2187115
vn 0.03435627 0.9758194 0.2158611
vn 0.06784069 0.9758771 0.2075127
vn 0.0994167 0.9759313 0.1940993
vn 0.1283355 0.9759671 0.17612
vn 0.154052 0.9759795 0.154052
vn 0.1761198 0.9759671 0.1283354
vn 0.1940994 0.9759312 0.09941676
vn 0.2075126 0.9758771 0.06784067
vn 0.2158614 0.9758194 0.03435633
vn 0 0.9596737 0.2811165
vn 0.04416007 0.9597222 0.2774585
vn 0.08720285 0.9598159 0.2667381
vn 0.1277954 0.9599038 0.2495054
vn 0.1649731 0.9599621 0.2263993
vn 0.1980329 0.9599822 0.1980329
vn 0.2263991 0.9599622 0.164973
vn 0.2495057 0.9599038 0.1277956
vn 0.2667381 0.9598159 0.08720282
vn 0.2774589 0.9597221 0.04416013
vn 0 0.9086767 0.4175003
vn 0.06558835 0.9087781 0.4120928
vn 0.1295325 0.9089738 0.396217
vn 0.1898503 0.9091578 0.3706602
vn 0.2450987 0.9092795 0.3363589
vn 0.2942227 0.9093217 0.2942227
vn 0.3363587 0.9092797 0.2450985
vn 0.3706608 0.9091575 0.1898506
vn 0.396217 0.9089738 0.1295325
vn 0.4120932 0.908778 0.06558841
vn 0 0.7071068 0.7071068
vn 0.111108 0.707333 0.6980938
vn 0.2195192 0.7077703 0.6714704
vn 0.3218619 0.7081821 0.6283972
vn 0.4156315 0.7084547 0.570388
vn 0.4989778 0.7085493 0.4989778
vn 0.5703877 0.708455 0.4156313
vn 0.6283979 0.7081813 0.3218623
vn 0.6714704 0.7077703 0.2195192
vn 0.6980942 0.7073326 0.1111081
vn 0 0 1
vn 0.1571808 0 0.9875699
vn 0.3107388 0 0.9504953
vn 0.4558759 0 0.8900434
vn 0.5889165 0 0.8081939
vn 0.7071068 0 0.7071068
vn 0.8081939 0 0.5889165
vn 0.8900434 0 0.4558758
vn 0.9504953 0 0.3107388
vn 0.9875698 0 0.1571808
vn -0.4457722 0.8923303 0.07094872
vn -0.4286147 0.8925551 0.140124
vn -0.4009825 0.8927662 0.2053813
vn -0.3638833 0.8929062 0.2651552
vn -0.318302 0.8929545 0.318302
vn -0.265155 0.8929065 0.363883
vn -0.2053809 0.8927667 0.4009818
vn -0.1401239 0.8925554 0.4286143
vn -0.07094888 0.8923299 0.445773
vn -0.3066981 0.9505543 0.04881381
vn -0.2948543 0.9506676 0.09639468
vn -0.2758111 0.950774 0.1412691
vn -0.2502722 0.9508446 0.1823689
vn -0.218916 0.9508688 0.218916
vn -0.1823687 0.9508447 0.2502719
vn -0.1412688 0.9507742 0.2758106
vn -0.09639459 0.9506677 0.2948541
vn -0.04881392 0.9505541 0.3066987
vn -0.2336833 0.9716012 0.03719284
vn -0.224648 0.9716684 0.07344261
vn -0.2101291 0.9717315 0.1076271
vn -0.1906661 0.9717733 0.138935
vn -0.1667761 0.9717878 0.1667761
vn -0.1389349 0.9717734 0.1906659
vn -0.1076269 0.9717316 0.2101288
vn -0.07344251 0.9716684 0.2246477
vn -0.03719293 0.971601 0.2336838
vn -0.1994566 0.9793923 0.03174534
vn -0.191741 0.9794417 0.06268456
vn -0.1793457 0.9794881 0.09186
vn -0.1627321 0.9795188 0.11858
vn -0.1423415 0.9795294 0.1423415
vn -0.1185798 0.9795188 0.1627319
vn -0.09185991 0.9794881 0.1793455
vn -0.0626845 0.9794417 0.1917409
vn -0.03174541 0.9793922 0.199457
vn -0.1935589 0.9806048 0.03080668
vn -0.1860709 0.9806514 0.06083088
vn -0.1740416 0.9806952 0.08914328
vn -0.1579191 0.9807242 0.1150728
vn -0.1381314 0.9807341 0.1381314
vn -0.1150727 0.9807241 0.157919
vn -0.08914328 0.9806952 0.1740416
vn -0.06083085 0.9806515 0.1860709
vn -0.03080674 0.9806048 0.1935593
vn -0.2158611 0.9758194 0.03435627
vn -0.2075127 0.9758771 0.06784069
vn -0.1940993 0.9759313 0.0994167
vn -0.17612 0.9759671 0.1283355
vn -0.154052 0.9759795 0.154052
vn -0.1283354 0.9759671 0.1761198
vn -0.09941676 0.9759312 0.1940994
vn -0.06784067 0.9758771 0.2075126
vn -0.03435633 0.9758194 0.2158614
vn -0.2774585 0.9597222 0.04416007
vn -0.2667381 0.9598159 0.08720285
vn -0.2495054 0.9599038 0.1277954
vn -0.2263993 0.9599621 0.1649731
vn -0.1980329 0.9599822 0.1980329
vn -0.164973 0.9599622 0.2263991
vn -0.1277956 0.9599038 0.2495057
vn -0.08720282 0.9598159 0.2667381
vn -0.04416013 0.9597221 0.2774589
vn -0.4120928 0.9087781 0.06558835
vn -0.396217 0.9089738 0.1295325
vn -0.3706602 0.9091578 0.1898503
vn -0.3363589 0.9092795 0.2450987
vn -0.2942227 0.9093217 0.2942227
vn -0.2450985 0.9092797 0.3363587
vn -0.1898506 0.9091575 0.3706608
vn -0.1295325 0.9089738 0.396217
vn -0.06558841 0.908778 0.4120932
vn -0.6980938 0.707333 0.111108
vn -0.6714704 0.7077703 0.2195192
vn -0.6283972 0.7081821 0.3218619
vn -0.570388 0.7084547 0.4156315
vn -0.4989778 0.7085493 0.4989778
vn -0.4156313 0.708455 0.5703877
vn -0.3218623 0.7081813 0.6283979
vn -0.2195192 0.7077703 0.6714704
vn -0.1111081 0.7073326 0.6980942
vn -0.9875699 0 0.1571808
vn -0.9504953 0 0.3107388
vn -0.8900434 0 0.4558759
vn -0.8081939 0 0.5889165
vn -0.7071068 0 0.7071068
vn -0.5889165 0 0.8081939
vn -0.4558758 0 0.8900434
vn -0.3107388 0 0.9504953
vn -0.1571808 0 0.9875698
vn 0.9417419 -0.3363365 0
vn 0.9299684 -0.336528 0.148013
vn 0.8949311 -0.3368963 0.2925736
vn 0.8379017 -0.3372457 0.4291691
vn 0.7607805 -0.3374762 0.5543672
vn 0.6656033 -0.3375565 0.6656033
vn 0.5543671 -0.3374766 0.7607803
vn 0.4291694 -0.3372446 0.837902
vn 0.2925735 -0.3368968 0.8949309
vn 0.1480131 -0.3365275 0.9299685
vn 0 -0.3363365 0.9417419
vn 0.9748585 -0.2228248 0
vn 0.96271 -0.2229611 0.1532241
vn 0.9265121 -0.2232222 0.3028982
vn 0.8675348 -0.2234703 0.4443471
vn 0.7877249 -0.2236343 0.5740011
vn 0.6891887 -0.2236913 0.6891887
vn 0.5740011 -0.2236344 0.7877248
vn 0.4443472 -0.2234696 0.8675349
vn 0.3028981 -0.2232227 0.9265119
vn 0.1532242 -0.2229605 0.9627101
vn 0 -0.2228248 0.9748585
vn 0.9986309 -0.05230917 0
vn 0.986216 -0.05234356 0.1569653
vn 0.9491892 -0.0524067 0.3103119
vn 0.8888174 -0.05246786 0.455248
vn 0.807079 -0.05250899 0.5881041
vn 0.7061307 -0.05252269 0.7061307
vn 0.5881041 -0.05250853 0.807079
vn 0.4552479 -0.05246773 0.8888174
vn 0.3103118 -0.05240723 0.9491891
vn 0.1569653 -0.05234291 0.986216
vn 0 -0.05230917 0.9986309
vn 0.9717536 0.2359976 0
vn 0.9596406 0.236139 0.1527356
vn 0.9235504 0.2364168 0.3019299
vn 0.8647557 0.2366776 0.4429237
vn 0.785198 0.2368487 0.5721598
vn 0.6869767 0.2369094 0.6869767
vn 0.5721596 0.2368499 0.7851977
vn 0.4429238 0.2366767 0.8647558
vn 0.30193 0.2364162 0.9235505
vn 0.1527356 0.2361397 0.9596405
vn 0 0.2359976 0.9717536
vn 0.7020739 0.7121041 0
vn 0.6931228 0.7123278 0.1103169
vn 0.6666822 0.712763 0.2179538
vn 0.6239104 0.7131723 0.3195639
vn 0.5663134 0.7134415 0.4126625
vn 0.4954119 0.7135363 0.4954119
vn 0.4126617 0.7134427 0.5663124
vn 0.3195645 0.7131711 0.6239115
vn 0.2179539 0.7127627 0.6666825
vn 0.1103168 0.712328 0.6931226
vn 0 0.7121041 0.7020739
vn 0 1 0
vn 0 1 0
vn 0 1 0
vn 0 1 0
vn 0 1 0
vn 0 1 0
vn 0 1 0
vn 0 1 0
vn 0 1 0
vn 0 1 0
vn 0 1 0
vn -0.5007541 0.8655896 0
vn -0.4942929 0.8657283 -0.07867125
vn -0.4752949 0.8659967 -0.1553849
vn -0.4446765 0.8662492 -0.2277611
vn -0.4035502 0.8664156 -0.2940599
vn -0.3530035 0.866474 -0.3530035
vn -0.2940593 0.8664162 -0.4035496
vn -0.2277616 0.8662485 -0.4446774
vn -0.1553849 0.8659967 -0.475295
vn -0.07867128 0.8657281 -0.4942931
vn 0 0.8655896 -0.5007541
vn -0.7224175 0.6914572 0
vn -0.7132196 0.6916879 -0.1135154
vn -0.6860377 0.6921346 -0.2242815
vn -0.6420462 0.6925551 -0.3288529
vn -0.5827873 0.6928327 -0.4246667
vn -0.5098274 0.69293 -0.5098274
vn -0.4246664 0.6928332 -0.5827869
vn -0.3288533 0.6925542 -0.6420469
vn -0.2242815 0.6921345 -0.6860377
vn -0.1135155 0.6916876 -0.7132198
vn 0 0.6914572 -0.7224175
vn -0.8338783 0.5519482 0
vn -0.8233526 0.5521937 -0.1310441
vn -0.7921435 0.5526692 -0.25897
vn -0.7414984 0.5531167 -0.3797919
vn -0.6731505 0.5534127 -0.4905127
vn -0.5889056 0.5535164 -0.5889056
vn -0.4905126 0.5534132 -0.6731503
vn -0.3797922 0.5531158 -0.7414989
vn -0.25897 0.5526692 -0.7921435
vn -0.1310442 0.5521933 -0.8233529
vn 0 0.5519482 -0.8338783
vn -0.8995081 0.4369042 0
vn -0.8882185 0.4371304 -0.1413681
vn -0.8546712 0.4375685 -0.2794118
vn -0.8001351 0.4379807 -0.4098253
vn -0.726446 0.4382539 -0.5293483
vn -0.6355507 0.4383496 -0.6355507
vn -0.5293482 0.4382541 -0.726446
vn -0.4098254 0.4379801 -0.8001354
vn -0.2794117 0.4375685 -0.8546712
vn -0.1413682 0.4371299 -0.8882188
vn 0 0.4369042 -0.8995081
vn -0.9417419 0.3363365 0
vn -0.9299685 0.3365274 -0.148013
vn -0.8949306 0.3368973 -0.2925735
vn -0.8379019 0.3372449 -0.4291693
vn -0.7607805 0.337476 -0.5543671
vn -0.6656032 0.3375569 -0.6656032
vn -0.5543672 0.3374758 -0.7607806
vn -0.4291694 0.3372446 -0.8379019
vn -0.2925735 0.3368973 -0.8949306
vn -0.1480131 0.3365269 -0.9299687
vn 0 0.3363365 -0.9417419
vn -0.148013 -0.336528 0.9299684
vn -0.2925736 -0.3368963 0.8949311
vn -0.4291691 -0.3372457 0.8379017
vn -0.5543672 -0.3374762 0.7607805
vn -0.6656033 -0.3375565 0.6656033
vn -0.7607803 -0.3374766 0.5543671
vn -0.837902 -0.3372446 0.4291694
vn -0.8949309 -0.3368968 0.2925735
vn -0.9299685 -0.3365275 0.1480131
vn -0.9417419 -0.3363365 0
vn -0.1532241 -0.2229611 0.96271
vn -0.3028982 -0.2232222 0.9265121
vn -0.4443471 -0.2234703 0.8675348
vn -0.5740011 -0.2236343 0.7877249
vn -0.6891887 -0.2236913 0.6891887
vn -0.7877248 -0.2236344 0.5740011
vn -0.8675349 -0.2234696 0.4443472
vn -0.9265119 -0.2232227 0.3028981
vn -0.9627101 -0.2229605 0.1532242
vn -0.9748585 -0.2228248 0
vn -0.1569653 -0.05234356 0.986216
vn -0.3103119 -0.0524067 0.9491892
vn -0.455248 -0.05246786 0.8888174
vn -0.5881041 -0.05250899 0.807079
vn -0.7061307 -0.05252269 0.7061307
vn -0.807079 -0.05250853 0.5881041
vn -0.8888174 -0.05246773 0.4552479
vn -0.9491891 -0.05240723 0.3103118
vn -0.986216 -0.05234291 0.1569653
vn -0.9986309 -0.05230917 0
vn -0.1527356 0.236139 0.9596406
vn -0.3019299 0.2364168 0.9235504
vn -0.4429237 0.2366776 0.8647557
vn -0.5721598 0.2368487 0.785198
vn -0.6869767 0.2369094 0.6869767
vn -0.7851977 0.2368499 0.5721596
vn -0.8647558 0.2366767 0.4429238
vn -0.9235505 0.2364162 0.30193
vn -0.9596405 0.2361397 0.1527356
vn -0.9717536 0.2359976 0
vn -0.1103169 0.7123278 0.6931228
vn -0.2179538 0.712763 0.6666822
vn -0.3195639 0.7131723 0.6239104
vn -0.4126625 0.7134415 0.5663134
vn -0.4954119 0.7135363 0.4954119
vn -0.5663124 0.7134427 0.4126617
vn -0.6239115 0.7131711 0.3195645
vn -0.6666825 0.7127627 0.2179539
vn -0.6931226 0.712328 0.1103168
vn -0.7020739 0.7121041 0
vn 0 1 0
vn 0 1 0
vn 0 1 0
vn 0 1 0
vn 0 1 0
vn 0 1 0
vn 0 1 0
vn 0 1 0
vn 0 1 0
vn 0 1 0
vn 0.07867125 0.8657283 -0.4942929
vn 0.1553849 0.8659967 -0.4752949
vn 0.2277611 0.8662492 -0.4446765
vn 0.2940599 0.8664156 -0.4035502
vn 0.3530035 0.866474 -0.3530035
vn 0.4035496 0.8664162 -0.2940593
vn 0.4446774 0.8662485 -0.2277616
vn 0.475295 0.8659967 -0.1553849
vn 0.4942931 0.8657281 -0.07867128
vn 0.5007541 0.8655896 0
vn 0.1135154 0.6916879 -0.7132196
vn 0.2242815 0.6921346 -0.6860377
vn 0.3288529 0.6925551 -0.6420462
vn 0.4246667 0.6928327 -0.5827873
vn 0.5098274 0.69293 -0.5098274
vn 0.5827869 0.6928332 -0.4246664
vn 0.6420469 0.6925542 -0.3288533
vn 0.6860377 0.6921345 -0.2242815
vn 0.7132198 0.6916876 -0.1135155
vn 0.7224175 0.6914572 0
vn 0.1310441 0.5521937 -0.8233526
vn 0.25897 0.5526692 -0.7921435
vn 0.3797919 0.5531167 -0.7414984
vn 0.4905127 0.5534127 -0.6731505
vn 0.5889056 0.5535164 -0.5889056
vn 0.6731503 0.5534132 -0.4905126
vn 0.7414989 0.5531158 -0.3797922
vn 0.7921435 0.5526692 -0.25897
vn 0.8233529 0.5521933 -0.1310442
vn 0.8338783 0.5519482 0
vn 0.1413681 0.4371304 -0.8882185
vn 0.2794118 0.4375685 -0.8546712
vn 0.4098253 0.4379807 -0.8001351
vn 0.5293483 0.4382539 -0.726446
vn 0.6355507 0.4383496 -0.6355507
vn 0.726446 0.4382541 -0.5293482
vn 0.8001354 0.4379801 -0.4098254
vn 0.8546712 0.4375685 -0.2794117
vn 0.8882188 0.4371299 -0.1413682
vn 0.8995081 0.4369042 0
vn 0.148013 0.3365274 -0.9299685
vn 0.2925735 0.3368973 -0.8949306
vn 0.4291693 0.3372449 -0.8379019
vn 0.5543671 0.337476 -0.7607805
vn 0.6656032 0.3375569 -0.6656032
vn 0.7607806 0.3374758 -0.5543672
vn 0.8379019 0.3372446 -0.4291694
vn 0.8949306 0.3368973 -0.2925735
vn 0.9299687 0.3365269 -0.1480131
vn 0.9417419 0.3363365 0
vn 0 -0.3363365 -0.9417419
vn -0.148013 -0.336528 -0.9299684
vn -0.2925736 -0.3368963 -0.8949311
vn -0.4291691 -0.3372457 -0.8379017
vn -0.5543672 -0.3374762 -0.7607805
vn -0.6656033 -0.3375565 -0.6656033
vn -0.7607803 -0.3374766 -0.5543671
vn -0.837902 -0.3372446 -0.4291694
vn -0.8949309 -0.3368968 -0.2925735
vn -0.9299685 -0.3365275 -0.1480131
vn 0 -0.2228248 -0.9748585
vn -0.1532241 -0.2229611 -0.96271
vn -0.3028982 -0.2232222 -0.9265121
vn -0.4443471 -0.2234703 -0.8675348
vn -0.5740011 -0.2236343 -0.7877249
vn -0.6891887 -0.2236913 -0.6891887
vn -0.7877248 -0.2236344 -0.5740011
vn -0.8675349 -0.2234696 -0.4443472
vn -0.9265119 -0.2232227 -0.3028981
vn -0.9627101 -0.2229605 -0.1532242
vn 0 -0.05230917 -0.9986309
vn -0.1569653 -0.05234356 -0.986216
vn -0.3103119 -0.0524067 -0.9491892
vn -0.455248 -0.05246786 -0.8888174
vn -0.5881041 -0.05250899 -0.807079
vn -0.7061307 -0.05252269 -0.7061307
vn -0.807079 -0.05250853 -0.5881041
vn -0.8888174 -0.05246773 -0.4552479
vn -0.9491891 -0.05240723 -0.3103118
vn -0.986216 -0.05234291 -0.1569653
vn 0 0.2359976 -0.9717536
vn -0.1527356 0.236139 -0.9596406
vn -0.3019299 0.2364168 -0.9235504
vn -0.4429237 0.2366776 -0.8647557
vn -0.5721598 0.2368487 -0.785198
vn -0.6869767 0.2369094 -0.6869767
vn -0.7851977 0.2368499 -0.5721596
vn -0.8647558 0.2366767 -0.4429238
vn -0.9235505 0.2364162 -0.30193
vn -0.9596405 0.2361397 -0.1527356
vn 0 0.7121041 -0.7020739
vn -0.1103169 0.7123278 -0.6931228
vn -0.2179538 0.712763 -0.6666822
vn -0.3195639 0.7131723 -0.6239104
vn -0.4126625 0.7134415 -0.5663134
vn -0.4954119 0.7135363 -0.4954119
vn -0.5663124 0.7134427 -0.4126617
vn -0.6239115 0.7131711 -0.3195645
vn -0.6666825 0.7127627 -0.2179539
vn -0.6931226 0.712328 -0.1103168
vn 0 1 0
vn 0 1 0
vn 0 1 0
vn 0 1 0
vn 0 1 0
vn 0 1 0
vn 0 1 0
vn 0 1 0
vn 0 1 0
vn 0 1 0
vn 0 0.8655896 0.5007541
vn 0.07867125 0.8657283 0.4942929
vn 0.1553849 0.8659967 0.4752949
vn 0.2277611 0.8662492 0.4446765
vn 0.2940599 0.8664156 0.4035502
vn 0.3530035 0.866474 0.3530035
vn 0.4035496 0.8664162 0.2940593
vn 0.4446774 0.8662485 0.2277616
vn 0.475295 0.8659967 0.1553849
vn 0.4942931 0.8657281 0.07867128
vn 0 0.6914572 0.7224175
vn 0.1135154 0.6916879 0.7132196
vn 0.2242815 0.6921346 0.6860377
vn 0.3288529 0.6925551 0.6420462
vn 0.4246667 0.6928327 0.5827873
vn 0.5098274 0.69293 0.5098274
vn 0.5827869 0.6928332 0.4246664
vn 0.6420469 0.6925542 0.3288533
vn 0.6860377 0.6921345 0.2242815
vn 0.7132198 0.6916876 0.1135155
vn 0 0.5519482 0.8338783
vn 0.1310441 0.5521937 0.8233526
vn 0.25897 0.5526692 0.7921435
vn 0.3797919 0.5531167 0.7414984
vn 0.4905127 0.5534127 0.6731505
vn 0.5889056 0.5535164 0.5889056
vn 0.6731503 0.5534132 0.4905126
vn 0.7414989 0.5531158 0.3797922
vn 0.7921435 0.5526692 0.25897
vn 0.8233529 0.5521933 0.1310442
vn 0 0.4369042 0.8995081
vn 0.1413681 0.4371304 0.8882185
vn 0.2794118 0.4375685 0.8546712
vn 0.4098253 0.4379807 0.8001351
vn 0.5293483 0.4382539 0.726446
vn 0.6355507 0.4383496 0.6355507
vn 0.726446 0.4382541 0.5293482
vn 0.8001354 0.4379801 0.4098254
vn 0.8546712 0.4375685 0.2794117
vn 0.8882188 0.4371299 0.1413682
vn 0 0.3363365 0.9417419
vn 0.148013 0.3365274 0.9299685
vn 0.2925735 0.3368973 0.8949306
vn 0.4291693 0.3372449 0.8379019
vn 0.5543671 0.337476 0.7607805
vn 0.6656032 0.3375569 0.6656032
vn 0.7607806 0.3374758 0.5543672
vn 0.8379019 0.3372446 0.4291694
vn 0.8949306 0.3368973 0.2925735
vn 0.9299687 0.3365269 0.1480131
vn 0.9299684 -0.336528 -0.148013
vn 0.8949311 -0.3368963 -0.2925736
vn 0.8379017 -0.3372457 -0.4291691
vn 0.7607805 -0.3374762 -0.5543672
vn 0.6656033 -0.3375565 -0.6656033
vn 0.5543671 -0.3374766 -0.7607803
vn 0.4291694 -0.3372446 -0.837902
vn 0.2925735 -0.3368968 -0.8949309
vn 0.1480131 -0.3365275 -0.9299685
vn 0.96271 -0.2229611 -0.1532241
vn 0.9265121 -0.2232222 -0.3028982
vn 0.8675348 -0.2234703 -0.4443471
vn 0.7877249 -0.2236343 -0.5740011
vn 0.6891887 -0.2236913 -0.6891887
vn 0.5740011 -0.2236344 -0.7877248
vn 0.4443472 -0.2234696 -0.8675349
vn 0.3028981 -0.2232227 -0.9265119
vn 0.1532242 -0.2229605 -0.9627101
vn 0.986216 -0.05234356 -0.1569653
vn 0.9491892 -0.0524067 -0.3103119
vn 0.8888174 -0.05246786 -0.455248
vn 0.807079 -0.05250899 -0.5881041
vn 0.7061307 -0.05252269 -0.7061307
vn 0.5881041 -0.05250853 -0.807079
vn 0.4552479 -0.05246773 -0.8888174
vn 0.3103118 -0.05240723 -0.9491891
vn 0.1569653 -0.05234291 -0.986216
vn 0.9596406 0.236139 -0.1527356
vn 0.9235504 0.2364168 -0.3019299
vn 0.8647557 0.2366776 -0.4429237
vn 0.785198 0.2368487 -0.5721598
vn 0.6869767 0.2369094 -0.6869767
vn 0.5721596 0.2368499 -0.7851977
vn 0.4429238 0.2366767 -0.8647558
vn 0.30193 0.2364162 -0.9235505
vn 0.1527356 0.2361397 -0.9596405
vn 0.6931228 0.7123278 -0.1103169
vn 0.6666822 0.712763 -0.2179538
vn 0.6239104 0.7131723 -0.3195639
vn 0.5663134 0.7134415 -0.4126625
vn 0.4954119 0.7135363 -0.4954119
vn 0.4126617 0.7134427 -0.5663124
vn 0.3195645 0.7131711 -0.6239115
vn 0.2179539 0.7127627 -0.6666825
vn 0.1103168 0.712328 -0.6931226
vn 0 1 0
vn 0 1 0
vn 0 1 0
vn 0 1 0
vn 0 1 0
vn 0 1 0
vn 0 1 0
vn 0 1 0
vn 0 1 0
vn -0.4942929 0.8657283 0.07867125
vn -0.4752949 0.8659967 0.1553849
vn -0.4446765 0.8662492 0.2277611
vn -0.4035502 0.8664156 0.2940599
vn -0.3530035 0.866474 0.3530035
vn -0.2940593 0.8664162 0.4035496
vn -0.2277616 0.8662485 0.4446774
vn -0.1553849 0.8659967 0.475295
vn -0.07867128 0.8657281 0.4942931
vn -0.7132196 0.6916879 0.1135154
vn -0.6860377 0.6921346 0.2242815
vn -0.6420462 0.6925551 0.3288529
vn -0.5827873 0.6928327 0.4246667
vn -0.5098274 0.69293 0.5098274
vn -0.4246664 0.6928332 0.5827869
vn -0.3288533 0.6925542 0.6420469
vn -0.2242815 0.6921345 0.6860377
vn -0.1135155 0.6916876 0.7132198
vn -0.8233526 0.5521937 0.1310441
vn -0.7921435 0.5526692 0.25897
vn -0.7414984 0.5531167 0.3797919
vn -0.6731505 0.5534127 0.4905127
vn -0.5889056 0.5535164 0.5889056
vn -0.4905126 0.5534132 0.6731503
vn -0.3797922 0.5531158 0.7414989
vn -0.25897 0.5526692 0.7921435
vn -0.1310442 0.5521933 0.8233529
vn -0.8882185 0.4371304 0.1413681
vn -0.8546712 0.4375685 0.2794118
vn -0.8001351 0.4379807 0.4098253
vn -0.726446 0.4382539 0.5293483
vn -0.6355507 0.4383496 0.6355507
vn -0.5293482 0.4382541 0.726446
vn -0.4098254 0.4379801 0.8001354
vn -0.2794117 0.4375685 0.8546712
vn -0.1413682 0.4371299 0.8882188
vn -0.9299685 0.3365274 0.148013
vn -0.8949306 0.3368973 0.2925735
vn -0.8379019 0.3372449 0.4291693
vn -0.7607805 0.337476 0.5543671
vn -0.6656032 0.3375569 0.6656032
vn -0.5543672 0.3374758 0.7607806
vn -0.4291694 0.3372446 0.8379019
vn -0.2925735 0.3368973 0.8949306
vn -0.1480131 0.3365269 0.9299687
vn -0.9426538 0.3337722 0
vn -0.9308701 0.3339622 -0.1481565
vn -0.8958001 0.3343299 -0.2928577
vn -0.8387175 0.334676 -0.429587
vn -0.7615219 0.334906 -0.5549075
vn -0.6662526 0.3349849 -0.6662526
vn -0.5549076 0.3349057 -0.7615221
vn -0.429587 0.334676 -0.8387175
vn -0.2928578 0.3343298 -0.8958002
vn -0.1481565 0.3339622 -0.9308699
vn 0 0.3337722 -0.9426538
vn -0.945373 0.3259906 0
vn -0.9335583 0.3261771 -0.1485844
vn -0.8983929 0.3265385 -0.2937054
vn -0.84115 0.3268785 -0.430833
vn -0.7637338 0.3271043 -0.5565192
vn -0.6681886 0.3271819 -0.6681886
vn -0.5565191 0.3271042 -0.7637338
vn -0.430833 0.3268784 -0.84115
vn -0.2937054 0.3265384 -0.898393
vn -0.1485844 0.3261772 -0.9335583
vn 0 0.3259906 -0.945373
vn -0.9498453 0.3127204 0
vn -0.9379798 0.3129009 -0.1492881
vn -0.9026573 0.3132508 -0.2950995
vn -0.8451511 0.3135801 -0.4328823
vn -0.7673717 0.3137988 -0.55917
vn -0.6713729 0.3138741 -0.6713729
vn -0.5591699 0.3137988 -0.7673716
vn -0.4328823 0.3135801 -0.8451511
vn -0.2950995 0.3132509 -0.9026573
vn -0.1492881 0.312901 -0.9379798
vn 0 0.3127204 -0.9498453
vn -0.9559601 0.2934965 0
vn -0.9440254 0.2936681 -0.1502503
vn -0.9084883 0.2940007 -0.2970058
vn -0.8506222 0.2943139 -0.4356846
vn -0.7723463 0.2945218 -0.5627949
vn -0.6757272 0.2945933 -0.6757272
vn -0.5627949 0.2945219 -0.7723463
vn -0.4356846 0.2943139 -0.8506223
vn -0.2970058 0.2940008 -0.9084883
vn -0.1502503 0.2936682 -0.9440254
vn 0 0.2934965 -0.9559601
vn -0.9635179 0.2676438 0
vn -0.9514977 0.2678027 -0.1514396
vn -0.9156958 0.268111 -0.2993621
vn -0.8573852 0.2684011 -0.4391486
vn -0.7784957 0.2685937 -0.5672759
vn -0.6811101 0.2686601 -0.6811101
vn -0.5672759 0.2685938 -0.7784957
vn -0.4391485 0.2684011 -0.8573852
vn -0.2993621 0.2681111 -0.9156958
vn -0.1514396 0.2678029 -0.9514976
vn 0 0.2676438 -0.9635179
vn -0.9721743 0.2342588 0
vn -0.9600562 0.2344004 -0.1528018
vn -0.9239517 0.2346751 -0.3020611
vn -0.8651323 0.2349336 -0.4431166
vn -0.7855402 0.2351053 -0.5724091
vn -0.6872764 0.2351644 -0.6872764
vn -0.5724091 0.2351055 -0.7855402
vn -0.4431165 0.2349336 -0.8651323
vn -0.3020611 0.2346752 -0.9239517
vn -0.1528018 0.2344005 -0.9600562
vn 0 0.2342588 -0.9721743
vn -0.9813555 0.192201 0
vn -0.9691342 0.1923194 -0.1542466
vn -0.932709 0.192549 -0.3049241
vn -0.8733505 0.1927652 -0.4473258
vn -0.7930134 0.1929087 -0.5778547
vn -0.6938182 0.1929582 -0.6938182
vn -0.5778546 0.1929089 -0.7930133
vn -0.4473259 0.1927652 -0.8733504
vn -0.304924 0.1925491 -0.932709
vn -0.1542466 0.1923195 -0.9691343
vn 0 0.192201 -0.9813555
vn -0.9901354 0.1401135 0
vn -0.9778156 0.1402014 -0.1556283
vn -0.9410843 0.1403718 -0.3076622
vn -0.8812107 0.1405322 -0.4513519
vn -0.8001612 0.1406387 -0.5830632
vn -0.7000751 0.1406755 -0.7000751
vn -0.5830632 0.1406389 -0.8001612
vn -0.4513518 0.1405322 -0.8812107
vn -0.3076621 0.1403719 -0.9410843
vn -0.1556283 0.1402014 -0.9778156
vn 0 0.1401135 -0.9901354
vn -0.9970687 0.07651176 0
vn -0.9846713 0.07656042 -0.1567195
vn -0.9476987 0.07665478 -0.3098246
vn -0.8874185 0.07674363 -0.4545315
vn -0.8058068 0.07680259 -0.587177
vn -0.7050171 0.07682297 -0.7050171
vn -0.587177 0.07680272 -0.8058068
vn -0.4545315 0.07674363 -0.8874186
vn -0.3098245 0.07665484 -0.9476987
vn -0.1567195 0.07656043 -0.9846712
vn 0 0.07651176 -0.9970687
vn -1 0 0
vn -0.9875699 0 -0.1571808
vn -0.9504953 0 -0.3107388
vn -0.8900433 0 -0.4558759
vn -0.8081939 0 -0.5889165
vn -0.7071068 0 -0.7071068
vn -0.5889165 0 -0.8081939
vn -0.4558759 0 -0.8900433
vn -0.3107388 0 -0.9504954
vn -0.1571808 0 -0.9875697
vn 0 0 -1
vn 0.1481565 0.3339622 -0.9308701
vn 0.2928577 0.3343299 -0.8958001
vn 0.429587 0.334676 -0.8387175
vn 0.5549075 0.334906 -0.7615219
vn 0.6662526 0.3349849 -0.6662526
vn 0.7615221 0.3349057 -0.5549076
vn 0.8387175 0.334676 -0.429587
vn 0.8958002 0.3343298 -0.2928578
vn 0.9308699 0.3339622 -0.1481565
vn 0.9426538 0.3337722 0
vn 0.1485844 0.3261771 -0.9335583
vn 0.2937054 0.3265385 -0.8983929
vn 0.430833 0.3268785 -0.84115
vn 0.5565192 0.3271043 -0.7637338
vn 0.6681886 0.3271819 -0.6681886
vn 0.7637338 0.3271042 -0.5565191
vn 0.84115 0.3268784 -0.430833
vn 0.898393 0.3265384 -0.2937054
vn 0.9335583 0.3261772 -0.1485844
vn 0.945373 0.3259906 0
vn 0.1492881 0.3129009 -0.9379798
vn 0.2950995 0.3132508 -0.9026573
vn 0.4328823 0.3135801 -0.8451511
vn 0.55917 0.3137988 -0.7673717
vn 0.6713729 0.3138741 -0.6713729
vn 0.7673716 0.3137988 -0.5591699
vn 0.8451511 0.3135801 -0.4328823
vn 0.9026573 0.3132509 -0.2950995
vn 0.9379798 0.312901 -0.1492881
vn 0.9498453 0.3127204 0
vn 0.1502503 0.2936681 -0.9440254
vn 0.2970058 0.2940007 -0.9084883
vn 0.4356846 0.2943139 -0.8506222
vn 0.5627949 0.2945218 -0.7723463
vn 0.6757272 0.2945933 -0.6757272
vn 0.7723463 0.2945219 -0.5627949
vn 0.8506223 0.2943139 -0.4356846
vn 0.9084883 0.2940008 -0.2970058
vn 0.9440254 0.2936682 -0.1502503
vn 0.9559601 0.2934965 0
vn 0.1514396 0.2678027 -0.9514977
vn 0.2993621 0.268111 -0.9156958
vn 0.4391486 0.2684011 -0.8573852
vn 0.5672759 0.2685937 -0.7784957
vn 0.6811101 0.2686601 -0.6811101
vn 0.7784957 0.2685938 -0.5672759
vn 0.8573852 0.2684011 -0.4391485
vn 0.9156958 0.2681111 -0.2993621
vn 0.9514976 0.2678029 -0.1514396
vn 0.9635179 0.2676438 0
vn 0.1528018 0.2344004 -0.9600562
vn 0.3020611 0.2346751 -0.9239517
vn 0.4431166 0.2349336 -0.8651323
vn 0.5724091 0.2351053 -0.7855402
vn 0.6872764 0.2351644 -0.6872764
vn 0.7855402 0.2351055 -0.5724091
vn 0.8651323 0.2349336 -0.4431165
vn 0.9239517 0.2346752 -0.3020611
vn 0.9600562 0.2344005 -0.1528018
vn 0.9721743 0.2342588 0
vn 0.1542466 0.1923194 -0.9691342
vn 0.3049241 0.192549 -0.932709
vn 0.4473258 0.1927652 -0.8733505
vn 0.5778547 0.1929087 -0.7930134
vn 0.6938182 0.1929582 -0.6938182
vn 0.7930133 0.1929089 -0.5778546
vn 0.8733504 0.1927652 -0.4473259
vn 0.932709 0.1925491 -0.304924
vn 0.9691343 0.1923195 -0.1542466
vn 0.9813555 0.192201 0
vn 0.1556283 0.1402014 -0.9778156
vn 0.3076622 0.1403718 -0.9410843
vn 0.4513519 0.1405322 -0.8812107
vn 0.5830632 0.1406387 -0.8001612
vn 0.7000751 0.1406755 -0.7000751
vn 0.8001612 0.1406389 -0.5830632
vn 0.8812107 0.1405322 -0.4513518
vn 0.9410843 0.1403719 -0.3076621
vn 0.9778156 0.1402014 -0.1556283
vn 0.9901354 0.1401135 0
vn 0.1567195 0.07656042 -0.9846713
vn 0.3098246 0.07665478 -0.9476987
vn 0.4545315 0.07674363 -0.8874185
vn 0.587177 0.07680259 -0.8058068
vn 0.7050171 0.07682297 -0.7050171
vn 0.8058068 0.07680272 -0.587177
vn 0.8874186 0.07674363 -0.4545315
vn 0.9476987 0.07665484 -0.3098245
vn 0.9846712 0.07656043 -0.1567195
vn 0.9970687 0.07651176 0
vn 0.1571808 0 -0.9875699
vn 0.3107388 0 -0.9504953
vn 0.4558759 0 -0.8900433
vn 0.5889165 0 -0.8081939
vn 0.7071068 0 -0.7071068
vn 0.8081939 0 -0.5889165
vn 0.8900433 0 -0.4558759
vn 0.9504954 0 -0.3107388
vn 0.9875697 0 -0.1571808
vn 1 0 0
vn 0 0.3337722 0.9426538
vn 0.1481565 0.3339622 0.9308701
vn 0.2928577 0.3343299 0.8958001
vn 0.429587 0.334676 0.8387175
vn 0.5549075 0.334906 0.7615219
vn 0.6662526 0.3349849 0.6662526
vn 0.7615221 0.3349057 0.5549076
vn 0.8387175 0.334676 0.429587
vn 0.8958002 0.3343298 0.2928578
vn 0.9308699 0.3339622 0.1481565
vn 0 0.3259906 0.945373
vn 0.1485844 0.3261771 0.9335583
vn 0.2937054 0.3265385 0.8983929
vn 0.430833 0.3268785 0.84115
vn 0.5565192 0.3271043 0.7637338
vn 0.6681886 0.3271819 0.6681886
vn 0.7637338 0.3271042 0.5565191
vn 0.84115 0.3268784 0.430833
vn 0.898393 0.3265384 0.2937054
vn 0.9335583 0.3261772 0.1485844
vn 0 0.3127204 0.9498453
vn 0.1492881 0.3129009 0.9379798
vn 0.2950995 0.3132508 0.9026573
vn 0.4328823 0.3135801 0.8451511
vn 0.55917 0.3137988 0.7673717
vn 0.6713729 0.3138741 0.6713729
vn 0.7673716 0.3137988 0.5591699
vn 0.8451511 0.3135801 0.4328823
vn 0.9026573 0.3132509 0.2950995
vn 0.9379798 0.312901 0.1492881
vn 0 0.2934965 0.9559601
vn 0.1502503 0.2936681 0.9440254
vn 0.2970058 0.2940007 0.9084883
vn 0.4356846 0.2943139 0.8506222
vn 0.5627949 0.2945218 0.7723463
vn 0.6757272 0.2945933 0.6757272
vn 0.7723463 0.2945219 0.5627949
vn 0.8506223 0.2943139 0.4356846
vn 0.9084883 0.2940008 0.2970058
vn 0.9440254 0.2936682 0.1502503
vn 0 0.2676438 0.9635179
vn 0.1514396 0.2678027 0.9514977
vn 0.2993621 0.268111 0.9156958
vn 0.4391486 0.2684011 0.8573852
vn 0.5672759 0.2685937 0.7784957
vn 0.6811101 0.2686601 0.6811101
vn 0.7784957 0.2685938 0.5672759
vn 0.8573852 0.2684011 0.4391485
vn 0.9156958 0.2681111 0.2993621
vn 0.9514976 0.2678029 0.1514396
vn 0 0.2342588 0.9721743
vn 0.1528018 0.2344004 0.9600562
vn 0.3020611 0.2346751 0.9239517
vn 0.4431166 0.2349336 0.8651323
vn 0.5724091 0.2351053 0.7855402
vn 0.6872764 0.2351644 0.6872764
vn 0.7855402 0.2351055 0.5724091
vn 0.8651323 0.2349336 0.4431165
vn 0.9239517 0.2346752 0.3020611
vn 0.9600562 0.2344005 0.1528018
vn 0 0.192201 0.9813555
vn 0.1542466 0.1923194 0.9691342
vn 0.3049241 0.192549 0.932709
vn 0.4473258 0.1927652 0.8733505
vn 0.5778547 0.1929087 0.7930134
vn 0.6938182 0.1929582 0.6938182
vn 0.7930133 0.1929089 0.5778546
vn 0.8733504 0.1927652 0.4473259
vn 0.932709 0.1925491 0.304924
vn 0.9691343 0.1923195 0.1542466
vn 0 0.1401135 0.9901354
vn 0.1556283 0.1402014 0.9778156
vn 0.3076622 0.1403718 0.9410843
vn 0.4513519 0.1405322 0.8812107
vn 0.5830632 0.1406387 0.8001612
vn 0.7000751 0.1406755 0.7000751
vn 0.8001612 0.1406389 0.5830632
vn 0.8812107 0.1405322 0.4513518
vn 0.9410843 0.1403719 0.3076621
vn 0.9778156 0.1402014 0.1556283
vn 0 0.07651176 0.9970687
vn 0.1567195 0.07656042 0.9846713
vn 0.3098246 0.07665478 0.9476987
vn 0.4545315 0.07674363 0.8874185
vn 0.587177 0.07680259 0.8058068
vn 0.7050171 0.07682297 0.7050171
vn 0.8058068 0.07680272 0.587177
vn 0.8874186 0.07674363 0.4545315
vn 0.9476987 0.07665484 0.3098245
vn 0.9846712 0.07656043 0.1567195
vn 0 0 1
vn 0.1571808 0 0.9875699
vn 0.3107388 0 0.9504953
vn 0.4558759 0 0.8900433
vn 0.5889165 0 0.8081939
vn 0.7071068 0 0.7071068
vn 0.8081939 0 0.5889165
vn 0.8900433 0 0.4558759
vn 0.9504954 0 0.3107388
vn 0.9875697 0 0.1571808
vn -0.9308701 0.3339622 0.1481565
vn -0.8958001 0.3343299 0.2928577
vn -0.8387175 0.334676 0.429587
vn -0.7615219 0.334906 0.5549075
vn -0.6662526 0.3349849 0.6662526
vn -0.5549076 0.3349057 0.7615221
vn -0.429587 0.334676 0.8387175
vn -0.2928578 0.3343298 0.8958002
vn -0.1481565 0.3339622 0.9308699
vn -0.9335583 0.3261771 0.1485844
vn -0.8983929 0.3265385 0.2937054
vn -0.84115 0.3268785 0.430833
vn -0.7637338 0.3271043 0.5565192
vn -0.6681886 0.3271819 0.6681886
vn -0.5565191 0.3271042 0.7637338
vn -0.430833 0.3268784 0.84115
vn -0.2937054 0.3265384 0.898393
vn -0.1485844 0.3261772 0.9335583
vn -0.9379798 0.3129009 0.1492881
vn -0.9026573 0.3132508 0.2950995
vn -0.8451511 0.3135801 0.4328823
vn -0.7673717 0.3137988 0.55917
vn -0.6713729 0.3138741 0.6713729
vn -0.5591699 0.3137988 0.7673716
vn -0.4328823 0.3135801 0.8451511
vn -0.2950995 0.3132509 0.9026573
vn -0.1492881 0.312901 0.9379798
vn -0.9440254 0.2936681 0.1502503
vn -0.9084883 0.2940007 0.2970058
vn -0.8506222 0.2943139 0.4356846
vn -0.7723463 0.2945218 0.5627949
vn -0.6757272 0.2945933 0.6757272
vn -0.5627949 0.2945219 0.7723463
vn -0.4356846 0.2943139 0.8506223
vn -0.2970058 0.2940008 0.9084883
vn -0.1502503 0.2936682 0.9440254
vn -0.9514977 0.2678027 0.1514396
vn -0.9156958 0.268111 0.2993621
vn -0.8573852 0.2684011 0.4391486
vn -0.7784957 0.2685937 0.5672759
vn -0.6811101 0.2686601 0.6811101
vn -0.5672759 0.2685938 0.7784957
vn -0.4391485 0.2684011 0.8573852
vn -0.2993621 0.2681111 0.9156958
vn -0.1514396 0.2678029 0.9514976
vn -0.9600562 0.2344004 0.1528018
vn -0.9239517 0.2346751 0.3020611
vn -0.8651323 0.2349336 0.4431166
vn -0.7855402 0.2351053 0.5724091
vn -0.6872764 0.2351644 0.6872764
vn -0.5724091 0.2351055 0.7855402
vn -0.4431165 0.2349336 0.8651323
vn -0.3020611 0.2346752 0.9239517
vn -0.1528018 0.2344005 0.9600562
vn -0.9691342 0.1923194 0.1542466
vn -0.932709 0.192549 0.3049241
vn -0.8733505 0.1927652 0.4473258
vn -0.7930134 0.1929087 0.5778547
vn -0.6938182 0.1929582 0.6938182
vn -0.5778546 0.1929089 0.7930133
vn -0.4473259 0.1927652 0.8733504
vn -0.304924 0.1925491 0.932709
vn -0.1542466 0.1923195 0.9691343
vn -0.9778156 0.1402014 0.1556283
vn -0.9410843 0.1403718 0.3076622
vn -0.8812107 0.1405322 0.4513519
vn -0.8001612 0.1406387 0.5830632
vn -0.7000751 0.1406755 0.7000751
vn -0.5830632 0.1406389 0.8001612
vn -0.4513518 0.1405322 0.8812107
vn -0.3076621 0.1403719 0.9410843
vn -0.1556283 0.1402014 0.9778156
vn -0.9846713 0.07656042 0.1567195
vn -0.9476987 0.07665478 0.3098246
vn -0.8874185 0.07674363 0.4545315
vn -0.8058068 0.07680259 0.587177
vn -0.7050171 0.07682297 0.7050171
vn -0.587177 0.07680272 0.8058068
vn -0.4545315 0.07674363 0.8874186
vn -0.3098245 0.07665484 0.9476987
vn -0.1567195 0.07656043 0.9846712
vn -0.9875699 0 0.1571808
vn -0.9504953 0 0.3107388
vn -0.8900433 0 0.4558759
vn -0.8081939 0 0.5889165
vn -0.7071068 0 0.7071068
vn -0.5889165 0 0.8081939
vn -0.4558759 0 0.8900433
vn -0.3107388 0 0.9504954
vn -0.1571808 0 0.9875697
vn -0.9864432 -0.1641033 0
vn -0.9741648 -0.1642055 -0.1550473
vn -0.937562 -0.1644035 -0.3065107
vn -0.877905 -0.1645901 -0.4496587
vn -0.7971551 -0.1647139 -0.5808727
vn -0.6974437 -0.1647566 -0.6974437
vn -0.5808727 -0.164714 -0.7971551
vn -0.4496587 -0.1645901 -0.877905
vn -0.3065106 -0.1644036 -0.937562
vn -0.1550473 -0.1642055 -0.9741648
vn 0 -0.1641033 -0.9864432
vn -0.949465 -0.3138728 0
vn -0.937604 -0.3140538 -0.1492283
vn -0.9022948 -0.3144047 -0.294981
vn -0.844811 -0.314735 -0.4327081
vn -0.7670624 -0.3149543 -0.5589447
vn -0.6711022 -0.3150298 -0.6711022
vn -0.5589446 -0.3149543 -0.7670624
vn -0.4327081 -0.314735 -0.844811
vn -0.2949809 -0.3144048 -0.9022948
vn -0.1492283 -0.3140539 -0.937604
vn 0 -0.3138728 -0.949465
vn -0.898164 -0.4396607 0
vn -0.8868899 -0.4398876 -0.1411566
vn -0.8533902 -0.4403272 -0.278993
vn -0.7989334 -0.4407411 -0.4092098
vn -0.7253535 -0.4410156 -0.5285522
vn -0.6345951 -0.4411102 -0.6345951
vn -0.5285521 -0.4410157 -0.7253535
vn -0.4092098 -0.4407411 -0.7989334
vn -0.2789929 -0.4403274 -0.8533902
vn -0.1411567 -0.4398877 -0.8868899
vn 0 -0.4396607 -0.898164
vn -0.8429222 -0.5380354 0
vn -0.8322903 -0.53828 -0.1324666
vn -0.8007575 -0.5387537 -0.2617861
vn -0.7495751 -0.5391994 -0.3839287
vn -0.6804902 -0.5394951 -0.495861
vn -0.5953298 -0.5395968 -0.5953298
vn -0.495861 -0.5394951 -0.6804902
vn -0.3839287 -0.5391994 -0.7495751
vn -0.261786 -0.5387538 -0.8007574
vn -0.1324666 -0.53828 -0.8322903
vn 0 -0.5380354 -0.8429222
vn -0.792624 -0.6097108 0
vn -0.7825854 -0.6099557 -0.1245556
vn -0.7528588 -0.6104302 -0.2461269
vn -0.7046703 -0.6108766 -0.3609287
vn -0.6396833 -0.6111726 -0.4661258
vn -0.5596175 -0.6112745 -0.5596175
vn -0.4661258 -0.6111727 -0.6396832
vn -0.3609287 -0.6108766 -0.7046704
vn -0.2461268 -0.6104305 -0.7528587
vn -0.1245556 -0.6099558 -0.7825853
vn 0 -0.6097108 -0.792624
vn -0.7546055 -0.6561787 0
vn -0.7450203 -0.6564177 -0.1185768
vn -0.7166684 -0.6568804 -0.2342955
vn -0.6707504 -0.6573156 -0.3435552
vn -0.6088639 -0.6576042 -0.4436682
vn -0.5326472 -0.6577035 -0.5326472
vn -0.4436682 -0.6576043 -0.6088638
vn -0.3435552 -0.6573156 -0.6707505
vn -0.2342954 -0.6568806 -0.7166684
vn -0.1185768 -0.6564177 -0.7450204
vn 0 -0.6561787 -0.7546055
vn -0.7370205 -0.6758703 0
vn -0.7276465 -0.6761052 -0.1158116
vn -0.6999331 -0.6765597 -0.2288243
vn -0.6550672 -0.6769873 -0.3355222
vn -0.5946156 -0.6772708 -0.4332858
vn -0.5201789 -0.6773683 -0.5201789
vn -0.4332857 -0.6772708 -0.5946156
vn -0.3355222 -0.6769872 -0.6550672
vn -0.2288242 -0.67656 -0.6999329
vn -0.1158116 -0.6761053 -0.7276465
vn 0 -0.6758703 -0.7370205
vn -0.7546055 -0.6561787 0
vn -0.7450203 -0.6564177 -0.1185768
vn -0.7166685 -0.6568805 -0.2342955
vn -0.6707504 -0.6573157 -0.3435551
vn -0.6088639 -0.6576042 -0.4436682
vn -0.5326472 -0.6577035 -0.5326472
vn -0.4436682 -0.6576043 -0.6088638
vn -0.3435551 -0.6573156 -0.6707504
vn -0.2342954 -0.6568806 -0.7166684
vn -0.1185768 -0.6564177 -0.7450203
vn 0 -0.6561787 -0.7546055
vn -0.8429222 -0.5380355 0
vn -0.8322903 -0.5382801 -0.1324666
vn -0.8007575 -0.5387536 -0.2617862
vn -0.7495751 -0.5391995 -0.3839287
vn -0.6804902 -0.5394951 -0.4958611
vn -0.5953298 -0.5395969 -0.5953298
vn -0.495861 -0.5394952 -0.6804902
vn -0.3839287 -0.5391994 -0.7495751
vn -0.261786 -0.5387539 -0.8007573
vn -0.1324667 -0.5382801 -0.8322904
vn 0 -0.5380355 -0.8429222
vn -1 0 0
vn -0.9875697 0 -0.1571808
vn -0.9504953 0 -0.3107389
vn -0.8900433 0 -0.4558759
vn -0.8081939 0 -0.5889164
vn -0.7071068 0 -0.7071068
vn -0.5889164 0 -0.808194
vn -0.4558759 0 -0.8900433
vn -0.3107389 0 -0.9504953
vn -0.1571808 0 -0.9875699
vn 0 0 -1
vn 0.1550473 -0.1642055 -0.9741648
vn 0.3065107 -0.1644035 -0.937562
vn 0.4496587 -0.1645901 -0.877905
vn 0.5808727 -0.1647139 -0.7971551
vn 0.6974437 -0.1647566 -0.6974437
vn 0.7971551 -0.164714 -0.5808727
vn 0.877905 -0.1645901 -0.4496587
vn 0.937562 -0.1644036 -0.3065106
vn 0.9741648 -0.1642055 -0.1550473
vn 0.9864432 -0.1641033 0
vn 0.1492283 -0.3140538 -0.937604
vn 0.294981 -0.3144047 -0.9022948
vn 0.4327081 -0.314735 -0.844811
vn 0.5589447 -0.3149543 -0.7670624
vn 0.6711022 -0.3150298 -0.6711022
vn 0.7670624 -0.3149543 -0.5589446
vn 0.844811 -0.314735 -0.4327081
vn 0.9022948 -0.3144048 -0.2949809
vn 0.937604 -0.3140539 -0.1492283
vn 0.949465 -0.3138728 0
vn 0.1411566 -0.4398876 -0.8868899
vn 0.278993 -0.4403272 -0.8533902
vn 0.4092098 -0.4407411 -0.7989334
vn 0.5285522 -0.4410156 -0.7253535
vn 0.6345951 -0.4411102 -0.6345951
vn 0.7253535 -0.4410157 -0.5285521
vn 0.7989334 -0.4407411 -0.4092098
vn 0.8533902 -0.4403274 -0.2789929
vn 0.8868899 -0.4398877 -0.1411567
vn 0.898164 -0.4396607 0
vn 0.1324666 -0.53828 -0.8322903
vn 0.2617861 -0.5387537 -0.8007575
vn 0.3839287 -0.5391994 -0.7495751
vn 0.495861 -0.5394951 -0.6804902
vn 0.5953298 -0.5395968 -0.5953298
vn 0.6804902 -0.5394951 -0.495861
vn 0.7495751 -0.5391994 -0.3839287
vn 0.8007574 -0.5387538 -0.261786
vn 0.8322903 -0.53828 -0.1324666
vn 0.8429222 -0.5380354 0
vn 0.1245556 -0.6099557 -0.7825854
vn 0.2461269 -0.6104302 -0.7528588
vn 0.3609287 -0.6108766 -0.7046703
vn 0.4661258 -0.6111726 -0.6396833
vn 0.5596175 -0.6112745 -0.5596175
vn 0.6396832 -0.6111727 -0.4661258
vn 0.7046704 -0.6108766 -0.3609287
vn 0.7528587 -0.6104305 -0.2461268
vn 0.7825853 -0.6099558 -0.1245556
vn 0.792624 -0.6097108 0
vn 0.1185768 -0.6564177 -0.7450203
vn 0.2342955 -0.6568804 -0.7166684
vn 0.3435552 -0.6573156 -0.6707504
vn 0.4436682 -0.6576042 -0.6088639
vn 0.5326472 -0.6577035 -0.5326472
vn 0.6088638 -0.6576043 -0.4436682
vn 0.6707505 -0.6573156 -0.3435552
vn 0.7166684 -0.6568806 -0.2342954
vn 0.7450204 -0.6564177 -0.1185768
vn 0.7546055 -0.6561787 0
vn 0.1158116 -0.6761052 -0.7276465
vn 0.2288243 -0.6765597 -0.6999331
vn 0.3355222 -0.6769873 -0.6550672
vn 0.4332858 -0.6772708 -0.5946156
vn 0.5201789 -0.6773683 -0.5201789
vn 0.5946156 -0.6772708 -0.4332857
vn 0.6550672 -0.6769872 -0.3355222
vn 0.6999329 -0.67656 -0.2288242
vn 0.7276465 -0.6761053 -0.1158116
vn 0.7370205 -0.6758703 0
vn 0.1185768 -0.6564177 -0.7450203
vn 0.2342955 -0.6568805 -0.7166685
vn 0.3435551 -0.6573157 -0.6707504
vn 0.4436682 -0.6576042 -0.6088639
vn 0.5326472 -0.6577035 -0.5326472
vn 0.6088638 -0.6576043 -0.4436682
vn 0.6707504 -0.6573156 -0.3435551
vn 0.7166684 -0.6568806 -0.2342954
vn 0.7450203 -0.6564177 -0.1185768
vn 0.7546055 -0.6561787 0
vn 0.1324666 -0.5382801 -0.8322903
vn 0.2617862 -0.5387536 -0.8007575
vn 0.3839287 -0.5391995 -0.7495751
vn 0.4958611 -0.5394951 -0.6804902
vn 0.5953298 -0.5395969 -0.5953298
vn 0.6804902 -0.5394952 -0.495861
vn 0.7495751 -0.5391994 -0.3839287
vn 0.8007573 -0.5387539 -0.261786
vn 0.8322904 -0.5382801 -0.1324667
vn 0.8429222 -0.5380355 0
vn 0.1571808 0 -0.9875697
vn 0.3107389 0 -0.9504953
vn 0.4558759 0 -0.8900433
vn 0.5889164 0 -0.8081939
vn 0.7071068 0 -0.7071068
vn 0.808194 0 -0.5889164
vn 0.8900433 0 -0.4558759
vn 0.9504953 0 -0.3107389
vn 0.9875699 0 -0.1571808
vn 1 0 0
vn 0 -0.1641033 0.9864432
vn 0.1550473 -0.1642055 0.9741648
vn 0.3065107 -0.1644035 0.937562
vn 0.4496587 -0.1645901 0.877905
vn 0.5808727 -0.1647139 0.7971551
vn 0.6974437 -0.1647566 0.6974437
vn 0.7971551 -0.164714 0.5808727
vn 0.877905 -0.1645901 0.4496587
vn 0.937562 -0.1644036 0.3065106
vn 0.9741648 -0.1642055 0.1550473
vn 0 -0.3138728 0.949465
vn 0.1492283 -0.3140538 0.937604
vn 0.294981 -0.3144047 0.9022948
vn 0.4327081 -0.314735 0.844811
vn 0.5589447 -0.3149543 0.7670624
vn 0.6711022 -0.3150298 0.6711022
vn 0.7670624 -0.3149543 0.5589446
vn 0.844811 -0.314735 0.4327081
vn 0.9022948 -0.3144048 0.2949809
vn 0.937604 -0.3140539 0.1492283
vn 0 -0.4396607 0.898164
vn 0.1411566 -0.4398876 0.8868899
vn 0.278993 -0.4403272 0.8533902
vn 0.4092098 -0.4407411 0.7989334
vn 0.5285522 -0.4410156 0.7253535
vn 0.6345951 -0.4411102 0.6345951
vn 0.7253535 -0.4410157 0.5285521
vn 0.7989334 -0.4407411 0.4092098
vn 0.8533902 -0.4403274 0.2789929
vn 0.8868899 -0.4398877 0.1411567
vn 0 -0.5380354 0.8429222
vn 0.1324666 -0.53828 0.8322903
vn 0.2617861 -0.5387537 0.8007575
vn 0.3839287 -0.5391994 0.7495751
vn 0.495861 -0.5394951 0.6804902
vn 0.5953298 -0.5395968 0.5953298
vn 0.6804902 -0.5394951 0.495861
vn 0.7495751 -0.5391994 0.3839287
vn 0.8007574 -0.5387538 0.261786
vn 0.8322903 -0.53828 0.1324666
vn 0 -0.6097108 0.792624
vn 0.1245556 -0.6099557 0.7825854
vn 0.2461269 -0.6104302 0.7528588
vn 0.3609287 -0.6108766 0.7046703
vn 0.4661258 -0.6111726 0.6396833
vn 0.5596175 -0.6112745 0.5596175
vn 0.6396832 -0.6111727 0.4661258
vn 0.7046704 -0.6108766 0.3609287
vn 0.7528587 -0.6104305 0.2461268
vn 0.7825853 -0.6099558 0.1245556
vn 0 -0.6561787 0.7546055
vn 0.1185768 -0.6564177 0.7450203
vn 0.2342955 -0.6568804 0.7166684
vn 0.3435552 -0.6573156 0.6707504
vn 0.4436682 -0.6576042 0.6088639
vn 0.5326472 -0.6577035 0.5326472
vn 0.6088638 -0.6576043 0.4436682
vn 0.6707505 -0.6573156 0.3435552
vn 0.7166684 -0.6568806 0.2342954
vn 0.7450204 -0.6564177 0.1185768
vn 0 -0.6758703 0.7370205
vn 0.1158116 -0.6761052 0.7276465
vn 0.2288243 -0.6765597 0.6999331
vn 0.3355222 -0.6769873 0.6550672
vn 0.4332858 -0.6772708 0.5946156
vn 0.5201789 -0.6773683 0.5201789
vn 0.5946156 -0.6772708 0.4332857
vn 0.6550672 -0.6769872 0.3355222
vn 0.6999329 -0.67656 0.2288242
vn 0.7276465 -0.6761053 0.1158116
vn 0 -0.6561787 0.7546055
vn 0.1185768 -0.6564177 0.7450203
vn 0.2342955 -0.6568805 0.7166685
vn 0.3435551 -0.6573157 0.6707504
vn 0.4436682 -0.6576042 0.6088639
vn 0.5326472 -0.6577035 0.5326472
vn 0.6088638 -0.6576043 0.4436682
vn 0.6707504 -0.6573156 0.3435551
vn 0.7166684 -0.6568806 0.2342954
vn 0.7450203 -0.6564177 0.1185768
vn 0 -0.5380355 0.8429222
vn 0.1324666 -0.5382801 0.8322903
vn 0.2617862 -0.5387536 0.8007575
vn 0.3839287 -0.5391995 0.7495751
vn 0.4958611 -0.5394951 0.6804902
vn 0.5953298 -0.5395969 0.5953298
vn 0.6804902 -0.5394952 0.495861
vn 0.7495751 -0.5391994 0.3839287
vn 0.8007573 -0.5387539 0.261786
vn 0.8322904 -0.5382801 0.1324667
vn 0 0 1
vn 0.1571808 0 0.9875697
vn 0.3107389 0 0.9504953
vn 0.4558759 0 0.8900433
vn 0.5889164 0 0.8081939
vn 0.7071068 0 0.7071068
vn 0.808194 0 0.5889164
vn 0.8900433 0 0.4558759
vn 0.9504953 0 0.3107389
vn 0.9875699 0 0.1571808
vn -0.9741648 -0.1642055 0.1550473
vn -0.937562 -0.1644035 0.3065107
vn -0.877905 -0.1645901 0.4496587
vn -0.7971551 -0.1647139 0.5808727
vn -0.6974437 -0.1647566 0.6974437
vn -0.5808727 -0.164714 0.7971551
vn -0.4496587 -0.1645901 0.877905
vn -0.3065106 -0.1644036 0.937562
vn -0.1550473 -0.1642055 0.9741648
vn -0.937604 -0.3140538 0.1492283
vn -0.9022948 -0.3144047 0.294981
vn -0.844811 -0.314735 0.4327081
vn -0.7670624 -0.3149543 0.5589447
vn -0.6711022 -0.3150298 0.6711022
vn -0.5589446 -0.3149543 0.7670624
vn -0.4327081 -0.314735 0.844811
vn -0.2949809 -0.3144048 0.9022948
vn -0.1492283 -0.3140539 0.937604
vn -0.8868899 -0.4398876 0.1411566
vn -0.8533902 -0.4403272 0.278993
vn -0.7989334 -0.4407411 0.4092098
vn -0.7253535 -0.4410156 0.5285522
vn -0.6345951 -0.4411102 0.6345951
vn -0.5285521 -0.4410157 0.7253535
vn -0.4092098 -0.4407411 0.7989334
vn -0.2789929 -0.4403274 0.8533902
vn -0.1411567 -0.4398877 0.8868899
vn -0.8322903 -0.53828 0.1324666
vn -0.8007575 -0.5387537 0.2617861
vn -0.7495751 -0.5391994 0.3839287
vn -0.6804902 -0.5394951 0.495861
vn -0.5953298 -0.5395968 0.5953298
vn -0.495861 -0.5394951 0.6804902
vn -0.3839287 -0.5391994 0.7495751
vn -0.261786 -0.5387538 0.8007574
vn -0.1324666 -0.53828 0.8322903
vn -0.7825854 -0.6099557 0.1245556
vn -0.7528588 -0.6104302 0.2461269
vn -0.7046703 -0.6108766 0.3609287
vn -0.6396833 -0.6111726 0.4661258
vn -0.5596175 -0.6112745 0.5596175
vn -0.4661258 -0.6111727 0.6396832
vn -0.3609287 -0.6108766 0.7046704
vn -0.2461268 -0.6104305 0.7528587
vn -0.1245556 -0.6099558 0.7825853
vn -0.7450203 -0.6564177 0.1185768
vn -0.7166684 -0.6568804 0.2342955
vn -0.6707504 -0.6573156 0.3435552
vn -0.6088639 -0.6576042 0.4436682
vn -0.5326472 -0.6577035 0.5326472
vn -0.4436682 -0.6576043 0.6088638
vn -0.3435552 -0.6573156 0.6707505
vn -0.2342954 -0.6568806 0.7166684
vn -0.1185768 -0.6564177 0.7450204
vn -0.7276465 -0.6761052 0.1158116
vn -0.6999331 -0.6765597 0.2288243
vn -0.6550672 -0.6769873 0.3355222
vn -0.5946156 -0.6772708 0.4332858
vn -0.5201789 -0.6773683 0.5201789
vn -0.4332857 -0.6772708 0.5946156
vn -0.3355222 -0.6769872 0.6550672
vn -0.2288242 -0.67656 0.6999329
vn -0.1158116 -0.6761053 0.7276465
vn -0.7450203 -0.6564177 0.1185768
vn -0.7166685 -0.6568805 0.2342955
vn -0.6707504 -0.6573157 0.3435551
vn -0.6088639 -0.6576042 0.4436682
vn -0.5326472 -0.6577035 0.5326472
vn -0.4436682 -0.6576043 0.6088638
vn -0.3435551 -0.6573156 0.6707504
vn -0.2342954 -0.6568806 0.7166684
vn -0.1185768 -0.6564177 0.7450203
vn -0.8322903 -0.5382801 0.1324666
vn -0.8007575 -0.5387536 0.2617862
vn -0.7495751 -0.5391995 0.3839287
vn -0.6804902 -0.5394951 0.4958611
vn -0.5953298 -0.5395969 0.5953298
vn -0.495861 -0.5394952 0.6804902
vn -0.3839287 -0.5391994 0.7495751
vn -0.261786 -0.5387539 0.8007573
vn -0.1324667 -0.5382801 0.8322904
vn -0.9875697 0 0.1571808
vn -0.9504953 0 0.3107389
vn -0.8900433 0 0.4558759
vn -0.8081939 0 0.5889164
vn -0.7071068 0 0.7071068
vn -0.5889164 0 0.808194
vn -0.4558759 0 0.8900433
vn -0.3107389 0 0.9504953
vn -0.1571808 0 0.9875699

vt 0.125 1
vt 0.1367188 1
vt 0.1484375 1
vt 0.1601563 1
vt 0.171875 1
vt 0.1835938 1
vt 0.1953125 1
vt 0.2070313 1
vt 0.21875 1
vt 0.2304688 1
vt 0.2421875 1
vt 0.125 0.966
vt 0.1367188 0.9659637
vt 0.1484375 0.9658615
vt 0.1601563 0.9657007
vt 0.171875 0.9654872
vt 0.1835938 0.9652286
vt 0.1953125 0.9649373
vt 0.2070313 0.9646354
vt 0.21875 0.9643574
vt 0.2304688 0.9641513
vt 0.2421875 0.9640715
vt 0.125 0.9351429
vt 0.1367188 0.9350675
vt 0.1484375 0.9348556
vt 0.1601563 0.9345222
vt 0.171875 0.9340794
vt 0.1835938 0.9335428
vt 0.1953125 0.9329388
vt 0.2070313 0.9323125
vt 0.21875 0.931736
vt 0.2304688 0.9313086
vt 0.2421875 0.9311429
vt 0.125 0.907
vt 0.1367188 0.9068869
vt 0.1484375 0.9065691
vt 0.1601563 0.9060689
vt 0.171875 0.9054048
vt 0.1835938 0.9046
vt 0.1953125 0.9036939
vt 0.2070313 0.9027545
vt 0.21875 0.9018897
vt 0.2304688 0.9012485
vt 0.2421875 0.901
vt 0.125 0.8811429
vt 0.1367188 0.8809975
vt 0.1484375 0.8805888
vt 0.1601563 0.8799458
vt 0.171875 0.8790919
vt 0.1835938 0.8780571
vt 0.1953125 0.8768921
vt 0.2070313 0.8756844
vt 0.21875 0.8745725
vt 0.2304688 0.8737481
vt 0.2421875 0.8734286
vt 0.125 0.8571429
vt 0.1367188 0.8569746
vt 0.1484375 0.8565016
vt 0.1601563 0.8557574
vt 0.171875 0.8547691
vt 0.1835938 0.8535714
vt 0.1953125 0.852223
vt 0.2070313 0.8508252
vt 0.21875 0.8495383
vt 0.2304688 0.8485841
vt 0.2421875 0.8482143
vt 0.125 0.8345714
vt 0.1367188 0.8343938
vt 0.1484375 0.8338943
vt 0.1601563 0.8331084
vt 0.171875 0.8320647
vt 0.1835938 0.8308
vt 0.1953125 0.829376
vt 0.2070313 0.8278999
vt 0.21875 0.826541
vt 0.2304688 0.8255334
vt 0.2421875 0.8251429
vt 0.125 0.813
vt 0.1367188 0.8128304
vt 0.1484375 0.8123536
vt 0.1601563 0.8116034
vt 0.171875 0.8106072
vt 0.1835938 0.8094
vt 0.1953125 0.8080408
vt 0.2070313 0.8066318
vt 0.21875 0.8053346
vt 0.2304688 0.8043728
vt 0.2421875 0.804
vt 0.125 0.792
vt 0.1367188 0.79186
vt 0.1484375 0.7914665
vt 0.1601563 0.7908473
vt 0.171875 0.790025
vt 0.1835938 0.7890286
vt 0.1953125 0.7879066
vt 0.2070313 0.7867437
vt 0.21875 0.785673
vt 0.2304688 0.7848791
vt 0.2421875 0.7845714
vt 0.125 0.7711428
vt 0.1367188 0.7710581
vt 0.1484375 0.7708197
vt 0.1601563 0.7704446
vt 0.171875 0.7699465
vt 0.1835938 0.7693429
vt 0.1953125 0.7686633
vt 0.2070313 0.7679588
vt 0.21875 0.7673101
vt 0.2304688 0.7668293
vt 0.2421875 0.7666429
vt 0.125 0.75
vt 0.1367188 0.75
vt 0.1484375 0.75
vt 0.1601563 0.75
vt 0.171875 0.75
vt 0.1835938 0.75
vt 0.1953125 0.75
vt 0.2070313 0.75
vt 0.21875 0.75
vt 0.2304688 0.75
vt 0.2421875 0.75
vt 0.1132813 1
vt 0.1015625 1
vt 0.08984375 1
vt 0.078125 1
vt 0.06640625 1
vt 0.0546875 1
vt 0.04296875 1
vt 0.03125 1
vt 0.01953125 1
vt 0.0078125 1
vt 0.1132813 0.9659637
vt 0.1015625 0.9658615
vt 0.08984375 0.9657007
vt 0.078125 0.9654872
vt 0.06640625 0.9652286
vt 0.0546875 0.9649373
vt 0.04296875 0.9646354
vt 0.03125 0.9643574
vt 0.01953125 0.9641513
vt 0.0078125 0.9640715
vt 0.1132813 0.9350675
vt 0.1015625 0.9348556
vt 0.08984375 0.9345222
vt 0.078125 0.9340794
vt 0.06640625 0.9335428
vt 0.0546875 0.9329388
vt 0.04296875 0.9323125
vt 0.03125 0.931736
vt 0.01953125 0.9313086
vt 0.0078125 0.9311429
vt 0.1132813 0.9068869
vt 0.1015625 0.9065691
vt 0.08984375 0.9060689
vt 0.078125 0.9054048
vt 0.06640625 0.9046
vt 0.0546875 0.9036939
vt 0.04296875 0.9027545
vt 0.03125 0.9018897
vt 0.01953125 0.9012485
vt 0.0078125 0.901
vt 0.1132813 0.8809975
vt 0.1015625 0.8805888
vt 0.08984375 0.8799458
vt 0.078125 0.8790919
vt 0.06640625 0.8780571
vt 0.0546875 0.8768921
vt 0.04296875 0.8756844
vt 0.03125 0.8745725
vt 0.01953125 0.8737481
vt 0.0078125 0.8734286
vt 0.1132813 0.8569746
vt 0.1015625 0.8565016
vt 0.08984375 0.8557574
vt 0.078125 0.8547691
vt 0.06640625 0.8535714
vt 0.0546875 0.852223
vt 0.04296875 0.8508252
vt 0.03125 0.8495383
vt 0.01953125 0.8485841
vt 0.0078125 0.8482143
vt 0.1132813 0.8343938
vt 0.1015625 0.8338943
vt 0.08984375 0.8331084
vt 0.078125 0.8320647
vt 0.06640625 0.8308
vt 0.0546875 0.829376
vt 0.04296875 0.8278999
vt 0.03125 0.826541
vt 0.01953125 0.8255334
vt 0.0078125 0.8251429
vt 0.1132813 0.8128304
vt 0.1015625 0.8123536
vt 0.08984375 0.8116034
vt 0.078125 0.8106072
vt 0.06640625 0.8094
vt 0.0546875 0.8080408
vt 0.04296875 0.8066318
vt 0.03125 0.8053346
vt 0.01953125 0.8043728
vt 0.0078125 0.804
vt 0.1132813 0.79186
vt 0.1015625 0.7914665
vt 0.08984375 0.7908473
vt 0.078125 0.790025
vt 0.06640625 0.7890286
vt 0.0546875 0.7879066
vt 0.04296875 0.7867437
vt 0.03125 0.785673
vt 0.01953125 0.7848791
vt 0.0078125 0.7845714
vt 0.1132813 0.7710581
vt 0.1015625 0.7708197
vt 0.08984375 0.7704446
vt 0.078125 0.7699465
vt 0.06640625 0.7693429
vt 0.0546875 0.7686633
vt 0.04296875 0.7679588
vt 0.03125 0.7673101
vt 0.01953125 0.7668293
vt 0.0078125 0.7666429
vt 0.1132813 0.75
vt 0.1015625 0.75
vt 0.08984375 0.75
vt 0.078125 0.75
vt 0.06640625 0.75
vt 0.0546875 0.75
vt 0.04296875 0.75
vt 0.03125 0.75
vt 0.01953125 0.75
vt 0.0078125 0.75
vt 0.125 0.7301314
vt 0.1367188 0.7302205
vt 0.1484375 0.7304709
vt 0.1601563 0.7308643
vt 0.171875 0.7313848
vt 0.1835938 0.7320112
vt 0.1953125 0.7327088
vt 0.2070313 0.7334218
vt 0.21875 0.7340679
vt 0.2304688 0.7345402
vt 0.2421875 0.7347217
vt 0.125 0.7098101
vt 0.1367188 0.7099456
vt 0.1484375 0.7103259
vt 0.1601563 0.7109225
vt 0.171875 0.7117105
vt 0.1835938 0.7126568
vt 0.1953125 0.7137088
vt 0.2070313 0.7147821
vt 0.21875 0.7157533
vt 0.2304688 0.7164624
vt 0.2421875 0.7167346
vt 0.125 0.6889242
vt 0.1367188 0.6890718
vt 0.1484375 0.6894858
vt 0.1601563 0.690134
vt 0.171875 0.6909878
vt 0.1835938 0.6920105
vt 0.1953125 0.6931441
vt 0.2070313 0.6942979
vt 0.21875 0.6953396
vt 0.2304688 0.696099
vt 0.2421875 0.6963904
vt 0.125 0.6673616
vt 0.1367188 0.6674957
vt 0.1484375 0.6678716
vt 0.1601563 0.6684582
vt 0.171875 0.669228
vt 0.1835938 0.670146
vt 0.1953125 0.6711592
vt 0.2070313 0.6721864
vt 0.21875 0.6731107
vt 0.2304688 0.6737828
vt 0.2421875 0.6740404
vt 0.125 0.6450101
vt 0.1367188 0.6451141
vt 0.1484375 0.6454041
vt 0.1601563 0.6458546
vt 0.171875 0.6464418
vt 0.1835938 0.6471369
vt 0.1953125 0.6478982
vt 0.2070313 0.6486645
vt 0.21875 0.64935
vt 0.2304688 0.6498464
vt 0.2421875 0.6500361
vt 0.125 0.6217579
vt 0.1367188 0.6218232
vt 0.1484375 0.6220043
vt 0.1601563 0.6222826
vt 0.171875 0.6226403
vt 0.1835938 0.6230568
vt 0.1953125 0.6235054
vt 0.2070313 0.6239496
vt 0.21875 0.6243414
vt 0.2304688 0.6246221
vt 0.2421875 0.6247288
vt 0.125 0.5974928
vt 0.1367188 0.5975198
vt 0.1484375 0.5975931
vt 0.1601563 0.5977018
vt 0.171875 0.5978344
vt 0.1835938 0.5979794
vt 0.1953125 0.5981249
vt 0.2070313 0.5982586
vt 0.21875 0.5983684
vt 0.2304688 0.5984428
vt 0.2421875 0.5984702
vt 0.125 0.5721028
vt 0.1367188 0.5721004
vt 0.1484375 0.5720913
vt 0.1601563 0.5720714
vt 0.171875 0.5720351
vt 0.1835938 0.5719784
vt 0.1953125 0.571901
vt 0.2070313 0.5718085
vt 0.21875 0.5717148
vt 0.2304688 0.571641
vt 0.2421875 0.5716115
vt 0.125 0.545476
vt 0.1367188 0.5454617
vt 0.1484375 0.5454201
vt 0.1601563 0.545351
vt 0.171875 0.5452533
vt 0.1835938 0.5451274
vt 0.1953125 0.544978
vt 0.2070313 0.5448167
vt 0.21875 0.5446641
vt 0.2304688 0.5445492
vt 0.2421875 0.5445043
vt 0.125 0.5175
vt 0.1367188 0.5175
vt 0.1484375 0.5175
vt 0.1601563 0.5175
vt 0.171875 0.5175
vt 0.1835938 0.5175
vt 0.1953125 0.5175
vt 0.2070313 0.5175
vt 0.21875 0.5175
vt 0.2304688 0.5175
vt 0.2421875 0.5175
vt 0.1132813 0.7302205
vt 0.1015625 0.7304709
vt 0.08984375 0.7308643
vt 0.078125 0.7313848
vt 0.06640625 0.7320112
vt 0.0546875 0.7327088
vt 0.04296875 0.7334218
vt 0.03125 0.7340679
vt 0.01953125 0.7345402
vt 0.0078125 0.7347217
vt 0.1132813 0.7099456
vt 0.1015625 0.7103259
vt 0.08984375 0.7109225
vt 0.078125 0.7117105
vt 0.06640625 0.7126568
vt 0.0546875 0.7137088
vt 0.04296875 0.7147821
vt 0.03125 0.7157533
vt 0.01953125 0.7164624
vt 0.0078125 0.7167346
vt 0.1132813 0.6890718
vt 0.1015625 0.6894858
vt 0.08984375 0.690134
vt 0.078125 0.6909878
vt 0.06640625 0.6920105
vt 0.0546875 0.6931441
vt 0.04296875 0.6942979
vt 0.03125 0.6953396
vt 0.01953125 0.696099
vt 0.0078125 0.6963904
vt 0.1132813 0.6674957
vt 0.1015625 0.6678716
vt 0.08984375 0.6684582
vt 0.078125 0.669228
vt 0.06640625 0.670146
vt 0.0546875 0.6711592
vt 0.04296875 0.6721864
vt 0.03125 0.6731107
vt 0.01953125 0.6737828
vt 0.0078125 0.6740404
vt 0.1132813 0.6451141
vt 0.1015625 0.6454041
vt 0.08984375 0.6458546
vt 0.078125 0.6464418
vt 0.06640625 0.6471369
vt 0.0546875 0.6478982
vt 0.04296875 0.6486645
vt 0.03125 0.64935
vt 0.01953125 0.6498464
vt 0.0078125 0.6500361
vt 0.1132813 0.6218232
vt 0.1015625 0.6220043
vt 0.08984375 0.6222826
vt 0.078125 0.6226403
vt 0.06640625 0.6230568
vt 0.0546875 0.6235054
vt 0.04296875 0.6239496
vt 0.03125 0.6243414
vt 0.01953125 0.6246221
vt 0.0078125 0.6247288
vt 0.1132813 0.5975198
vt 0.1015625 0.5975931
vt 0.08984375 0.5977018
vt 0.078125 0.5978344
vt 0.06640625 0.5979794
vt 0.0546875 0.5981249
vt 0.04296875 0.5982586
vt 0.03125 0.5983684
vt 0.01953125 0.5984428
vt 0.0078125 0.5984702
vt 0.1132813 0.5721004
vt 0.1015625 0.5720913
vt 0.08984375 0.5720714
vt 0.078125 0.5720351
vt 0.06640625 0.5719784
vt 0.0546875 0.571901
vt 0.04296875 0.5718085
vt 0.03125 0.5717148
vt 0.01953125 0.571641
vt 0.0078125 0.5716115
vt 0.1132813 0.5454617
vt 0.1015625 0.5454201
vt 0.08984375 0.545351
vt 0.078125 0.5452533
vt 0.06640625 0.5451274
vt 0.0546875 0.544978
vt 0.04296875 0.5448167
vt 0.03125 0.5446641
vt 0.01953125 0.5445492
vt 0.0078125 0.5445043
vt 0.1132813 0.5175
vt 0.1015625 0.5175
vt 0.08984375 0.5175
vt 0.078125 0.5175
vt 0.06640625 0.5175
vt 0.0546875 0.5175
vt 0.04296875 0.5175
vt 0.03125 0.5175
vt 0.01953125 0.5175
vt 0.0078125 0.5175
vt 0.75 1
vt 0.7625 1
vt 0.775 1
vt 0.7875 1
vt 0.8 1
vt 0.8125 1
vt 0.825 1
vt 0.8375 1
vt 0.85 1
vt 0.8625 1
vt 0.875 1
vt 0.75 0.9919158
vt 0.7625 0.9918346
vt 0.775 0.9916111
vt 0.7875 0.9913044
vt 0.8 0.9909857
vt 0.8125 0.9907144
vt 0.825 0.990521
vt 0.8375 0.9904017
vt 0.85 0.9903319
vt 0.8625 0.9902886
vt 0.875 0.990269
vt 0.75 0.984221
vt 0.7625 0.9841013
vt 0.775 0.9837738
vt 0.7875 0.9833255
vt 0.8 0.982859
vt 0.8125 0.9824591
vt 0.825 0.98217
vt 0.8375 0.9819874
vt 0.85 0.981878
vt 0.8625 0.9818103
vt 0.875 0.9817806
vt 0.75 0.9768184
vt 0.7625 0.9766936
vt 0.775 0.9763555
vt 0.7875 0.9758944
vt 0.8 0.9754133
vt 0.8125 0.9749967
vt 0.825 0.9746889
vt 0.8375 0.974488
vt 0.85 0.9743636
vt 0.8625 0.974287
vt 0.875 0.9742547
vt 0.75 0.9696105
vt 0.7625 0.9695048
vt 0.775 0.9692232
vt 0.7875 0.9688417
vt 0.8 0.968442
vt 0.8125 0.9680895
vt 0.825 0.9678196
vt 0.8375 0.9676342
vt 0.85 0.9675143
vt 0.8625 0.9674406
vt 0.875 0.9674113
vt 0.75 0.9625
vt 0.7625 0.9624284
vt 0.775 0.9622442
vt 0.7875 0.9619983
vt 0.8 0.9617382
vt 0.8125 0.9614999
vt 0.825 0.9613041
vt 0.8375 0.9611571
vt 0.85 0.9610551
vt 0.8625 0.9609928
vt 0.875 0.9609703
vt 0.75 0.9553895
vt 0.7625 0.9553577
vt 0.775 0.9552856
vt 0.7875 0.9551951
vt 0.8 0.9550955
vt 0.8125 0.9549903
vt 0.825 0.9548843
vt 0.8375 0.9547874
vt 0.85 0.9547116
vt 0.8625 0.9546657
vt 0.875 0.9546517
vt 0.75 0.9481816
vt 0.7625 0.9481861
vt 0.775 0.9482148
vt 0.7875 0.9482628
vt 0.8 0.9483069
vt 0.8125 0.9483231
vt 0.825 0.948302
vt 0.8375 0.9482559
vt 0.85 0.9482089
vt 0.8625 0.9481809
vt 0.875 0.9481754
vt 0.75 0.940779
vt 0.7625 0.940807
vt 0.775 0.9408987
vt 0.7875 0.9410323
vt 0.8 0.9411659
vt 0.8125 0.9412607
vt 0.825 0.9412993
vt 0.8375 0.9412937
vt 0.85 0.9412726
vt 0.8625 0.9412605
vt 0.875 0.9412614
vt 0.75 0.9330842
vt 0.7625 0.9331139
vt 0.775 0.9332048
vt 0.7875 0.9333344
vt 0.8 0.9334658
vt 0.8125 0.9335656
vt 0.825 0.933618
vt 0.8375 0.9336314
vt 0.85 0.9336278
vt 0.8625 0.9336262
vt 0.875 0.9336296
vt 0.75 0.925
vt 0.7625 0.925
vt 0.775 0.925
vt 0.7875 0.925
vt 0.8 0.925
vt 0.8125 0.925
vt 0.825 0.925
vt 0.8375 0.925
vt 0.85 0.925
vt 0.8625 0.925
vt 0.875 0.925
vt 1 1
vt 0.9875 1
vt 0.975 1
vt 0.9625 1
vt 0.95 1
vt 0.9375 1
vt 0.925 1
vt 0.9125 1
vt 0.9 1
vt 0.8875 1
vt 1 0.9919158
vt 0.9875 0.9918346
vt 0.975 0.9916111
vt 0.9625 0.9913044
vt 0.95 0.9909857
vt 0.9375 0.9907144
vt 0.925 0.990521
vt 0.9125 0.9904017
vt 0.9 0.9903319
vt 0.8875 0.9902886
vt 1 0.984221
vt 0.9875 0.9841013
vt 0.975 0.9837738
vt 0.9625 0.9833255
vt 0.95 0.982859
vt 0.9375 0.9824591
vt 0.925 0.98217
vt 0.9125 0.9819874
vt 0.9 0.981878
vt 0.8875 0.9818103
vt 1 0.9768184
vt 0.9875 0.9766936
vt 0.975 0.9763555
vt 0.9625 0.9758944
vt 0.95 0.9754133
vt 0.9375 0.9749967
vt 0.925 0.9746889
vt 0.9125 0.974488
vt 0.9 0.9743636
vt 0.8875 0.974287
vt 1 0.9696105
vt 0.9875 0.9695048
vt 0.975 0.9692232
vt 0.9625 0.9688417
vt 0.95 0.968442
vt 0.9375 0.9680895
vt 0.925 0.9678196
vt 0.9125 0.9676342
vt 0.9 0.9675143
vt 0.8875 0.9674406
vt 1 0.9625
vt 0.9875 0.9624284
vt 0.975 0.9622442
vt 0.9625 0.9619983
vt 0.95 0.9617382
vt 0.9375 0.9614999
vt 0.925 0.9613041
vt 0.9125 0.9611571
vt 0.9 0.9610551
vt 0.8875 0.9609928
vt 1 0.9553895
vt 0.9875 0.9553577
vt 0.975 0.9552856
vt 0.9625 0.9551951
vt 0.95 0.9550955
vt 0.9375 0.9549903
vt 0.925 0.9548843
vt 0.9125 0.9547874
vt 0.9 0.9547116
vt 0.8875 0.9546657
vt 1 0.9481816
vt 0.9875 0.9481861
vt 0.975 0.9482148
vt 0.9625 0.9482628
vt 0.95 0.9483069
vt 0.9375 0.9483231
vt 0.925 0.948302
vt 0.9125 0.9482559
vt 0.9 0.9482089
vt 0.8875 0.9481809
vt 1 0.940779
vt 0.9875 0.940807
vt 0.975 0.9408987
vt 0.9625 0.9410323
vt 0.95 0.9411659
vt 0.9375 0.9412607
vt 0.925 0.9412993
vt 0.9125 0.9412937
vt 0.9 0.9412726
vt 0.8875 0.9412605
vt 1 0.9330842
vt 0.9875 0.9331139
vt 0.975 0.9332048
vt 0.9625 0.9333344
vt 0.95 0.9334658
vt 0.9375 0.9335656
vt 0.925 0.933618
vt 0.9125 0.9336314
vt 0.9 0.9336278
vt 0.8875 0.9336262
vt 1 0.925
vt 0.9875 0.925
vt 0.975 0.925
vt 0.9625 0.925
vt 0.95 0.925
vt 0.9375 0.925
vt 0.925 0.925
vt 0.9125 0.925
vt 0.9 0.925
vt 0.8875 0.925
vt 0.75 0.8941746
vt 0.7625 0.8941795
vt 0.775 0.894146
vt 0.7875 0.8940298
vt 0.8 0.8938364
vt 0.8125 0.8935989
vt 0.825 0.8933535
vt 0.8375 0.8931291
vt 0.85 0.8929462
vt 0.8625 0.8928218
vt 0.875 0.8927746
vt 0.75 0.8598721
vt 0.7625 0.8598244
vt 0.775 0.8596469
vt 0.7875 0.8593242
vt 0.8 0.8588948
vt 0.8125 0.8584214
vt 0.825 0.8579619
vt 0.8375 0.8575579
vt 0.85 0.8572381
vt 0.8625 0.8570254
vt 0.875 0.8569463
vt 0.75 0.8225343
vt 0.7625 0.8223975
vt 0.775 0.82201
vt 0.7875 0.8214339
vt 0.8 0.820758
vt 0.8125 0.8200697
vt 0.825 0.8194357
vt 0.8375 0.8188989
vt 0.85 0.8184861
vt 0.8625 0.8182181
vt 0.875 0.8181206
vt 0.75 0.7826029
vt 0.7625 0.7823617
vt 0.775 0.7817422
vt 0.7875 0.7809094
vt 0.8 0.7800086
vt 0.8125 0.7791455
vt 0.825 0.7783858
vt 0.8375 0.7777648
vt 0.85 0.7773009
vt 0.8625 0.7770073
vt 0.875 0.776903
vt 0.75 0.7405194
vt 0.7625 0.7401799
vt 0.775 0.7393505
vt 0.7875 0.7383014
vt 0.8 0.7372293
vt 0.8125 0.7362506
vt 0.825 0.7354227
vt 0.8375 0.734768
vt 0.85 0.7342929
vt 0.8625 0.7340004
vt 0.875 0.7338991
vt 0.75 0.6967257
vt 0.7625 0.696315
vt 0.775 0.695342
vt 0.7875 0.6941605
vt 0.8 0.693003
vt 0.8125 0.6919869
vt 0.825 0.6911569
vt 0.8375 0.6905209
vt 0.85 0.6900728
vt 0.8625 0.6898048
vt 0.875 0.6897146
vt 0.75 0.6516633
vt 0.7625 0.6512298
vt 0.775 0.6502239
vt 0.7875 0.6490375
vt 0.8 0.6479123
vt 0.8125 0.6469563
vt 0.825 0.6461993
vt 0.8375 0.6456363
vt 0.85 0.645251
vt 0.8625 0.6450276
vt 0.875 0.6449549
vt 0.75 0.605774
vt 0.7625 0.6053872
vt 0.775 0.6045029
vt 0.7875 0.6034828
vt 0.8 0.60254
vt 0.8125 0.6017606
vt 0.825 0.6011604
vt 0.8375 0.6007264
vt 0.85 0.6004381
vt 0.8625 0.6002764
vt 0.875 0.6002258
vt 0.75 0.5594994
vt 0.7625 0.5592501
vt 0.775 0.5586864
vt 0.7875 0.5580472
vt 0.8 0.5574688
vt 0.8125 0.5570016
vt 0.825 0.5566509
vt 0.8375 0.5564039
vt 0.85 0.5562447
vt 0.8625 0.5561585
vt 0.875 0.5561327
vt 0.75 0.5132812
vt 0.7625 0.5132812
vt 0.775 0.5132812
vt 0.7875 0.5132812
vt 0.8 0.5132812
vt 0.8125 0.5132812
vt 0.825 0.5132812
vt 0.8375 0.5132812
vt 0.85 0.5132812
vt 0.8625 0.5132812
vt 0.875 0.5132812
vt 1 0.8941746
vt 0.9875 0.8941795
vt 0.975 0.894146
vt 0.9625 0.8940298
vt 0.95 0.8938364
vt 0.9375 0.8935989
vt 0.925 0.8933535
vt 0.9125 0.8931291
vt 0.9 0.8929462
vt 0.8875 0.8928218
vt 1 0.8598721
vt 0.9875 0.8598244
vt 0.975 0.8596469
vt 0.9625 0.8593242
vt 0.95 0.8588948
vt 0.9375 0.8584214
vt 0.925 0.8579619
vt 0.9125 0.8575579
vt 0.9 0.8572381
vt 0.8875 0.8570254
vt 1 0.8225343
vt 0.9875 0.8223975
vt 0.975 0.82201
vt 0.9625 0.8214339
vt 0.95 0.820758
vt 0.9375 0.8200697
vt 0.925 0.8194357
vt 0.9125 0.8188989
vt 0.9 0.8184861
vt 0.8875 0.8182181
vt 1 0.7826029
vt 0.9875 0.7823617
vt 0.975 0.7817422
vt 0.9625 0.7809094
vt 0.95 0.7800086
vt 0.9375 0.7791455
vt 0.925 0.7783858
vt 0.9125 0.7777648
vt 0.9 0.7773009
vt 0.8875 0.7770073
vt 1 0.7405194
vt 0.9875 0.7401799
vt 0.975 0.7393505
vt 0.9625 0.7383014
vt 0.95 0.7372293
vt 0.9375 0.7362506
vt 0.925 0.7354227
vt 0.9125 0.734768
vt 0.9 0.7342929
vt 0.8875 0.7340004
vt 1 0.6967257
vt 0.9875 0.696315
vt 0.975 0.695342
vt 0.9625 0.6941605
vt 0.95 0.693003
vt 0.9375 0.6919869
vt 0.925 0.6911569
vt 0.9125 0.6905209
vt 0.9 0.6900728
vt 0.8875 0.6898048
vt 1 0.6516633
vt 0.9875 0.6512298
vt 0.975 0.6502239
vt 0.9625 0.6490375
vt 0.95 0.6479123
vt 0.9375 0.6469563
vt 0.925 0.6461993
vt 0.9125 0.6456363
vt 0.9 0.645251
vt 0.8875 0.6450276
vt 1 0.605774
vt 0.9875 0.6053872
vt 0.975 0.6045029
vt 0.9625 0.6034828
vt 0.95 0.60254
vt 0.9375 0.6017606
vt 0.925 0.6011604
vt 0.9125 0.6007264
vt 0.9 0.6004381
vt 0.8875 0.6002764
vt 1 0.5594994
vt 0.9875 0.5592501
vt 0.975 0.5586864
vt 0.9625 0.5580472
vt 0.95 0.5574688
vt 0.9375 0.5570016
vt 0.925 0.5566509
vt 0.9125 0.5564039
vt 0.9 0.5562447
vt 0.8875 0.5561585
vt 1 0.5132812
vt 0.9875 0.5132812
vt 0.975 0.5132812
vt 0.9625 0.5132812
vt 0.95 0.5132812
vt 0.9375 0.5132812
vt 0.925 0.5132812
vt 0.9125 0.5132812
vt 0.9 0.5132812
vt 0.8875 0.5132812
vt 0.375 0.75
vt 0.375 0.7212996
vt 0.3772452 0.7216493
vt 0.3794362 0.7226939
vt 0.3815189 0.7244117
vt 0.3834415 0.7267625
vt 0.3851558 0.7296885
vt 0.3866188 0.733117
vt 0.3877941 0.7369621
vt 0.3886531 0.7411277
vt 0.3891754 0.7455097
vt 0.3893502 0.75
vt 0.375 0.6924297
vt 0.3795035 0.6931322
vt 0.3838981 0.6952292
vt 0.3880753 0.6986765
vt 0.3919312 0.7033924
vt 0.3953694 0.7092613
vt 0.3983038 0.7161375
vt 0.4006618 0.7238494
vt 0.4023854 0.7322038
vt 0.4034339 0.740993
vt 0.4037851 0.75
vt 0.375 0.6638925
vt 0.3817357 0.6649444
vt 0.3883082 0.6680833
vt 0.3945552 0.6732413
vt 0.4003215 0.6802957
vt 0.4054632 0.6890735
vt 0.4098521 0.6993569
vt 0.4133793 0.7108895
vt 0.4159583 0.7233837
vt 0.4175278 0.7365285
vt 0.4180537 0.75
vt 0.375 0.6361901
vt 0.3839026 0.6375821
vt 0.3925889 0.6417338
vt 0.4008447 0.6485537
vt 0.408465 0.6578786
vt 0.41526 0.66948
vt 0.4210607 0.6830699
vt 0.4257232 0.6983105
vt 0.4291331 0.7148222
vt 0.431209 0.7321948
vt 0.4319049 0.75
vt 0.375 0.6098246
vt 0.3859649 0.6115409
vt 0.3966627 0.616658
vt 0.4068299 0.6250607
vt 0.4162141 0.6365472
vt 0.4245822 0.6508355
vt 0.4317264 0.6675718
vt 0.4374696 0.6863403
vt 0.441671 0.7066746
vt 0.4442295 0.7280703
vt 0.4450877 0.75
vt 0.375 0.5852981
vt 0.3878832 0.5873169
vt 0.400452 0.5933335
vt 0.4123967 0.6032097
vt 0.4234213 0.6167075
vt 0.4332525 0.6334951
vt 0.4416462 0.6531574
vt 0.4483951 0.6752067
vt 0.4533333 0.699096
vt 0.4563416 0.7242335
vt 0.4573509 0.75
vt 0.375 0.5631129
vt 0.3896184 0.565406
vt 0.4038793 0.5722375
vt 0.4174312 0.583448
vt 0.4299392 0.5987655
vt 0.4410932 0.6178136
vt 0.4506173 0.6401217
vt 0.458276 0.6651375
vt 0.4638813 0.6922414
vt 0.467297 0.7207632
vt 0.4684436 0.75
vt 0.375 0.5437708
vt 0.3911311 0.546304
vt 0.4068669 0.5538477
vt 0.4218196 0.5662227
vt 0.4356201 0.5831273
vt 0.447927 0.6041459
vt 0.4584364 0.6287599
vt 0.4668887 0.6563608
vt 0.4730761 0.6862662
vt 0.476848 0.7177377
vt 0.4781146 0.75
vt 0.375 0.5277742
vt 0.3923821 0.5305069
vt 0.4093373 0.5386415
vt 0.4254478 0.551981
vt 0.4403165 0.570199
vt 0.4535764 0.5928471
vt 0.4649005 0.6193669
vt 0.4740095 0.6491044
vt 0.4806793 0.6813254
vt 0.4847465 0.7152357
vt 0.4861129 0.75
vt 0.375 0.515625
vt 0.3933322 0.5185106
vt 0.411213 0.5270962
vt 0.428202 0.5411704
vt 0.4438811 0.5603867
vt 0.4578641 0.5842718
vt 0.4698067 0.6122378
vt 0.4794148 0.643596
vt 0.4864519 0.6775742
vt 0.4907447 0.7133357
vt 0.4921875 0.75
vt 0.3891754 0.7544903
vt 0.3886531 0.7588723
vt 0.3877941 0.7630379
vt 0.3866188 0.7668831
vt 0.3851558 0.7703115
vt 0.3834415 0.7732375
vt 0.3815189 0.7755883
vt 0.3794361 0.7773061
vt 0.3772452 0.7783507
vt 0.375 0.7787004
vt 0.4034339 0.759007
vt 0.4023854 0.7677962
vt 0.4006618 0.7761507
vt 0.3983038 0.7838625
vt 0.3953693 0.7907387
vt 0.3919312 0.7966076
vt 0.3880753 0.8013236
vt 0.383898 0.8047708
vt 0.3795035 0.8068679
vt 0.375 0.8075703
vt 0.4175278 0.7634715
vt 0.4159583 0.7766163
vt 0.4133793 0.7891105
vt 0.4098521 0.8006431
vt 0.4054632 0.8109265
vt 0.4003216 0.8197042
vt 0.3945552 0.8267587
vt 0.3883082 0.8319167
vt 0.3817357 0.8350556
vt 0.375 0.8361075
vt 0.431209 0.7678052
vt 0.4291331 0.7851778
vt 0.4257232 0.8016895
vt 0.4210607 0.8169301
vt 0.41526 0.8305201
vt 0.408465 0.8421213
vt 0.4008447 0.8514463
vt 0.3925889 0.8582662
vt 0.3839026 0.862418
vt 0.375 0.8638099
vt 0.4442295 0.7719297
vt 0.441671 0.7933255
vt 0.4374696 0.8136597
vt 0.4317264 0.8324283
vt 0.4245822 0.8491645
vt 0.4162141 0.8634527
vt 0.4068298 0.8749393
vt 0.3966627 0.883342
vt 0.3859649 0.8884591
vt 0.375 0.8901754
vt 0.4563415 0.7757665
vt 0.4533333 0.8009041
vt 0.4483951 0.8247933
vt 0.4416462 0.8468427
vt 0.4332525 0.866505
vt 0.4234214 0.8832925
vt 0.4123967 0.8967903
vt 0.400452 0.9066665
vt 0.3878832 0.9126831
vt 0.375 0.9147019
vt 0.467297 0.7792368
vt 0.4638812 0.8077586
vt 0.458276 0.8348625
vt 0.4506172 0.8598784
vt 0.4410932 0.8821864
vt 0.4299392 0.9012344
vt 0.4174312 0.9165521
vt 0.4038793 0.9277625
vt 0.3896184 0.934594
vt 0.375 0.9368871
vt 0.476848 0.7822623
vt 0.4730761 0.8137338
vt 0.4668887 0.8436393
vt 0.4584363 0.8712401
vt 0.447927 0.8958541
vt 0.4356201 0.9168726
vt 0.4218196 0.9337774
vt 0.4068669 0.9461523
vt 0.3911311 0.953696
vt 0.375 0.9562292
vt 0.4847465 0.7847643
vt 0.4806793 0.8186746
vt 0.4740095 0.8508957
vt 0.4649005 0.8806331
vt 0.4535764 0.907153
vt 0.4403166 0.9298009
vt 0.4254478 0.948019
vt 0.4093373 0.9613585
vt 0.3923821 0.9694931
vt 0.375 0.9722258
vt 0.4907447 0.7866643
vt 0.4864519 0.8224259
vt 0.4794148 0.8564041
vt 0.4698066 0.8877622
vt 0.457864 0.9157282
vt 0.4438811 0.9396133
vt 0.428202 0.9588297
vt 0.411213 0.9729038
vt 0.3933321 0.9814895
vt 0.375 0.984375
vt 0.3606498 0.75
vt 0.3608246 0.7544903
vt 0.3613469 0.7588723
vt 0.3622059 0.7630379
vt 0.3633812 0.7668831
vt 0.3648442 0.7703115
vt 0.3665585 0.7732375
vt 0.3684811 0.7755883
vt 0.3705639 0.7773061
vt 0.3727548 0.7783507
vt 0.3462149 0.75
vt 0.3465661 0.759007
vt 0.3476146 0.7677962
vt 0.3493382 0.7761507
vt 0.3516962 0.7838625
vt 0.3546307 0.7907387
vt 0.3580688 0.7966076
vt 0.3619247 0.8013236
vt 0.366102 0.8047708
vt 0.3704965 0.8068679
vt 0.3319463 0.75
vt 0.3324722 0.7634715
vt 0.3340417 0.7766163
vt 0.3366207 0.7891105
vt 0.3401479 0.8006431
vt 0.3445368 0.8109265
vt 0.3496784 0.8197042
vt 0.3554448 0.8267587
vt 0.3616918 0.8319167
vt 0.3682643 0.8350556
vt 0.3180951 0.75
vt 0.318791 0.7678052
vt 0.3208669 0.7851778
vt 0.3242768 0.8016895
vt 0.3289393 0.8169301
vt 0.33474 0.8305201
vt 0.341535 0.8421213
vt 0.3491553 0.8514463
vt 0.3574111 0.8582662
vt 0.3660974 0.862418
vt 0.3049123 0.75
vt 0.3057705 0.7719297
vt 0.308329 0.7933255
vt 0.3125304 0.8136597
vt 0.3182736 0.8324283
vt 0.3254178 0.8491645
vt 0.3337859 0.8634527
vt 0.3431702 0.8749393
vt 0.3533373 0.883342
vt 0.3640351 0.8884591
vt 0.2926491 0.75
vt 0.2936585 0.7757665
vt 0.2966667 0.8009041
vt 0.3016049 0.8247933
vt 0.3083538 0.8468427
vt 0.3167475 0.866505
vt 0.3265786 0.8832925
vt 0.3376033 0.8967903
vt 0.349548 0.9066665
vt 0.3621168 0.9126831
vt 0.2815564 0.75
vt 0.282703 0.7792368
vt 0.2861188 0.8077586
vt 0.291724 0.8348625
vt 0.2993828 0.8598784
vt 0.3089068 0.8821864
vt 0.3200608 0.9012344
vt 0.3325688 0.9165521
vt 0.3461207 0.9277625
vt 0.3603816 0.934594
vt 0.2718854 0.75
vt 0.273152 0.7822623
vt 0.2769239 0.8137338
vt 0.2831113 0.8436393
vt 0.2915637 0.8712401
vt 0.302073 0.8958541
vt 0.3143799 0.9168726
vt 0.3281804 0.9337774
vt 0.3431331 0.9461523
vt 0.3588689 0.953696
vt 0.2638871 0.75
vt 0.2652535 0.7847643
vt 0.2693207 0.8186746
vt 0.2759905 0.8508957
vt 0.2850995 0.8806331
vt 0.2964236 0.907153
vt 0.3096834 0.9298009
vt 0.3245522 0.948019
vt 0.3406627 0.9613585
vt 0.3576179 0.9694931
vt 0.2578125 0.75
vt 0.2592553 0.7866643
vt 0.2635481 0.8224259
vt 0.2705852 0.8564041
vt 0.2801934 0.8877622
vt 0.292136 0.9157282
vt 0.3061189 0.9396133
vt 0.321798 0.9588297
vt 0.338787 0.9729038
vt 0.3566679 0.9814895
vt 0.3727548 0.7216493
vt 0.3705638 0.7226939
vt 0.3684811 0.7244117
vt 0.3665585 0.7267625
vt 0.3648442 0.7296885
vt 0.3633812 0.733117
vt 0.3622059 0.7369621
vt 0.3613469 0.7411277
vt 0.3608246 0.7455097
vt 0.3704965 0.6931322
vt 0.3661019 0.6952292
vt 0.3619247 0.6986765
vt 0.3580688 0.7033924
vt 0.3546306 0.7092613
vt 0.3516962 0.7161375
vt 0.3493382 0.7238494
vt 0.3476146 0.7322038
vt 0.3465661 0.740993
vt 0.3682643 0.6649444
vt 0.3616918 0.6680833
vt 0.3554448 0.6732413
vt 0.3496785 0.6802957
vt 0.3445368 0.6890735
vt 0.3401479 0.6993569
vt 0.3366207 0.7108895
vt 0.3340417 0.7233837
vt 0.3324722 0.7365285
vt 0.3660974 0.6375821
vt 0.3574111 0.6417338
vt 0.3491553 0.6485537
vt 0.341535 0.6578786
vt 0.33474 0.66948
vt 0.3289393 0.6830699
vt 0.3242768 0.6983105
vt 0.3208669 0.7148222
vt 0.318791 0.7321948
vt 0.3640351 0.6115409
vt 0.3533373 0.616658
vt 0.3431701 0.6250607
vt 0.3337859 0.6365472
vt 0.3254178 0.6508355
vt 0.3182736 0.6675718
vt 0.3125304 0.6863403
vt 0.308329 0.7066746
vt 0.3057705 0.7280703
vt 0.3621168 0.5873169
vt 0.349548 0.5933335
vt 0.3376033 0.6032097
vt 0.3265787 0.6167075
vt 0.3167475 0.6334951
vt 0.3083538 0.6531574
vt 0.3016049 0.6752067
vt 0.2966667 0.699096
vt 0.2936584 0.7242335
vt 0.3603816 0.565406
vt 0.3461207 0.5722375
vt 0.3325688 0.583448
vt 0.3200608 0.5987655
vt 0.3089068 0.6178136
vt 0.2993827 0.6401217
vt 0.291724 0.6651375
vt 0.2861187 0.6922414
vt 0.282703 0.7207632
vt 0.3588689 0.546304
vt 0.3431331 0.5538477
vt 0.3281804 0.5662227
vt 0.3143799 0.5831273
vt 0.302073 0.6041459
vt 0.2915636 0.6287599
vt 0.2831113 0.6563608
vt 0.2769239 0.6862662
vt 0.273152 0.7177377
vt 0.3576179 0.5305069
vt 0.3406627 0.5386415
vt 0.3245522 0.551981
vt 0.3096835 0.570199
vt 0.2964236 0.5928471
vt 0.2850995 0.6193669
vt 0.2759905 0.6491044
vt 0.2693207 0.6813254
vt 0.2652535 0.7152357
vt 0.3566678 0.5185106
vt 0.338787 0.5270962
vt 0.321798 0.5411704
vt 0.3061189 0.5603867
vt 0.2921359 0.5842718
vt 0.2801933 0.6122378
vt 0.2705852 0.643596
vt 0.2635481 0.6775742
vt 0.2592553 0.7133357
vt 0.625 0.7139423
vt 0.6278203 0.7143862
vt 0.6305712 0.7157071
vt 0.6331849 0.7178724
vt 0.6355971 0.7208287
vt 0.6377483 0.7245034
vt 0.6395857 0.7288058
vt 0.6410638 0.7336302
vt 0.6421465 0.7388576
vt 0.6428069 0.7443594
vt 0.6430289 0.75
vt 0.625 0.699307
vt 0.628965 0.6999323
vt 0.6328319 0.7017915
vt 0.6365057 0.7048374
vt 0.6398962 0.7089944
vt 0.64292 0.7141601
vt 0.6455028 0.7202077
vt 0.6475813 0.7269886
vt 0.6491042 0.7343361
vt 0.6500338 0.7420701
vt 0.6503465 0.75
vt 0.625 0.6804945
vt 0.6304364 0.6813515
vt 0.6357386 0.6838998
vt 0.6407761 0.6880753
vt 0.645425 0.6937747
vt 0.6495712 0.7008576
vt 0.6531126 0.7091499
vt 0.6559623 0.7184478
vt 0.6580501 0.7285228
vt 0.6593242 0.7391272
vt 0.6597527 0.75
vt 0.625 0.6586384
vt 0.6321461 0.6597635
vt 0.639116 0.6631107
vt 0.6457384 0.6685974
vt 0.65185 0.6760883
vt 0.6573006 0.6853988
vt 0.6619559 0.6963
vt 0.6657013 0.7085233
vt 0.6684446 0.721768
vt 0.6701183 0.7357079
vt 0.6706808 0.75
vt 0.625 0.6348718
vt 0.6340051 0.6362882
vt 0.6427888 0.6405034
vt 0.6511348 0.6474152
vt 0.6588373 0.6568539
vt 0.6657065 0.6685869
vt 0.6715731 0.6823254
vt 0.6762924 0.6977304
vt 0.6797483 0.7144224
vt 0.6818559 0.7319898
vt 0.6825641 0.75
vt 0.625 0.6103284
vt 0.6359249 0.6120452
vt 0.6465817 0.6171567
vt 0.6567078 0.6255401
vt 0.6660532 0.6369902
vt 0.6743875 0.651225
vt 0.6815049 0.6678935
vt 0.6872299 0.6865845
vt 0.6914216 0.7068366
vt 0.6939774 0.7281501
vt 0.6948358 0.75
vt 0.625 0.5861413
vt 0.6378169 0.5881546
vt 0.6503195 0.5941496
vt 0.6621996 0.6039835
vt 0.673164 0.6174158
vt 0.682942 0.6341161
vt 0.6912921 0.653672
vt 0.6980082 0.6756009
vt 0.7029252 0.6993611
vt 0.7059227 0.7243662
vt 0.7069293 0.75
vt 0.625 0.5634441
vt 0.6395923 0.5657359
vt 0.6538267 0.572561
vt 0.6673526 0.5837567
vt 0.6798359 0.5990497
vt 0.6909685 0.6180632
vt 0.7004752 0.6403282
vt 0.7081216 0.6652949
vt 0.7137195 0.6923466
vt 0.717132 0.7208154
vt 0.7182779 0.75
vt 0.625 0.54337
vt 0.6411624 0.5459092
vt 0.6569282 0.55347
vt 0.6719091 0.5658714
vt 0.6857352 0.5828103
vt 0.6980653 0.6038694
vt 0.7085949 0.6285295
vt 0.7170643 0.6561818
vt 0.7232651 0.6861435
vt 0.7270454 0.7176752
vt 0.728315 0.75
vt 0.625 0.5270525
vt 0.6424386 0.5297942
vt 0.6594487 0.5379553
vt 0.6756114 0.5513388
vt 0.6905282 0.5696164
vt 0.703831 0.592338
vt 0.7151918 0.6189436
vt 0.7243306 0.6487771
vt 0.7310224 0.6811025
vt 0.735103 0.7151228
vt 0.7364737 0.75
vt 0.625 0.515625
vt 0.6433322 0.5185106
vt 0.6612129 0.5270962
vt 0.678202 0.5411704
vt 0.6938811 0.5603867
vt 0.707864 0.5842718
vt 0.7198067 0.6122378
vt 0.7294148 0.643596
vt 0.7364519 0.6775742
vt 0.7407447 0.7133357
vt 0.7421875 0.75
vt 0.6428069 0.7556406
vt 0.6421465 0.7611424
vt 0.6410638 0.7663698
vt 0.6395856 0.7711942
vt 0.6377483 0.7754967
vt 0.6355971 0.7791713
vt 0.6331849 0.7821276
vt 0.6305712 0.7842929
vt 0.6278203 0.7856138
vt 0.625 0.7860577
vt 0.6500338 0.7579299
vt 0.6491042 0.7656639
vt 0.6475813 0.7730115
vt 0.6455028 0.7797923
vt 0.64292 0.7858399
vt 0.6398962 0.7910056
vt 0.6365057 0.7951626
vt 0.6328319 0.7982085
vt 0.628965 0.8000677
vt 0.625 0.800693
vt 0.6593242 0.7608728
vt 0.6580501 0.7714773
vt 0.6559623 0.7815522
vt 0.6531126 0.7908501
vt 0.6495712 0.7991424
vt 0.6454251 0.8062253
vt 0.6407761 0.8119247
vt 0.6357386 0.8161002
vt 0.6304364 0.8186485
vt 0.625 0.8195055
vt 0.6701183 0.7642921
vt 0.6684446 0.778232
vt 0.6657013 0.7914767
vt 0.6619558 0.8037
vt 0.6573006 0.8146012
vt 0.65185 0.8239117
vt 0.6457383 0.8314026
vt 0.639116 0.8368893
vt 0.632146 0.8402365
vt 0.625 0.8413616
vt 0.6818559 0.7680102
vt 0.6797483 0.7855777
vt 0.6762924 0.8022696
vt 0.671573 0.8176746
vt 0.6657065 0.8314131
vt 0.6588373 0.8431461
vt 0.6511348 0.8525848
vt 0.6427888 0.8594966
vt 0.6340051 0.8637119
vt 0.625 0.8651282
vt 0.6939774 0.7718499
vt 0.6914216 0.7931634
vt 0.6872299 0.8134155
vt 0.6815049 0.8321065
vt 0.6743875 0.848775
vt 0.6660532 0.8630098
vt 0.6567077 0.8744599
vt 0.6465817 0.8828433
vt 0.6359249 0.8879548
vt 0.625 0.8896716
vt 0.7059227 0.7756338
vt 0.7029252 0.8006389
vt 0.6980083 0.8243991
vt 0.691292 0.8463281
vt 0.682942 0.865884
vt 0.673164 0.8825841
vt 0.6621996 0.8960165
vt 0.6503195 0.9058504
vt 0.6378168 0.9118454
vt 0.625 0.9138587
vt 0.717132 0.7791846
vt 0.7137195 0.8076534
vt 0.7081216 0.8347052
vt 0.7004752 0.8596719
vt 0.6909684 0.8819369
vt 0.6798359 0.9009503
vt 0.6673526 0.9162432
vt 0.6538267 0.927439
vt 0.6395922 0.9342641
vt 0.625 0.9365559
vt 0.7270454 0.7823248
vt 0.723265 0.8138565
vt 0.7170643 0.8438182
vt 0.7085949 0.8714705
vt 0.6980653 0.8961306
vt 0.6857352 0.9171897
vt 0.6719091 0.9341286
vt 0.6569282 0.94653
vt 0.6411623 0.9540908
vt 0.625 0.95663
vt 0.735103 0.7848772
vt 0.7310223 0.8188975
vt 0.7243306 0.8512229
vt 0.7151918 0.8810564
vt 0.703831 0.907662
vt 0.6905282 0.9303836
vt 0.6756114 0.9486612
vt 0.6594487 0.9620447
vt 0.6424385 0.9702059
vt 0.625 0.9729475
vt 0.7407447 0.7866643
vt 0.7364519 0.8224259
vt 0.7294148 0.8564041
vt 0.7198067 0.8877622
vt 0.707864 0.9157282
vt 0.6938811 0.9396133
vt 0.678202 0.9588297
vt 0.6612129 0.9729038
vt 0.6433321 0.9814895
vt 0.625 0.984375
vt 0.6069711 0.75
vt 0.6071931 0.7556406
vt 0.6078535 0.7611424
vt 0.6089362 0.7663698
vt 0.6104144 0.7711942
vt 0.6122517 0.7754967
vt 0.6144029 0.7791713
vt 0.6168151 0.7821276
vt 0.6194288 0.7842929
vt 0.6221797 0.7856138
vt 0.5996535 0.75
vt 0.5999662 0.7579299
vt 0.6008958 0.7656639
vt 0.6024187 0.7730115
vt 0.6044972 0.7797923
vt 0.60708 0.7858399
vt 0.6101038 0.7910056
vt 0.6134943 0.7951626
vt 0.6171681 0.7982085
vt 0.621035 0.8000677
vt 0.5902473 0.75
vt 0.5906758 0.7608728
vt 0.5919499 0.7714773
vt 0.5940377 0.7815522
vt 0.5968874 0.7908501
vt 0.6004288 0.7991424
vt 0.6045749 0.8062253
vt 0.6092239 0.8119247
vt 0.6142614 0.8161002
vt 0.6195636 0.8186485
vt 0.5793192 0.75
vt 0.5798817 0.7642921
vt 0.5815554 0.778232
vt 0.5842987 0.7914767
vt 0.5880442 0.8037
vt 0.5926994 0.8146012
vt 0.59815 0.8239117
vt 0.6042617 0.8314026
vt 0.610884 0.8368893
vt 0.617854 0.8402365
vt 0.5674359 0.75
vt 0.5681441 0.7680102
vt 0.5702517 0.7855777
vt 0.5737076 0.8022696
vt 0.578427 0.8176746
vt 0.5842935 0.8314131
vt 0.5911627 0.8431461
vt 0.5988652 0.8525848
vt 0.6072112 0.8594966
vt 0.6159949 0.8637119
vt 0.5551642 0.75
vt 0.5560226 0.7718499
vt 0.5585784 0.7931634
vt 0.5627701 0.8134155
vt 0.5684951 0.8321065
vt 0.5756125 0.848775
vt 0.5839468 0.8630098
vt 0.5932923 0.8744599
vt 0.6034183 0.8828433
vt 0.6140751 0.8879548
vt 0.5430707 0.75
vt 0.5440773 0.7756338
vt 0.5470748 0.8006389
vt 0.5519917 0.8243991
vt 0.558708 0.8463281
vt 0.567058 0.865884
vt 0.576836 0.8825841
vt 0.5878004 0.8960165
vt 0.5996805 0.9058504
vt 0.6121832 0.9118454
vt 0.5317221 0.75
vt 0.532868 0.7791846
vt 0.5362805 0.8076534
vt 0.5418784 0.8347052
vt 0.5495248 0.8596719
vt 0.5590316 0.8819369
vt 0.5701641 0.9009503
vt 0.5826474 0.9162432
vt 0.5961733 0.927439
vt 0.6104078 0.9342641
vt 0.521685 0.75
vt 0.5229546 0.7823248
vt 0.526735 0.8138565
vt 0.5329357 0.8438182
vt 0.5414051 0.8714705
vt 0.5519347 0.8961306
vt 0.5642648 0.9171897
vt 0.5780909 0.9341286
vt 0.5930718 0.94653
vt 0.6088377 0.9540908
vt 0.5135263 0.75
vt 0.514897 0.7848772
vt 0.5189777 0.8188975
vt 0.5256694 0.8512229
vt 0.5348082 0.8810564
vt 0.546169 0.907662
vt 0.5594718 0.9303836
vt 0.5743886 0.9486612
vt 0.5905513 0.9620447
vt 0.6075615 0.9702059
vt 0.5078125 0.75
vt 0.5092553 0.7866643
vt 0.5135481 0.8224259
vt 0.5205852 0.8564041
vt 0.5301933 0.8877622
vt 0.542136 0.9157282
vt 0.5561189 0.9396133
vt 0.571798 0.9588297
vt 0.5887871 0.9729038
vt 0.6066679 0.9814895
vt 0.6221797 0.7143862
vt 0.6194288 0.7157071
vt 0.6168151 0.7178724
vt 0.6144029 0.7208287
vt 0.6122517 0.7245034
vt 0.6104143 0.7288058
vt 0.6089362 0.7336302
vt 0.6078535 0.7388576
vt 0.6071931 0.7443594
vt 0.621035 0.6999323
vt 0.6171681 0.7017915
vt 0.6134943 0.7048374
vt 0.6101038 0.7089944
vt 0.60708 0.7141601
vt 0.6044972 0.7202077
vt 0.6024187 0.7269886
vt 0.6008958 0.7343361
vt 0.5999662 0.7420701
vt 0.6195636 0.6813515
vt 0.6142614 0.6838998
vt 0.6092239 0.6880753
vt 0.604575 0.6937747
vt 0.6004288 0.7008576
vt 0.5968874 0.7091499
vt 0.5940377 0.7184478
vt 0.5919499 0.7285228
vt 0.5906758 0.7391272
vt 0.6178539 0.6597635
vt 0.610884 0.6631107
vt 0.6042616 0.6685974
vt 0.59815 0.6760883
vt 0.5926994 0.6853988
vt 0.5880441 0.6963
vt 0.5842987 0.7085233
vt 0.5815554 0.721768
vt 0.5798817 0.7357079
vt 0.6159949 0.6362882
vt 0.6072112 0.6405034
vt 0.5988652 0.6474152
vt 0.5911627 0.6568539
vt 0.5842935 0.6685869
vt 0.5784269 0.6823254
vt 0.5737076 0.6977304
vt 0.5702517 0.7144224
vt 0.5681441 0.7319898
vt 0.6140751 0.6120452
vt 0.6034183 0.6171567
vt 0.5932922 0.6255401
vt 0.5839468 0.6369902
vt 0.5756125 0.651225
vt 0.5684951 0.6678935
vt 0.5627701 0.6865845
vt 0.5585784 0.7068366
vt 0.5560226 0.7281501
vt 0.6121831 0.5881546
vt 0.5996805 0.5941496
vt 0.5878004 0.6039835
vt 0.576836 0.6174158
vt 0.567058 0.6341161
vt 0.5587079 0.653672
vt 0.5519918 0.6756009
vt 0.5470748 0.6993611
vt 0.5440773 0.7243662
vt 0.6104077 0.5657359
vt 0.5961733 0.572561
vt 0.5826474 0.5837567
vt 0.5701641 0.5990497
vt 0.5590315 0.6180632
vt 0.5495248 0.6403282
vt 0.5418784 0.6652949
vt 0.5362805 0.6923466
vt 0.532868 0.7208154
vt 0.6088376 0.5459092
vt 0.5930718 0.55347
vt 0.5780909 0.5658714
vt 0.5642648 0.5828103
vt 0.5519347 0.6038694
vt 0.5414051 0.6285295
vt 0.5329357 0.6561818
vt 0.5267349 0.6861435
vt 0.5229546 0.7176752
vt 0.6075614 0.5297942
vt 0.5905513 0.5379553
vt 0.5743886 0.5513388
vt 0.5594718 0.5696164
vt 0.546169 0.592338
vt 0.5348082 0.6189436
vt 0.5256694 0.6487771
vt 0.5189776 0.6811025
vt 0.514897 0.7151228
vt 0.6066678 0.5185106
vt 0.5887871 0.5270962
vt 0.571798 0.5411704
vt 0.5561189 0.5603867
vt 0.542136 0.5842718
vt 0.5301933 0.6122378
vt 0.5205852 0.643596
vt 0.5135481 0.6775742
vt 0.5092553 0.7133357
vt 0 0.5
vt 0.025 0.5
vt 0.05 0.5
vt 0.075 0.5
vt 0.1 0.5
vt 0.125 0.5
vt 0.15 0.5
vt 0.175 0.5
vt 0.2 0.5
vt 0.225 0.5
vt 0.25 0.5
vt 0 0.4952497
vt 0.025 0.4952502
vt 0.05 0.495251
vt 0.075 0.4952518
vt 0.1 0.4952523
vt 0.125 0.4952525
vt 0.15 0.4952523
vt 0.175 0.4952518
vt 0.2 0.495251
vt 0.225 0.4952502
vt 0.25 0.4952497
vt 0 0.4908663
vt 0.025 0.4908669
vt 0.05 0.490868
vt 0.075 0.490869
vt 0.1 0.4908697
vt 0.125 0.4908699
vt 0.15 0.4908698
vt 0.175 0.490869
vt 0.2 0.490868
vt 0.225 0.4908669
vt 0.25 0.4908663
vt 0 0.486758
vt 0.025 0.4867585
vt 0.05 0.4867595
vt 0.075 0.4867604
vt 0.1 0.486761
vt 0.125 0.4867612
vt 0.15 0.486761
vt 0.175 0.4867604
vt 0.2 0.4867595
vt 0.225 0.4867585
vt 0.25 0.486758
vt 0 0.4828331
vt 0.025 0.4828334
vt 0.05 0.482834
vt 0.075 0.4828345
vt 0.1 0.4828349
vt 0.125 0.482835
vt 0.15 0.4828349
vt 0.175 0.4828345
vt 0.2 0.482834
vt 0.225 0.4828334
vt 0.25 0.4828331
vt 0 0.479
vt 0.025 0.479
vt 0.05 0.479
vt 0.075 0.479
vt 0.1 0.479
vt 0.125 0.479
vt 0.15 0.479
vt 0.175 0.479
vt 0.2 0.479
vt 0.225 0.479
vt 0.25 0.479
vt 0 0.4751669
vt 0.025 0.4751666
vt 0.05 0.475166
vt 0.075 0.4751655
vt 0.1 0.4751651
vt 0.125 0.475165
vt 0.15 0.4751651
vt 0.175 0.4751655
vt 0.2 0.475166
vt 0.225 0.4751666
vt 0.25 0.4751669
vt 0 0.471242
vt 0.025 0.4712415
vt 0.05 0.4712405
vt 0.075 0.4712396
vt 0.1 0.471239
vt 0.125 0.4712388
vt 0.15 0.471239
vt 0.175 0.4712396
vt 0.2 0.4712405
vt 0.225 0.4712415
vt 0.25 0.471242
vt 0 0.4671337
vt 0.025 0.4671331
vt 0.05 0.467132
vt 0.075 0.467131
vt 0.1 0.4671303
vt 0.125 0.4671301
vt 0.15 0.4671302
vt 0.175 0.467131
vt 0.2 0.467132
vt 0.225 0.4671331
vt 0.25 0.4671337
vt 0 0.4627503
vt 0.025 0.4627498
vt 0.05 0.462749
vt 0.075 0.4627482
vt 0.1 0.4627477
vt 0.125 0.4627475
vt 0.15 0.4627477
vt 0.175 0.4627482
vt 0.2 0.462749
vt 0.225 0.4627498
vt 0.25 0.4627503
vt 0 0.458
vt 0.025 0.458
vt 0.05 0.458
vt 0.075 0.458
vt 0.1 0.458
vt 0.125 0.458
vt 0.15 0.458
vt 0.175 0.458
vt 0.2 0.458
vt 0.225 0.458
vt 0.25 0.458
vt 0.275 0.5
vt 0.3 0.5
vt 0.325 0.5
vt 0.35 0.5
vt 0.375 0.5
vt 0.4 0.5
vt 0.425 0.5
vt 0.45 0.5
vt 0.475 0.5
vt 0.5 0.5
vt 0.275 0.4952502
vt 0.3 0.495251
vt 0.325 0.4952518
vt 0.35 0.4952523
vt 0.375 0.4952525
vt 0.4 0.4952523
vt 0.425 0.4952518
vt 0.45 0.495251
vt 0.475 0.4952502
vt 0.5 0.4952497
vt 0.275 0.4908669
vt 0.3 0.490868
vt 0.325 0.490869
vt 0.35 0.4908697
vt 0.375 0.4908699
vt 0.4 0.4908698
vt 0.425 0.490869
vt 0.45 0.490868
vt 0.475 0.4908669
vt 0.5 0.4908663
vt 0.275 0.4867585
vt 0.3 0.4867595
vt 0.325 0.4867604
vt 0.35 0.486761
vt 0.375 0.4867612
vt 0.4 0.486761
vt 0.425 0.4867604
vt 0.45 0.4867595
vt 0.475 0.4867585
vt 0.5 0.486758
vt 0.275 0.4828334
vt 0.3 0.482834
vt 0.325 0.4828345
vt 0.35 0.4828349
vt 0.375 0.482835
vt 0.4 0.4828349
vt 0.425 0.4828345
vt 0.45 0.482834
vt 0.475 0.4828334
vt 0.5 0.4828331
vt 0.275 0.479
vt 0.3 0.479
vt 0.325 0.479
vt 0.35 0.479
vt 0.375 0.479
vt 0.4 0.479
vt 0.425 0.479
vt 0.45 0.479
vt 0.475 0.479
vt 0.5 0.479
vt 0.275 0.4751666
vt 0.3 0.475166
vt 0.325 0.4751655
vt 0.35 0.4751651
vt 0.375 0.475165
vt 0.4 0.4751651
vt 0.425 0.4751655
vt 0.45 0.475166
vt 0.475 0.4751666
vt 0.5 0.4751669
vt 0.275 0.4712415
vt 0.3 0.4712405
vt 0.325 0.4712396
vt 0.35 0.471239
vt 0.375 0.4712388
vt 0.4 0.471239
vt 0.425 0.4712396
vt 0.45 0.4712405
vt 0.475 0.4712415
vt 0.5 0.471242
vt 0.275 0.4671331
vt 0.3 0.467132
vt 0.325 0.467131
vt 0.35 0.4671303
vt 0.375 0.4671301
vt 0.4 0.4671302
vt 0.425 0.467131
vt 0.45 0.467132
vt 0.475 0.4671331
vt 0.5 0.4671337
vt 0.275 0.4627498
vt 0.3 0.462749
vt 0.325 0.4627482
vt 0.35 0.4627477
vt 0.375 0.4627475
vt 0.4 0.4627477
vt 0.425 0.4627482
vt 0.45 0.462749
vt 0.475 0.4627498
vt 0.5 0.4627503
vt 0.275 0.458
vt 0.3 0.458
vt 0.325 0.458
vt 0.35 0.458
vt 0.375 0.458
vt 0.4 0.458
vt 0.425 0.458
vt 0.45 0.458
vt 0.475 0.458
vt 0.5 0.458
vt 0.75 0.5
vt 0.725 0.5
vt 0.7 0.5
vt 0.675 0.5
vt 0.65 0.5
vt 0.625 0.5
vt 0.6 0.5
vt 0.575 0.5
vt 0.55 0.5
vt 0.525 0.5
vt 0.75 0.4952497
vt 0.725 0.4952502
vt 0.7 0.495251
vt 0.675 0.4952518
vt 0.65 0.4952523
vt 0.625 0.4952525
vt 0.6 0.4952523
vt 0.575 0.4952518
vt 0.55 0.495251
vt 0.525 0.4952502
vt 0.75 0.4908663
vt 0.725 0.4908669
vt 0.7 0.490868
vt 0.675 0.490869
vt 0.65 0.4908697
vt 0.625 0.4908699
vt 0.6 0.4908698
vt 0.575 0.490869
vt 0.55 0.490868
vt 0.525 0.4908669
vt 0.75 0.486758
vt 0.725 0.4867585
vt 0.7 0.4867595
vt 0.675 0.4867604
vt 0.65 0.486761
vt 0.625 0.4867612
vt 0.6 0.486761
vt 0.575 0.4867604
vt 0.55 0.4867595
vt 0.525 0.4867585
vt 0.75 0.4828331
vt 0.725 0.4828334
vt 0.7 0.482834
vt 0.675 0.4828345
vt 0.65 0.4828349
vt 0.625 0.482835
vt 0.6 0.4828349
vt 0.575 0.4828345
vt 0.55 0.482834
vt 0.525 0.4828334
vt 0.75 0.479
vt 0.725 0.479
vt 0.7 0.479
vt 0.675 0.479
vt 0.65 0.479
vt 0.625 0.479
vt 0.6 0.479
vt 0.575 0.479
vt 0.55 0.479
vt 0.525 0.479
vt 0.75 0.4751669
vt 0.725 0.4751666
vt 0.7 0.475166
vt 0.675 0.4751655
vt 0.65 0.4751651
vt 0.625 0.475165
vt 0.6 0.4751651
vt 0.575 0.4751655
vt 0.55 0.475166
vt 0.525 0.4751666
vt 0.75 0.471242
vt 0.725 0.4712415
vt 0.7 0.4712405
vt 0.675 0.4712396
vt 0.65 0.471239
vt 0.625 0.4712388
vt 0.6 0.471239
vt 0.575 0.4712396
vt 0.55 0.4712405
vt 0.525 0.4712415
vt 0.75 0.4671337
vt 0.725 0.4671331
vt 0.7 0.467132
vt 0.675 0.467131
vt 0.65 0.4671303
vt 0.625 0.4671301
vt 0.6 0.4671302
vt 0.575 0.467131
vt 0.55 0.467132
vt 0.525 0.4671331
vt 0.75 0.4627503
vt 0.725 0.4627498
vt 0.7 0.462749
vt 0.675 0.4627482
vt 0.65 0.4627477
vt 0.625 0.4627475
vt 0.6 0.4627477
vt 0.575 0.4627482
vt 0.55 0.462749
vt 0.525 0.4627498
vt 0.75 0.458
vt 0.725 0.458
vt 0.7 0.458
vt 0.675 0.458
vt 0.65 0.458
vt 0.625 0.458
vt 0.6 0.458
vt 0.575 0.458
vt 0.55 0.458
vt 0.525 0.458
vt 1 0.5
vt 0.975 0.5
vt 0.95 0.5
vt 0.925 0.5
vt 0.9 0.5
vt 0.875 0.5
vt 0.85 0.5
vt 0.825 0.5
vt 0.8 0.5
vt 0.775 0.5
vt 1 0.4952497
vt 0.975 0.4952502
vt 0.95 0.495251
vt 0.925 0.4952518
vt 0.9 0.4952523
vt 0.875 0.4952525
vt 0.85 0.4952523
vt 0.825 0.4952518
vt 0.8 0.495251
vt 0.775 0.4952502
vt 1 0.4908663
vt 0.975 0.4908669
vt 0.95 0.490868
vt 0.925 0.490869
vt 0.9 0.4908697
vt 0.875 0.4908699
vt 0.85 0.4908698
vt 0.825 0.490869
vt 0.8 0.490868
vt 0.775 0.4908669
vt 1 0.486758
vt 0.975 0.4867585
vt 0.95 0.4867595
vt 0.925 0.4867604
vt 0.9 0.486761
vt 0.875 0.4867612
vt 0.85 0.486761
vt 0.825 0.4867604
vt 0.8 0.4867595
vt 0.775 0.4867585
vt 1 0.4828331
vt 0.975 0.4828334
vt 0.95 0.482834
vt 0.925 0.4828345
vt 0.9 0.4828349
vt 0.875 0.482835
vt 0.85 0.4828349
vt 0.825 0.4828345
vt 0.8 0.482834
vt 0.775 0.4828334
vt 1 0.479
vt 0.975 0.479
vt 0.95 0.479
vt 0.925 0.479
vt 0.9 0.479
vt 0.875 0.479
vt 0.85 0.479
vt 0.825 0.479
vt 0.8 0.479
vt 0.775 0.479
vt 1 0.4751669
vt 0.975 0.4751666
vt 0.95 0.475166
vt 0.925 0.4751655
vt 0.9 0.4751651
vt 0.875 0.475165
vt 0.85 0.4751651
vt 0.825 0.4751655
vt 0.8 0.475166
vt 0.775 0.4751666
vt 1 0.471242
vt 0.975 0.4712415
vt 0.95 0.4712405
vt 0.925 0.4712396
vt 0.9 0.471239
vt 0.875 0.4712388
vt 0.85 0.471239
vt 0.825 0.4712396
vt 0.8 0.4712405
vt 0.775 0.4712415
vt 1 0.4671337
vt 0.975 0.4671331
vt 0.95 0.467132
vt 0.925 0.467131
vt 0.9 0.4671303
vt 0.875 0.4671301
vt 0.85 0.4671302
vt 0.825 0.467131
vt 0.8 0.467132
vt 0.775 0.4671331
vt 1 0.4627503
vt 0.975 0.4627498
vt 0.95 0.462749
vt 0.925 0.4627482
vt 0.9 0.4627477
vt 0.875 0.4627475
vt 0.85 0.4627477
vt 0.825 0.4627482
vt 0.8 0.462749
vt 0.775 0.4627498
vt 1 0.458
vt 0.975 0.458
vt 0.95 0.458
vt 0.925 0.458
vt 0.9 0.458
vt 0.875 0.458
vt 0.85 0.458
vt 0.825 0.458
vt 0.8 0.458
vt 0.775 0.458
vt 0 0.437815
vt 0.025 0.4378145
vt 0.05 0.4378138
vt 0.075 0.437813
vt 0.1 0.4378124
vt 0.125 0.4378123
vt 0.15 0.4378124
vt 0.175 0.437813
vt 0.2 0.4378137
vt 0.225 0.4378145
vt 0.25 0.437815
vt 0 0.4177078
vt 0.025 0.417707
vt 0.05 0.4177054
vt 0.075 0.4177039
vt 0.1 0.417703
vt 0.125 0.4177027
vt 0.15 0.417703
vt 0.175 0.4177039
vt 0.2 0.4177054
vt 0.225 0.417707
vt 0.25 0.4177078
vt 0 0.3977565
vt 0.025 0.3977553
vt 0.05 0.397753
vt 0.075 0.3977509
vt 0.1 0.3977495
vt 0.125 0.3977491
vt 0.15 0.3977495
vt 0.175 0.3977509
vt 0.2 0.397753
vt 0.225 0.3977553
vt 0.25 0.3977565
vt 0 0.3780387
vt 0.025 0.3780372
vt 0.05 0.3780345
vt 0.075 0.3780319
vt 0.1 0.3780302
vt 0.125 0.3780296
vt 0.15 0.3780302
vt 0.175 0.3780319
vt 0.2 0.3780345
vt 0.225 0.3780372
vt 0.25 0.3780387
vt 0 0.3586324
vt 0.025 0.3586308
vt 0.05 0.3586277
vt 0.075 0.3586249
vt 0.1 0.358623
vt 0.125 0.3586224
vt 0.15 0.358623
vt 0.175 0.3586249
vt 0.2 0.3586277
vt 0.225 0.3586308
vt 0.25 0.3586324
vt 0 0.3396156
vt 0.025 0.339614
vt 0.05 0.3396108
vt 0.075 0.3396079
vt 0.1 0.3396059
vt 0.125 0.3396053
vt 0.15 0.3396059
vt 0.175 0.3396079
vt 0.2 0.3396108
vt 0.225 0.339614
vt 0.25 0.3396156
vt 0 0.3210661
vt 0.025 0.3210645
vt 0.05 0.3210616
vt 0.075 0.3210589
vt 0.1 0.3210571
vt 0.125 0.3210565
vt 0.15 0.3210571
vt 0.175 0.3210589
vt 0.2 0.3210616
vt 0.225 0.3210645
vt 0.25 0.3210661
vt 0 0.3030617
vt 0.025 0.3030605
vt 0.05 0.3030581
vt 0.075 0.3030559
vt 0.1 0.3030545
vt 0.125 0.303054
vt 0.15 0.3030545
vt 0.175 0.3030559
vt 0.2 0.3030581
vt 0.225 0.3030605
vt 0.25 0.3030617
vt 0 0.2856804
vt 0.025 0.2856796
vt 0.05 0.2856783
vt 0.075 0.285677
vt 0.1 0.2856761
vt 0.125 0.2856758
vt 0.15 0.2856761
vt 0.175 0.285677
vt 0.2 0.2856783
vt 0.225 0.2856796
vt 0.25 0.2856804
vt 0 0.269
vt 0.025 0.269
vt 0.05 0.269
vt 0.075 0.269
vt 0.1 0.269
vt 0.125 0.269
vt 0.15 0.269
vt 0.175 0.269
vt 0.2 0.269
vt 0.225 0.269
vt 0.25 0.269
vt 0.275 0.4378145
vt 0.3 0.4378138
vt 0.325 0.437813
vt 0.35 0.4378124
vt 0.375 0.4378123
vt 0.4 0.4378124
vt 0.425 0.437813
vt 0.45 0.4378137
vt 0.475 0.4378145
vt 0.5 0.437815
vt 0.275 0.417707
vt 0.3 0.4177054
vt 0.325 0.4177039
vt 0.35 0.417703
vt 0.375 0.4177027
vt 0.4 0.417703
vt 0.425 0.4177039
vt 0.45 0.4177054
vt 0.475 0.417707
vt 0.5 0.4177078
vt 0.275 0.3977553
vt 0.3 0.397753
vt 0.325 0.3977509
vt 0.35 0.3977495
vt 0.375 0.3977491
vt 0.4 0.3977495
vt 0.425 0.3977509
vt 0.45 0.397753
vt 0.475 0.3977553
vt 0.5 0.3977565
vt 0.275 0.3780372
vt 0.3 0.3780345
vt 0.325 0.3780319
vt 0.35 0.3780302
vt 0.375 0.3780296
vt 0.4 0.3780302
vt 0.425 0.3780319
vt 0.45 0.3780345
vt 0.475 0.3780372
vt 0.5 0.3780387
vt 0.275 0.3586308
vt 0.3 0.3586277
vt 0.325 0.3586249
vt 0.35 0.358623
vt 0.375 0.3586224
vt 0.4 0.358623
vt 0.425 0.3586249
vt 0.45 0.3586277
vt 0.475 0.3586308
vt 0.5 0.3586324
vt 0.275 0.339614
vt 0.3 0.3396108
vt 0.325 0.3396079
vt 0.35 0.3396059
vt 0.375 0.3396053
vt 0.4 0.3396059
vt 0.425 0.3396079
vt 0.45 0.3396108
vt 0.475 0.339614
vt 0.5 0.3396156
vt 0.275 0.3210645
vt 0.3 0.3210616
vt 0.325 0.3210589
vt 0.35 0.3210571
vt 0.375 0.3210565
vt 0.4 0.3210571
vt 0.425 0.3210589
vt 0.45 0.3210616
vt 0.475 0.3210645
vt 0.5 0.3210661
vt 0.275 0.3030605
vt 0.3 0.3030581
vt 0.325 0.3030559
vt 0.35 0.3030545
vt 0.375 0.303054
vt 0.4 0.3030545
vt 0.425 0.3030559
vt 0.45 0.3030581
vt 0.475 0.3030605
vt 0.5 0.3030617
vt 0.275 0.2856796
vt 0.3 0.2856783
vt 0.325 0.285677
vt 0.35 0.2856761
vt 0.375 0.2856758
vt 0.4 0.2856761
vt 0.425 0.285677
vt 0.45 0.2856783
vt 0.475 0.2856796
vt 0.5 0.2856804
vt 0.275 0.269
vt 0.3 0.269
vt 0.325 0.269
vt 0.35 0.269
vt 0.375 0.269
vt 0.4 0.269
vt 0.425 0.269
vt 0.45 0.269
vt 0.475 0.269
vt 0.5 0.269
vt 0.75 0.437815
vt 0.725 0.4378145
vt 0.7 0.4378138
vt 0.675 0.437813
vt 0.65 0.4378124
vt 0.625 0.4378123
vt 0.6 0.4378124
vt 0.575 0.437813
vt 0.55 0.4378137
vt 0.525 0.4378145
vt 0.75 0.4177078
vt 0.725 0.417707
vt 0.7 0.4177054
vt 0.675 0.4177039
vt 0.65 0.417703
vt 0.625 0.4177027
vt 0.6 0.417703
vt 0.575 0.4177039
vt 0.55 0.4177054
vt 0.525 0.417707
vt 0.75 0.3977565
vt 0.725 0.3977553
vt 0.7 0.397753
vt 0.675 0.3977509
vt 0.65 0.3977495
vt 0.625 0.3977491
vt 0.6 0.3977495
vt 0.575 0.3977509
vt 0.55 0.397753
vt 0.525 0.3977553
vt 0.75 0.3780387
vt 0.725 0.3780372
vt 0.7 0.3780345
vt 0.675 0.3780319
vt 0.65 0.3780302
vt 0.625 0.3780296
vt 0.6 0.3780302
vt 0.575 0.3780319
vt 0.55 0.3780345
vt 0.525 0.3780372
vt 0.75 0.3586324
vt 0.725 0.3586308
vt 0.7 0.3586277
vt 0.675 0.3586249
vt 0.65 0.358623
vt 0.625 0.3586224
vt 0.6 0.358623
vt 0.575 0.3586249
vt 0.55 0.3586277
vt 0.525 0.3586308
vt 0.75 0.3396156
vt 0.725 0.339614
vt 0.7 0.3396108
vt 0.675 0.3396079
vt 0.65 0.3396059
vt 0.625 0.3396053
vt 0.6 0.3396059
vt 0.575 0.3396079
vt 0.55 0.3396108
vt 0.525 0.339614
vt 0.75 0.3210661
vt 0.725 0.3210645
vt 0.7 0.3210616
vt 0.675 0.3210589
vt 0.65 0.3210571
vt 0.625 0.3210565
vt 0.6 0.3210571
vt 0.575 0.3210589
vt 0.55 0.3210616
vt 0.525 0.3210645
vt 0.75 0.3030617
vt 0.725 0.3030605
vt 0.7 0.3030581
vt 0.675 0.3030559
vt 0.65 0.3030545
vt 0.625 0.303054
vt 0.6 0.3030545
vt 0.575 0.3030559
vt 0.55 0.3030581
vt 0.525 0.3030605
vt 0.75 0.2856804
vt 0.725 0.2856796
vt 0.7 0.2856783
vt 0.675 0.285677
vt 0.65 0.2856761
vt 0.625 0.2856758
vt 0.6 0.2856761
vt 0.575 0.285677
vt 0.55 0.2856783
vt 0.525 0.2856796
vt 0.75 0.269
vt 0.725 0.269
vt 0.7 0.269
vt 0.675 0.269
vt 0.65 0.269
vt 0.625 0.269
vt 0.6 0.269
vt 0.575 0.269
vt 0.55 0.269
vt 0.525 0.269
vt 1 0.437815
vt 0.975 0.4378145
vt 0.95 0.4378138
vt 0.925 0.437813
vt 0.9 0.4378124
vt 0.875 0.4378123
vt 0.85 0.4378124
vt 0.825 0.437813
vt 0.8 0.4378137
vt 0.775 0.4378145
vt 1 0.4177078
vt 0.975 0.417707
vt 0.95 0.4177054
vt 0.925 0.4177039
vt 0.9 0.417703
vt 0.875 0.4177027
vt 0.85 0.417703
vt 0.825 0.4177039
vt 0.8 0.4177054
vt 0.775 0.417707
vt 1 0.3977565
vt 0.975 0.3977553
vt 0.95 0.397753
vt 0.925 0.3977509
vt 0.9 0.3977495
vt 0.875 0.3977491
vt 0.85 0.3977495
vt 0.825 0.3977509
vt 0.8 0.397753
vt 0.775 0.3977553
vt 1 0.3780387
vt 0.975 0.3780372
vt 0.95 0.3780345
vt 0.925 0.3780319
vt 0.9 0.3780302
vt 0.875 0.3780296
vt 0.85 0.3780302
vt 0.825 0.3780319
vt 0.8 0.3780345
vt 0.775 0.3780372
vt 1 0.3586324
vt 0.975 0.3586308
vt 0.95 0.3586277
vt 0.925 0.3586249
vt 0.9 0.358623
vt 0.875 0.3586224
vt 0.85 0.358623
vt 0.825 0.3586249
vt 0.8 0.3586277
vt 0.775 0.3586308
vt 1 0.3396156
vt 0.975 0.339614
vt 0.95 0.3396108
vt 0.925 0.3396079
vt 0.9 0.3396059
vt 0.875 0.3396053
vt 0.85 0.3396059
vt 0.825 0.3396079
vt 0.8 0.3396108
vt 0.775 0.339614
vt 1 0.3210661
vt 0.975 0.3210645
vt 0.95 0.3210616
vt 0.925 0.3210589
vt 0.9 0.3210571
vt 0.875 0.3210565
vt 0.85 0.3210571
vt 0.825 0.3210589
vt 0.8 0.3210616
vt 0.775 0.3210645
vt 1 0.3030617
vt 0.975 0.3030605
vt 0.95 0.3030581
vt 0.925 0.3030559
vt 0.9 0.3030545
vt 0.875 0.303054
vt 0.85 0.3030545
vt 0.825 0.3030559
vt 0.8 0.3030581
vt 0.775 0.3030605
vt 1 0.2856804
vt 0.975 0.2856796
vt 0.95 0.2856783
vt 0.925 0.285677
vt 0.9 0.2856761
vt 0.875 0.2856758
vt 0.85 0.2856761
vt 0.825 0.285677
vt 0.8 0.2856783
vt 0.775 0.2856796
vt 1 0.269
vt 0.975 0.269
vt 0.95 0.269
vt 0.925 0.269
vt 0.9 0.269
vt 0.875 0.269
vt 0.85 0.269
vt 0.825 0.269
vt 0.8 0.269
vt 0.775 0.269
vt 0 0.2523962
vt 0.025 0.2523992
vt 0.05 0.2524047
vt 0.075 0.2524099
vt 0.1 0.2524132
vt 0.125 0.2524144
vt 0.15 0.2524132
vt 0.175 0.2524099
vt 0.2 0.2524047
vt 0.225 0.2523992
vt 0.25 0.2523962
vt 0 0.236146
vt 0.025 0.2361506
vt 0.05 0.2361591
vt 0.075 0.236167
vt 0.1 0.2361722
vt 0.125 0.236174
vt 0.15 0.2361722
vt 0.175 0.236167
vt 0.2 0.2361591
vt 0.225 0.2361506
vt 0.25 0.236146
vt 0 0.2205087
vt 0.025 0.2205137
vt 0.05 0.2205232
vt 0.075 0.220532
vt 0.1 0.2205378
vt 0.125 0.2205398
vt 0.15 0.2205378
vt 0.175 0.220532
vt 0.2 0.2205232
vt 0.225 0.2205137
vt 0.25 0.2205087
vt 0 0.2057437
vt 0.025 0.2057484
vt 0.05 0.2057573
vt 0.075 0.2057655
vt 0.1 0.205771
vt 0.125 0.2057729
vt 0.15 0.205771
vt 0.175 0.2057655
vt 0.2 0.2057573
vt 0.225 0.2057484
vt 0.25 0.2057437
vt 0 0.1921104
vt 0.025 0.1921142
vt 0.05 0.1921215
vt 0.075 0.1921282
vt 0.1 0.1921327
vt 0.125 0.1921341
vt 0.15 0.1921327
vt 0.175 0.1921282
vt 0.2 0.1921215
vt 0.225 0.1921142
vt 0.25 0.1921104
vt 0 0.1798683
vt 0.025 0.179871
vt 0.05 0.179876
vt 0.075 0.1798806
vt 0.1 0.1798837
vt 0.125 0.1798847
vt 0.15 0.1798837
vt 0.175 0.1798806
vt 0.2 0.179876
vt 0.225 0.179871
vt 0.25 0.1798683
vt 0 0.1692768
vt 0.025 0.1692782
vt 0.05 0.1692809
vt 0.075 0.1692834
vt 0.1 0.169285
vt 0.125 0.1692855
vt 0.15 0.169285
vt 0.175 0.1692834
vt 0.2 0.1692809
vt 0.225 0.1692782
vt 0.25 0.1692768
vt 0 0.1605953
vt 0.025 0.1605957
vt 0.05 0.1605964
vt 0.075 0.1605971
vt 0.1 0.1605976
vt 0.125 0.1605977
vt 0.15 0.1605976
vt 0.175 0.1605971
vt 0.2 0.1605964
vt 0.225 0.1605957
vt 0.25 0.1605953
vt 0 0.1540832
vt 0.025 0.1540831
vt 0.05 0.1540827
vt 0.075 0.1540824
vt 0.1 0.1540822
vt 0.125 0.1540822
vt 0.15 0.1540822
vt 0.175 0.1540824
vt 0.2 0.1540827
vt 0.225 0.1540831
vt 0.25 0.1540832
vt 0 0.15
vt 0.025 0.15
vt 0.05 0.15
vt 0.075 0.15
vt 0.1 0.15
vt 0.125 0.15
vt 0.15 0.15
vt 0.175 0.15
vt 0.2 0.15
vt 0.225 0.15
vt 0.25 0.15
vt 0.275 0.2523992
vt 0.3 0.2524047
vt 0.325 0.2524099
vt 0.35 0.2524132
vt 0.375 0.2524144
vt 0.4 0.2524132
vt 0.425 0.2524099
vt 0.45 0.2524047
vt 0.475 0.2523992
vt 0.5 0.2523962
vt 0.275 0.2361506
vt 0.3 0.2361591
vt 0.325 0.236167
vt 0.35 0.2361722
vt 0.375 0.236174
vt 0.4 0.2361722
vt 0.425 0.236167
vt 0.45 0.2361591
vt 0.475 0.2361506
vt 0.5 0.236146
vt 0.275 0.2205137
vt 0.3 0.2205232
vt 0.325 0.220532
vt 0.35 0.2205378
vt 0.375 0.2205398
vt 0.4 0.2205378
vt 0.425 0.220532
vt 0.45 0.2205232
vt 0.475 0.2205137
vt 0.5 0.2205087
vt 0.275 0.2057484
vt 0.3 0.2057573
vt 0.325 0.2057655
vt 0.35 0.205771
vt 0.375 0.2057729
vt 0.4 0.205771
vt 0.425 0.2057655
vt 0.45 0.2057573
vt 0.475 0.2057484
vt 0.5 0.2057437
vt 0.275 0.1921142
vt 0.3 0.1921215
vt 0.325 0.1921282
vt 0.35 0.1921327
vt 0.375 0.1921341
vt 0.4 0.1921327
vt 0.425 0.1921282
vt 0.45 0.1921215
vt 0.475 0.1921142
vt 0.5 0.1921104
vt 0.275 0.179871
vt 0.3 0.179876
vt 0.325 0.1798806
vt 0.35 0.1798837
vt 0.375 0.1798847
vt 0.4 0.1798837
vt 0.425 0.1798806
vt 0.45 0.179876
vt 0.475 0.179871
vt 0.5 0.1798683
vt 0.275 0.1692782
vt 0.3 0.1692809
vt 0.325 0.1692834
vt 0.35 0.169285
vt 0.375 0.1692855
vt 0.4 0.169285
vt 0.425 0.1692834
vt 0.45 0.1692809
vt 0.475 0.1692782
vt 0.5 0.1692768
vt 0.275 0.1605957
vt 0.3 0.1605964
vt 0.325 0.1605971
vt 0.35 0.1605976
vt 0.375 0.1605977
vt 0.4 0.1605976
vt 0.425 0.1605971
vt 0.45 0.1605964
vt 0.475 0.1605957
vt 0.5 0.1605953
vt 0.275 0.1540831
vt 0.3 0.1540827
vt 0.325 0.1540824
vt 0.35 0.1540822
vt 0.375 0.1540822
vt 0.4 0.1540822
vt 0.425 0.1540824
vt 0.45 0.1540827
vt 0.475 0.1540831
vt 0.5 0.1540832
vt 0.275 0.15
vt 0.3 0.15
vt 0.325 0.15
vt 0.35 0.15
vt 0.375 0.15
vt 0.4 0.15
vt 0.425 0.15
vt 0.45 0.15
vt 0.475 0.15
vt 0.5 0.15
vt 0.75 0.2523962
vt 0.725 0.2523992
vt 0.7 0.2524047
vt 0.675 0.2524099
vt 0.65 0.2524132
vt 0.625 0.2524144
vt 0.6 0.2524132
vt 0.575 0.2524099
vt 0.55 0.2524047
vt 0.525 0.2523992
vt 0.75 0.236146
vt 0.725 0.2361506
vt 0.7 0.2361591
vt 0.675 0.236167
vt 0.65 0.2361722
vt 0.625 0.236174
vt 0.6 0.2361722
vt 0.575 0.236167
vt 0.55 0.2361591
vt 0.525 0.2361506
vt 0.75 0.2205087
vt 0.725 0.2205137
vt 0.7 0.2205232
vt 0.675 0.220532
vt 0.65 0.2205378
vt 0.625 0.2205398
vt 0.6 0.2205378
vt 0.575 0.220532
vt 0.55 0.2205232
vt 0.525 0.2205137
vt 0.75 0.2057437
vt 0.725 0.2057484
vt 0.7 0.2057573
vt 0.675 0.2057655
vt 0.65 0.205771
vt 0.625 0.2057729
vt 0.6 0.205771
vt 0.575 0.2057655
vt 0.55 0.2057573
vt 0.525 0.2057484
vt 0.75 0.1921104
vt 0.725 0.1921142
vt 0.7 0.1921215
vt 0.675 0.1921282
vt 0.65 0.1921327
vt 0.625 0.1921341
vt 0.6 0.1921327
vt 0.575 0.1921282
vt 0.55 0.1921215
vt 0.525 0.1921142
vt 0.75 0.1798683
vt 0.725 0.179871
vt 0.7 0.179876
vt 0.675 0.1798806
vt 0.65 0.1798837
vt 0.625 0.1798847
vt 0.6 0.1798837
vt 0.575 0.1798806
vt 0.55 0.179876
vt 0.525 0.179871
vt 0.75 0.1692768
vt 0.725 0.1692782
vt 0.7 0.1692809
vt 0.675 0.1692834
vt 0.65 0.169285
vt 0.625 0.1692855
vt 0.6 0.169285
vt 0.575 0.1692834
vt 0.55 0.1692809
vt 0.525 0.1692782
vt 0.75 0.1605953
vt 0.725 0.1605957
vt 0.7 0.1605964
vt 0.675 0.1605971
vt 0.65 0.1605976
vt 0.625 0.1605977
vt 0.6 0.1605976
vt 0.575 0.1605971
vt 0.55 0.1605964
vt 0.525 0.1605957
vt 0.75 0.1540832
vt 0.725 0.1540831
vt 0.7 0.1540827
vt 0.675 0.1540824
vt 0.65 0.1540822
vt 0.625 0.1540822
vt 0.6 0.1540822
vt 0.575 0.1540824
vt 0.55 0.1540827
vt 0.525 0.1540831
vt 0.75 0.15
vt 0.725 0.15
vt 0.7 0.15
vt 0.675 0.15
vt 0.65 0.15
vt 0.625 0.15
vt 0.6 0.15
vt 0.575 0.15
vt 0.55 0.15
vt 0.525 0.15
vt 1 0.2523962
vt 0.975 0.2523992
vt 0.95 0.2524047
vt 0.925 0.2524099
vt 0.9 0.2524132
vt 0.875 0.2524144
vt 0.85 0.2524132
vt 0.825 0.2524099
vt 0.8 0.2524047
vt 0.775 0.2523992
vt 1 0.236146
vt 0.975 0.2361506
vt 0.95 0.2361591
vt 0.925 0.236167
vt 0.9 0.2361722
vt 0.875 0.236174
vt 0.85 0.2361722
vt 0.825 0.236167
vt 0.8 0.2361591
vt 0.775 0.2361506
vt 1 0.2205087
vt 0.975 0.2205137
vt 0.95 0.2205232
vt 0.925 0.220532
vt 0.9 0.2205378
vt 0.875 0.2205398
vt 0.85 0.2205378
vt 0.825 0.220532
vt 0.8 0.2205232
vt 0.775 0.2205137
vt 1 0.2057437
vt 0.975 0.2057484
vt 0.95 0.2057573
vt 0.925 0.2057655
vt 0.9 0.205771
vt 0.875 0.2057729
vt 0.85 0.205771
vt 0.825 0.2057655
vt 0.8 0.2057573
vt 0.775 0.2057484
vt 1 0.1921104
vt 0.975 0.1921142
vt 0.95 0.1921215
vt 0.925 0.1921282
vt 0.9 0.1921327
vt 0.875 0.1921341
vt 0.85 0.1921327
vt 0.825 0.1921282
vt 0.8 0.1921215
vt 0.775 0.1921142
vt 1 0.1798683
vt 0.975 0.179871
vt 0.95 0.179876
vt 0.925 0.1798806
vt 0.9 0.1798837
vt 0.875 0.1798847
vt 0.85 0.1798837
vt 0.825 0.1798806
vt 0.8 0.179876
vt 0.775 0.179871
vt 1 0.1692768
vt 0.975 0.1692782
vt 0.95 0.1692809
vt 0.925 0.1692834
vt 0.9 0.169285
vt 0.875 0.1692855
vt 0.85 0.169285
vt 0.825 0.1692834
vt 0.8 0.1692809
vt 0.775 0.1692782
vt 1 0.1605953
vt 0.975 0.1605957
vt 0.95 0.1605964
vt 0.925 0.1605971
vt 0.9 0.1605976
vt 0.875 0.1605977
vt 0.85 0.1605976
vt 0.825 0.1605971
vt 0.8 0.1605964
vt 0.775 0.1605957
vt 1 0.1540832
vt 0.975 0.1540831
vt 0.95 0.1540827
vt 0.925 0.1540824
vt 0.9 0.1540822
vt 0.875 0.1540822
vt 0.85 0.1540822
vt 0.825 0.1540824
vt 0.8 0.1540827
vt 0.775 0.1540831
vt 1 0.15
vt 0.975 0.15
vt 0.95 0.15
vt 0.925 0.15
vt 0.9 0.15
vt 0.875 0.15
vt 0.85 0.15
vt 0.825 0.15
vt 0.8 0.15
vt 0.775 0.15

f 2/2/2 12/12/12 1/1/1
f 12/12/12 2/2/2 13/13/13
f 3/3/3 13/13/13 2/2/2
f 13/13/13 3/3/3 14/14/14
f 4/4/4 14/14/14 3/3/3
f 14/14/14 4/4/4 15/15/15
f 5/5/5 15/15/15 4/4/4
f 15/15/15 5/5/5 16/16/16
f 6/6/6 16/16/16 5/5/5
f 16/16/16 6/6/6 17/17/17
f 7/7/7 17/17/17 6/6/6
f 17/17/17 7/7/7 18/18/18
f 8/8/8 18/18/18 7/7/7
f 18/18/18 8/8/8 19/19/19
f 9/9/9 19/19/19 8/8/8
f 19/19/19 9/9/9 20/20/20
f 10/10/10 20/20/20 9/9/9
f 20/20/20 10/10/10 21/21/21
f 11/11/11 21/21/21 10/10/10
f 21/21/21 11/11/11 22/22/22
f 13/13/13 23/23/23 12/12/12
f 23/23/23 13/13/13 24/24/24
f 14/14/14 24/24/24 13/13/13
f 24/24/24 14/14/14 25/25/25
f 15/15/15 25/25/25 14/14/14
f 25/25/25 15/15/15 26/26/26
f 16/16/16 26/26/26 15/15/15
f 26/26/26 16/16/16 27/27/27
f 17/17/17 27/27/27 16/16/16
f 27/27/27 17/17/17 28/28/28
f 18/18/18 28/28/28 17/17/17
f 28/28/28 18/18/18 29/29/29
f 19/19/19 29/29/29 18/18/18
f 29/29/29 19/19/19 30/30/30
f 20/20/20 30/30/30 19/19/19
f 30/30/30 20/20/20 31/31/31
f 21/21/21 31/31/31 20/20/20
f 31/31/31 21/21/21 32/32/32
f 22/22/22 32/32/32 21/21/21
f 32/32/32 22/22/22 33/33/33
f 24/24/24 34/34/34 23/23/23
f 34/34/34 24/24/24 35/35/35
f 25/25/25 35/35/35 24/24/24
f 35/35/35 25/25/25 36/36/36
f 26/26/26 36/36/36 25/25/25
f 36/36/36 26/26/26 37/37/37
f 27/27/27 37/37/37 26/26/26
f 37/37/37 27/27/27 38/38/38
f 28/28/28 38/38/38 27/27/27
f 38/38/38 28/28/28 39/39/39
f 29/29/29 39/39/39 28/28/28
f 39/39/39 29/29/29 40/40/40
f 30/30/30 40/40/40 29/29/29
f 40/40/40 30/30/30 41/41/41
f 31/31/31 41/41/41 30/30/30
f 41/41/41 31/31/31 42/42/42
f 32/32/32 42/42/42 31/31/31
f 42/42/42 32/32/32 43/43/43
f 33/33/33 43/43/43 32/32/32
f 43/43/43 33/33/33 44/44/44
f 35/35/35 45/45/45 34/34/34
f 45/45/45 35/35/35 46/46/46
f 36/36/36 46/46/46 35/35/35
f 46/46/46 36/36/36 47/47/47
f 37/37/37 47/47/47 36/36/36
f 47/47/47 37/37/37 48/48/48
f 38/38/38 48/48/48 37/37/37
f 48/48/48 38/38/38 49/49/49
f 39/39/39 49/49/49 38/38/38
f 49/49/49 39/39/39 50/50/50
f 40/40/40 50/50/50 39/39/39
f 50/50/50 40/40/40 51/51/51
f 41/41/41 51/51/51 40/40/40
f 51/51/51 41/41/41 52/52/52
f 42/42/42 52/52/52 41/41/41
f 52/52/52 42/42/42 53/53/53
f 43/43/43 53/53/53 42/42/42
f 53/53/53 43/43/43 54/54/54
f 44/44/44 54/54/54 43/43/43
f 54/54/54 44/44/44 55/55/55
f 46/46/46 56/56/56 45/45/45
f 56/56/56 46/46/46 57/57/57
f 47/47/47 57/57/57 46/46/46
f 57/57/57 47/47/47 58/58/58
f 48/48/48 58/58/58 47/47/47
f 58/58/58 48/48/48 59/59/59
f 49/49/49 59/59/59 48/48/48
f 59/59/59 49/49/49 60/60/60
f 50/50/50 60/60/60 49/49/49
f 60/60/60 50/50/50 61/61/61
f 51/51/51 61/61/61 50/50/50
f 61/61/61 51/51/51 62/62/62
f 52/52/52 62/62/62 51/51/51
f 62/62/62 52/52/52 63/63/63
f 53/53/53 63/63/63 52/52/52
f 63/63/63 53/53/53 64/64/64
f 54/54/54 64/64/64 53/53/53
f 64/64/64 54/54/54 65/65/65
f 55/55/55 65/65/65 54/54/54
f 65/65/65 55/55/55 66/66/66
f 57/57/57 67/67/67 56/56/56
f 67/67/67 57/57/57 68/68/68
f 58/58/58 68/68/68 57/57/57
f 68/68/68 58/58/58 69/69/69
f 59/59/59 69/69/69 58/58/58
f 69/69/69 59/59/59 70/70/70
f 60/60/60 70/70/70 59/59/59
f 70/70/70 60/60/60 71/71/71
f 61/61/61 71/71/71 60/60/60
f 71/71/71 61/61/61 72/72/72
f 62/62/62 72/72/72 61/61/61
f 72/72/72 62/62/62 73/73/73
f 63/63/63 73/73/73 62/62/62
f 73/73/73 63/63/63 74/74/74
f 64/64/64 74/74/74 63/63/63
f 74/74/74 64/64/64 75/75/75
f 65/65/65 75/75/75 64/64/64
f 75/75/75 65/65/65 76/76/76
f 66/66/66 76/76/76 65/65/65
f 76/76/76 66/66/66 77/77/77
f 68/68/68 78/78/78 67/67/67
f 78/78/78 68/68/68 79/79/79
f 69/69/69 79/79/79 68/68/68
f 79/79/79 69/69/69 80/80/80
f 70/70/70 80/80/80 69/69/69
f 80/80/80 70/70/70 81/81/81
f 71/71/71 81/81/81 70/70/70
f 81/81/81 71/71/71 82/82/82
f 72/72/72 82/82/82 71/71/71
f 82/82/82 72/72/72 83/83/83
f 73/73/73 83/83/83 72/72/72
f 83/83/83 73/73/73 84/84/84
f 74/74/74 84/84/84 73/73/73
f 84/84/84 74/74/74 85/85/85
f 75/75/75 85/85/85 74/74/74
f 85/85/85 75/75/75 86/86/86
f 76/76/76 86/86/86 75/75/75
f 86/86/86 76/76/76 87/87/87
f 77/77/77 87/87/87 76/76/76
f 87/87/87 77/77/77 88/88/88
f 79/79/79 89/89/89 78/78/78
f 89/89/89 79/79/79 90/90/90
f 80/80/80 90/90/90 79/79/79
f 90/90/90 80/80/80 91/91/91
f 81/81/81 91/91/91 80/80/80
f 91/91/91 81/81/81 92/92/92
f 82/82/82 92/92/92 81/81/81
f 92/92/92 82/82/82 93/93/93
f 83/83/83 93/93/93 82/82/82
f 93/93/93 83/83/83 94/94/94
f 84/84/84 94/94/94 83/83/83
f 94/94/94 84/84/84 95/95/95
f 85/85/85 95/95/95 84/84/84
f 95/95/95 85/85/85 96/96/96
f 86/86/86 96/96/96 85/85/85
f 96/96/96 86/86/86 97/97/97
f 87/87/87 97/97/97 86/86/86
f 97/97/97 87/87/87 98/98/98
f 88/88/88 98/98/98 87/87/87
f 98/98/98 88/88/88 99/99/99
f 90/90/90 100/100/100 89/89/89
f 100/100/100 90/90/90 101/101/101
f 91/91/91 101/101/101 90/90/90
f 101/101/101 91/91/91 102/102/102
f 92/92/92 102/102/102 91/91/91
f 102/102/102 92/92/92 103/103/103
f 93/93/93 103/103/103 92/92/92
f 103/103/103 93/93/93 104/104/104
f 94/94/94 104/104/104 93/93/93
f 104/104/104 94/94/94 105/105/105
f 95/95/95 105/105/105 94/94/94
f 105/105/105 95/95/95 106/106/106
f 96/96/96 106/106/106 95/95/95
f 106/106/106 96/96/96 107/107/107
f 97/97/97 107/107/107 96/96/96
f 107/107/107 97/97/97 108/108/108
f 98/98/98 108/108/108 97/97/97
f 108/108/108 98/98/98 109/109/109
f 99/99/99 109/109/109 98/98/98
f 109/109/109 99/99/99 110/110/110
f 101/101/101 111/111/111 100/100/100
f 111/111/111 101/101/101 112/112/112
f 102/102/102 112/112/112 101/101/101
f 112/112/112 102/102/102 113/113/113
f 103/103/103 113/113/113 102/102/102
f 113/113/113 103/103/103 114/114/114
f 104/104/104 114/114/114 103/103/103
f 114/114/114 104/104/104 115/115/115
f 105/105/105 115/115/115 104/104/104
f 115/115/115 105/105/105 116/116/116
f 106/106/106 116/116/116 105/105/105
f 116/116/116 106/106/106 117/117/117
f 107/107/107 117/117/117 106/106/106
f 117/117/117 107/107/107 118/118/118
f 108/108/108 118/118/118 107/107/107
f 118/118/118 108/108/108 119/119/119
f 109/109/109 119/119/119 108/108/108
f 119/119/119 109/109/109 120/120/120
f 110/110/110 120/120/120 109/109/109
f 120/120/120 110/110/110 121/121/121
f 12/12/12 122/122/122 1/1/1
f 122/122/122 12/12/12 131/132/131
f 131/132/131 123/123/123 122/122/122
f 123/123/123 131/132/131 132/133/132
f 132/133/132 124/124/124 123/123/123
f 124/124/124 132/133/132 133/134/133
f 133/134/133 125/125/125 124/124/124
f 125/125/125 133/134/133 134/135/134
f 134/135/134 126/126/126 125/125/125
f 126/126/126 134/135/134 135/136/135
f 135/136/135 127/127/127 126/126/126
f 127/127/127 135/136/135 136/137/136
f 136/137/136 128/128/128 127/127/127
f 128/128/128 136/137/136 137/138/137
f 137/138/137 129/129/129 128/128/128
f 129/129/129 137/138/137 138/139/138
f 138/139/138 130/130/130 129/129/129
f 130/130/130 138/139/138 139/140/139
f 139/140/139 11/131/11 130/130/130
f 11/131/11 139/140/139 22/141/22
f 23/23/23 131/132/131 12/12/12
f 131/132/131 23/23/23 140/142/140
f 140/142/140 132/133/132 131/132/131
f 132/133/132 140/142/140 141/143/141
f 141/143/141 133/134/133 132/133/132
f 133/134/133 141/143/141 142/144/142
f 142/144/142 134/135/134 133/134/133
f 134/135/134 142/144/142 143/145/143
f 143/145/143 135/136/135 134/135/134
f 135/136/135 143/145/143 144/146/144
f 144/146/144 136/137/136 135/136/135
f 136/137/136 144/146/144 145/147/145
f 145/147/145 137/138/137 136/137/136
f 137/138/137 145/147/145 146/148/146
f 146/148/146 138/139/138 137/138/137
f 138/139/138 146/148/146 147/149/147
f 147/149/147 139/140/139 138/139/138
f 139/140/139 147/149/147 148/150/148
f 148/150/148 22/141/22 139/140/139
f 22/141/22 148/150/148 33/151/33
f 34/34/34 140/142/140 23/23/23
f 140/142/140 34/34/34 149/152/149
f 149/152/149 141/143/141 140/142/140
f 141/143/141 149/152/149 150/153/150
f 150/153/150 142/144/142 141/143/141
f 142/144/142 150/153/150 151/154/151
f 151/154/151 143/145/143 142/144/142
f 143/145/143 151/154/151 152/155/152
f 152/155/152 144/146/144 143/145/143
f 144/146/144 152/155/152 153/156/153
f 153/156/153 145/147/145 144/146/144
f 145/147/145 153/156/153 154/157/154
f 154/157/154 146/148/146 145/147/145
f 146/148/146 154/157/154 155/158/155
f 155/158/155 147/149/147 146/148/146
f 147/149/147 155/158/155 156/159/156
f 156/159/156 148/150/148 147/149/147
f 148/150/148 156/159/156 157/160/157
f 157/160/157 33/151/33 148/150/148
f 33/151/33 157/160/157 44/161/44
f 45/45/45 149/152/149 34/34/34
f 149/152/149 45/45/45 158/162/158
f 158/162/158 150/153/150 149/152/149
f 150/153/150 158/162/158 159/163/159
f 159/163/159 151/154/151 150/153/150
f 151/154/151 159/163/159 160/164/160
f 160/164/160 152/155/152 151/154/151
f 152/155/152 160/164/160 161/165/161
f 161/165/161 153/156/153 152/155/152
f 153/156/153 161/165/161 162/166/162
f 162/166/162 154/157/154 153/156/153
f 154/157/154 162/166/162 163/167/163
f 163/167/163 155/158/155 154/157/154
f 155/158/155 163/167/163 164/168/164
f 164/168/164 156/159/156 155/158/155
f 156/159/156 164/168/164 165/169/165
f 165/169/165 157/160/157 156/159/156
f 157/160/157 165/169/165 166/170/166
f 166/170/166 44/161/44 157/160/157
f 44/161/44 166/170/166 55/171/55
f 56/56/56 158/162/158 45/45/45
f 158/162/158 56/56/56 167/172/167
f 167/172/167 159/163/159 158/162/158
f 159/163/159 167/172/167 168/173/168
f 168/173/168 160/164/160 159/163/159
f 160/164/160 168/173/168 169/174/169
f 169/174/169 161/165/161 160/164/160
f 161/165/161 169/174/169 170/175/170
f 170/175/170 162/166/162 161/165/161
f 162/166/162 170/175/170 171/176/171
f 171/176/171 163/167/163 162/166/162
f 163/167/163 171/176/171 172/177/172
f 172/177/172 164/168/164 163/167/163
f 164/168/164 172/177/172 173/178/173
f 173/178/173 165/169/165 164/168/164
f 165/169/165 173/178/173 174/179/174
f 174/179/174 166/170/166 165/169/165
f 166/170/166 174/179/174 175/180/175
f 175/180/175 55/171/55 166/170/166
f 55/171/55 175/180/175 66/181/66
f 67/67/67 167/172/167 56/56/56
f 167/172/167 67/67/67 176/182/176
f 176/182/176 168/173/168 167/172/167
f 168/173/168 176/182/176 177/183/177
f 177/183/177 169/174/169 168/173/168
f 169/174/169 177/183/177 178/184/178
f 178/184/178 170/175/170 169/174/169
f 170/175/170 178/184/178 179/185/179
f 179/185/179 171/176/171 170/175/170
f 171/176/171 179/185/179 180/186/180
f 180/186/180 172/177/172 171/176/171
f 172/177/172 180/186/180 181/187/181
f 181/187/181 173/178/173 172/177/172
f 173/178/173 181/187/181 182/188/182
f 182/188/182 174/179/174 173/178/173
f 174/179/174 182/188/182 183/189/183
f 183/189/183 175/180/175 174/179/174
f 175/180/175 183/189/183 184/190/184
f 184/190/184 66/181/66 175/180/175
f 66/181/66 184/190/184 77/191/77
f 78/78/78 176/182/176 67/67/67
f 176/182/176 78/78/78 185/192/185
f 185/192/185 177/183/177 176/182/176
f 177/183/177 185/192/185 186/193/186
f 186/193/186 178/184/178 177/183/177
f 178/184/178 186/193/186 187/194/187
f 187/194/187 179/185/179 178/184/178
f 179/185/179 187/194/187 188/195/188
f 188/195/188 180/186/180 179/185/179
f 180/186/180 188/195/188 189/196/189
f 189/196/189 181/187/181 180/186/180
f 181/187/181 189/196/189 190/197/190
f 190/197/190 182/188/182 181/187/181
f 182/188/182 190/197/190 191/198/191
f 191/198/191 183/189/183 182/188/182
f 183/189/183 191/198/191 192/199/192
f 192/199/192 184/190/184 183/189/183
f 184/190/184 192/199/192 193/200/193
f 193/200/193 77/191/77 184/190/184
f 77/191/77 193/200/193 88/201/88
f 89/89/89 185/192/185 78/78/78
f 185/192/185 89/89/89 194/202/194
f 194/202/194 186/193/186 185/192/185
f 186/193/186 194/202/194 195/203/195
f 195/203/195 187/194/187 186/193/186
f 187/194/187 195/203/195 196/204/196
f 196/204/196 188/195/188 187/194/187
f 188/195/188 196/204/196 197/205/197
f 197/205/197 189/196/189 188/195/188
f 189/196/189 197/205/197 198/206/198
f 198/206/198 190/197/190 189/196/189
f 190/197/190 198/206/198 199/207/199
f 199/207/199 191/198/191 190/197/190
f 191/198/191 199/207/199 200/208/200
f 200/208/200 192/199/192 191/198/191
f 192/199/192 200/208/200 201/209/201
f 201/209/201 193/200/193 192/199/192
f 193/200/193 201/209/201 202/210/202
f 202/210/202 88/201/88 193/200/193
f 88/201/88 202/210/202 99/211/99
f 100/100/100 194/202/194 89/89/89
f 194/202/194 100/100/100 203/212/203
f 203/212/203 195/203/195 194/202/194
f 195/203/195 203/212/203 204/213/204
f 204/213/204 196/204/196 195/203/195
f 196/204/196 204/213/204 205/214/205
f 205/214/205 197/205/197 196/204/196
f 197/205/197 205/214/205 206/215/206
f 206/215/206 198/206/198 197/205/197
f 198/206/198 206/215/206 207/216/207
f 207/216/207 199/207/199 198/206/198
f 199/207/199 207/216/207 208/217/208
f 208/217/208 200/208/200 199/207/199
f 200/208/200 208/217/208 209/218/209
f 209/218/209 201/209/201 200/208/200
f 201/209/201 209/218/209 210/219/210
f 210/219/210 202/210/202 201/209/201
f 202/210/202 210/219/210 211/220/211
f 211/220/211 99/211/99 202/210/202
f 99/211/99 211/220/211 110/221/110
f 111/111/111 203/212/203 100/100/100
f 203/212/203 111/111/111 212/222/212
f 212/222/212 204/213/204 203/212/203
f 204/213/204 212/222/212 213/223/213
f 213/223/213 205/214/205 204/213/204
f 205/214/205 213/223/213 214/224/214
f 214/224/214 206/215/206 205/214/205
f 206/215/206 214/224/214 215/225/215
f 215/225/215 207/216/207 206/215/206
f 207/216/207 215/225/215 216/226/216
f 216/226/216 208/217/208 207/216/207
f 208/217/208 216/226/216 217/227/217
f 217/227/217 209/218/209 208/217/208
f 209/218/209 217/227/217 218/228/218
f 218/228/218 210/219/210 209/218/209
f 210/219/210 218/228/218 219/229/219
f 219/229/219 211/220/211 210/219/210
f 211/220/211 219/229/219 220/230/220
f 220/230/220 110/221/110 211/220/211
f 110/221/110 220/230/220 121/231/121
f 112/112/112 221/232/221 111/111/111
f 221/232/221 112/112/112 222/233/222
f 113/113/113 222/233/222 112/112/112
f 222/233/222 113/113/113 223/234/223
f 114/114/114 223/234/223 113/113/113
f 223/234/223 114/114/114 224/235/224
f 115/115/115 224/235/224 114/114/114
f 224/235/224 115/115/115 225/236/225
f 116/116/116 225/236/225 115/115/115
f 225/236/225 116/116/116 226/237/226
f 117/117/117 226/237/226 116/116/116
f 226/237/226 117/117/117 227/238/227
f 118/118/118 227/238/227 117/117/117
f 227/238/227 118/118/118 228/239/228
f 119/119/119 228/239/228 118/118/118
f 228/239/228 119/119/119 229/240/229
f 120/120/120 229/240/229 119/119/119
f 229/240/229 120/120/120 230/241/230
f 121/121/121 230/241/230 120/120/120
f 230/241/230 121/121/121 231/242/231
f 222/233/222 232/243/232 221/232/221
f 232/243/232 222/233/222 233/244/233
f 223/234/223 233/244/233 222/233/222
f 233/244/233 223/234/223 234/245/234
f 224/235/224 234/245/234 223/234/223
f 234/245/234 224/235/224 235/246/235
f 225/236/225 235/246/235 224/235/224
f 235/246/235 225/236/225 236/247/236
f 226/237/226 236/247/236 225/236/225
f 236/247/236 226/237/226 237/248/237
f 227/238/227 237/248/237 226/237/226
f 237/248/237 227/238/227 238/249/238
f 228/239/228 238/249/238 227/238/227
f 238/249/238 228/239/228 239/250/239
f 229/240/229 239/250/239 228/239/228
f 239/250/239 229/240/229 240/251/240
f 230/241/230 240/251/240 229/240/229
f 240/251/240 230/241/230 241/252/241
f 231/242/231 241/252/241 230/241/230
f 241/252/241 231/242/231 242/253/242
f 233/244/233 243/254/243 232/243/232
f 243/254/243 233/244/233 244/255/244
f 234/245/234 244/255/244 233/244/233
f 244/255/244 234/245/234 245/256/245
f 235/246/235 245/256/245 234/245/234
f 245/256/245 235/246/235 246/257/246
f 236/247/236 246/257/246 235/246/235
f 246/257/246 236/247/236 247/258/247
f 237/248/237 247/258/247 236/247/236
f 247/258/247 237/248/237 248/259/248
f 238/249/238 248/259/248 237/248/237
f 248/259/248 238/249/238 249/260/249
f 239/250/239 249/260/249 238/249/238
f 249/260/249 239/250/239 250/261/250
f 240/251/240 250/261/250 239/250/239
f 250/261/250 240/251/240 251/262/251
f 241/252/241 251/262/251 240/251/240
f 251/262/251 241/252/241 252/263/252
f 242/253/242 252/263/252 241/252/241
f 252/263/252 242/253/242 253/264/253
f 244/255/244 254/265/254 243/254/243
f 254/265/254 244/255/244 255/266/255
f 245/256/245 255/266/255 244/255/244
f 255/266/255 245/256/245 256/267/256
f 246/257/246 256/267/256 245/256/245
f 256/267/256 246/257/246 257/268/257
f 247/258/247 257/268/257 246/257/246
f 257/268/257 247/258/247 258/269/258
f 248/259/248 258/269/258 247/258/247
f 258/269/258 248/259/248 259/270/259
f 249/260/249 259/270/259 248/259/248
f 259/270/259 249/260/249 260/271/260
f 250/261/250 260/271/260 249/260/249
f 260/271/260 250/261/250 261/272/261
f 251/262/251 261/272/261 250/261/250
f 261/272/261 251/262/251 262/273/262
f 252/263/252 262/273/262 251/262/251
f 262/273/262 252/263/252 263/274/263
f 253/264/253 263/274/263 252/263/252
f 263/274/263 253/264/253 264/275/264
f 255/266/255 265/276/265 254/265/254
f 265/276/265 255/266/255 266/277/266
f 256/267/256 266/277/266 255/266/255
f 266/277/266 256/267/256 267/278/267
f 257/268/257 267/278/267 256/267/256
f 267/278/267 257/268/257 268/279/268
f 258/269/258 268/279/268 257/268/257
f 268/279/268 258/269/258 269/280/269
f 259/270/259 269/280/269 258/269/258
f 269/280/269 259/270/259 270/281/270
f 260/271/260 270/281/270 259/270/259
f 270/281/270 260/271/260 271/282/271
f 261/272/261 271/282/271 260/271/260
f 271/282/271 261/272/261 272/283/272
f 262/273/262 272/283/272 261/272/261
f 272/283/272 262/273/262 273/284/273
f 263/274/263 273/284/273 262/273/262
f 273/284/273 263/274/263 274/285/274
f 264/275/264 274/285/274 263/274/263
f 274/285/274 264/275/264 275/286/275
f 266/277/266 276/287/276 265/276/265
f 276/287/276 266/277/266 277/288/277
f 267/278/267 277/288/277 266/277/266
f 277/288/277 267/278/267 278/289/278
f 268/279/268 278/289/278 267/278/267
f 278/289/278 268/279/268 279/290/279
f 269/280/269 279/290/279 268/279/268
f 279/290/279 269/280/269 280/291/280
f 270/281/270 280/291/280 269/280/269
f 280/291/280 270/281/270 281/292/281
f 271/282/271 281/292/281 270/281/270
f 281/292/281 271/282/271 282/293/282
f 272/283/272 282/293/282 271/282/271
f 282/293/282 272/283/272 283/294/283
f 273/284/273 283/294/283 272/283/272
f 283/294/283 273/284/273 284/295/284
f 274/285/274 284/295/284 273/284/273
f 284/295/284 274/285/274 285/296/285
f 275/286/275 285/296/285 274/285/274
f 285/296/285 275/286/275 286/297/286
f 277/288/277 287/298/287 276/287/276
f 287/298/287 277/288/277 288/299/288
f 278/289/278 288/299/288 277/288/277
f 288/299/288 278/289/278 289/300/289
f 279/290/279 289/300/289 278/289/278
f 289/300/289 279/290/279 290/301/290
f 280/291/280 290/301/290 279/290/279
f 290/301/290 280/291/280 291/302/291
f 281/292/281 291/302/291 280/291/280
f 291/302/291 281/292/281 292/303/292
f 282/293/282 292/303/292 281/292/281
f 292/303/292 282/293/282 293/304/293
f 283/294/283 293/304/293 282/293/282
f 293/304/293 283/294/283 294/305/294
f 284/295/284 294/305/294 283/294/283
f 294/305/294 284/295/284 295/306/295
f 285/296/285 295/306/295 284/295/284
f 295/306/295 285/296/285 296/307/296
f 286/297/286 296/307/296 285/296/285
f 296/307/296 286/297/286 297/308/297
f 288/299/288 298/309/298 287/298/287
f 298/309/298 288/299/288 299/310/299
f 289/300/289 299/310/299 288/299/288
f 299/310/299 289/300/289 300/311/300
f 290/301/290 300/311/300 289/300/289
f 300/311/300 290/301/290 301/312/301
f 291/302/291 301/312/301 290/301/290
f 301/312/301 291/302/291 302/313/302
f 292/303/292 302/313/302 291/302/291
f 302/313/302 292/303/292 303/314/303
f 293/304/293 303/314/303 292/303/292
f 303/314/303 293/304/293 304/315/304
f 294/305/294 304/315/304 293/304/293
f 304/315/304 294/305/294 305/316/305
f 295/306/295 305/316/305 294/305/294
f 305/316/305 295/306/295 306/317/306
f 296/307/296 306/317/306 295/306/295
f 306/317/306 296/307/296 307/318/307
f 297/308/297 307/318/307 296/307/296
f 307/318/307 297/308/297 308/319/308
f 299/310/299 309/320/309 298/309/298
f 309/320/309 299/310/299 310/321/310
f 300/311/300 310/321/310 299/310/299
f 310/321/310 300/311/300 311/322/311
f 301/312/301 311/322/311 300/311/300
f 311/322/311 301/312/301 312/323/312
f 302/313/302 312/323/312 301/312/301
f 312/323/312 302/313/302 313/324/313
f 303/314/303 313/324/313 302/313/302
f 313/324/313 303/314/303 314/325/314
f 304/315/304 314/325/314 303/314/303
f 314/325/314 304/315/304 315/326/315
f 305/316/305 315/326/315 304/315/304
f 315/326/315 305/316/305 316/327/316
f 306/317/306 316/327/316 305/316/305
f 316/327/316 306/317/306 317/328/317
f 307/318/307 317/328/317 306/317/306
f 317/328/317 307/318/307 318/329/318
f 308/319/308 318/329/318 307/318/307
f 318/329/318 308/319/308 319/330/319
f 310/321/310 320/331/320 309/320/309
f 320/331/320 310/321/310 321/332/321
f 311/322/311 321/332/321 310/321/310
f 321/332/321 311/322/311 322/333/322
f 312/323/312 322/333/322 311/322/311
f 322/333/322 312/323/312 323/334/323
f 313/324/313 323/334/323 312/323/312
f 323/334/323 313/324/313 324/335/324
f 314/325/314 324/335/324 313/324/313
f 324/335/324 314/325/314 325/336/325
f 315/326/315 325/336/325 314/325/314
f 325/336/325 315/326/315 326/337/326
f 316/327/316 326/337/326 315/326/315
f 326/337/326 316/327/316 327/338/327
f 317/328/317 327/338/327 316/327/316
f 327/338/327 317/328/317 328/339/328
f 318/329/318 328/339/328 317/328/317
f 328/339/328 318/329/318 329/340/329
f 319/330/319 329/340/329 318/329/318
f 329/340/329 319/330/319 330/341/330
f 221/232/221 212/222/212 111/111/111
f 212/222/212 221/232/221 331/342/331
f 331/342/331 213/223/213 212/222/212
f 213/223/213 331/342/331 332/343/332
f 332/343/332 214/224/214 213/223/213
f 214/224/214 332/343/332 333/344/333
f 333/344/333 215/225/215 214/224/214
f 215/225/215 333/344/333 334/345/334
f 334/345/334 216/226/216 215/225/215
f 216/226/216 334/345/334 335/346/335
f 335/346/335 217/227/217 216/226/216
f 217/227/217 335/346/335 336/347/336
f 336/347/336 218/228/218 217/227/217
f 218/228/218 336/347/336 337/348/337
f 337/348/337 219/229/219 218/228/218
f 219/229/219 337/348/337 338/349/338
f 338/349/338 220/230/220 219/229/219
f 220/230/220 338/349/338 339/350/339
f 339/350/339 121/231/121 220/230/220
f 121/231/121 339/350/339 231/351/231
f 232/243/232 331/342/331 221/232/221
f 331/342/331 232/243/232 340/352/340
f 340/352/340 332/343/332 331/342/331
f 332/343/332 340/352/340 341/353/341
f 341/353/341 333/344/333 332/343/332
f 333/344/333 341/353/341 342/354/342
f 342/354/342 334/345/334 333/344/333
f 334/345/334 342/354/342 343/355/343
f 343/355/343 335/346/335 334/345/334
f 335/346/335 343/355/343 344/356/344
f 344/356/344 336/347/336 335/346/335
f 336/347/336 344/356/344 345/357/345
f 345/357/345 337/348/337 336/347/336
f 337/348/337 345/357/345 346/358/346
f 346/358/346 338/349/338 337/348/337
f 338/349/338 346/358/346 347/359/347
f 347/359/347 339/350/339 338/349/338
f 339/350/339 347/359/347 348/360/348
f 348/360/348 231/351/231 339/350/339
f 231/351/231 348/360/348 242/361/242
f 243/254/243 340/352/340 232/243/232
f 340/352/340 243/254/243 349/362/349
f 349/362/349 341/353/341 340/352/340
f 341/353/341 349/362/349 350/363/350
f 350/363/350 342/354/342 341/353/341
f 342/354/342 350/363/350 351/364/351
f 351/364/351 343/355/343 342/354/342
f 343/355/343 351/364/351 352/365/352
f 352/365/352 344/356/344 343/355/343
f 344/356/344 352/365/352 353/366/353
f 353/366/353 345/357/345 344/356/344
f 345/357/345 353/366/353 354/367/354
f 354/367/354 346/358/346 345/357/345
f 346/358/346 354/367/354 355/368/355
f 355/368/355 347/359/347 346/358/346
f 347/359/347 355/368/355 356/369/356
f 356/369/356 348/360/348 347/359/347
f 348/360/348 356/369/356 357/370/357
f 357/370/357 242/361/242 348/360/348
f 242/361/242 357/370/357 253/371/253
f 254/265/254 349/362/349 243/254/243
f 349/362/349 254/265/254 358/372/358
f 358/372/358 350/363/350 349/362/349
f 350/363/350 358/372/358 359/373/359
f 359/373/359 351/364/351 350/363/350
f 351/364/351 359/373/359 360/374/360
f 360/374/360 352/365/352 351/364/351
f 352/365/352 360/374/360 361/375/361
f 361/375/361 353/366/353 352/365/352
f 353/366/353 361/375/361 362/376/362
f 362/376/362 354/367/354 353/366/353
f 354/367/354 362/376/362 363/377/363
f 363/377/363 355/368/355 354/367/354
f 355/368/355 363/377/363 364/378/364
f 364/378/364 356/369/356 355/368/355
f 356/369/356 364/378/364 365/379/365
f 365/379/365 357/370/357 356/369/356
f 357/370/357 365/379/365 366/380/366
f 366/380/366 253/371/253 357/370/357
f 253/371/253 366/380/366 264/381/264
f 265/276/265 358/372/358 254/265/254
f 358/372/358 265/276/265 367/382/367
f 367/382/367 359/373/359 358/372/358
f 359/373/359 367/382/367 368/383/368
f 368/383/368 360/374/360 359/373/359
f 360/374/360 368/383/368 369/384/369
f 369/384/369 361/375/361 360/374/360
f 361/375/361 369/384/369 370/385/370
f 370/385/370 362/376/362 361/375/361
f 362/376/362 370/385/370 371/386/371
f 371/386/371 363/377/363 362/376/362
f 363/377/363 371/386/371 372/387/372
f 372/387/372 364/378/364 363/377/363
f 364/378/364 372/387/372 373/388/373
f 373/388/373 365/379/365 364/378/364
f 365/379/365 373/388/373 374/389/374
f 374/389/374 366/380/366 365/379/365
f 366/380/366 374/389/374 375/390/375
f 375/390/375 264/381/264 366/380/366
f 264/381/264 375/390/375 275/391/275
f 276/287/276 367/382/367 265/276/265
f 367/382/367 276/287/276 376/392/376
f 376/392/376 368/383/368 367/382/367
f 368/383/368 376/392/376 377/393/377
f 377/393/377 369/384/369 368/383/368
f 369/384/369 377/393/377 378/394/378
f 378/394/378 370/385/370 369/384/369
f 370/385/370 378/394/378 379/395/379
f 379/395/379 371/386/371 370/385/370
f 371/386/371 379/395/379 380/396/380
f 380/396/380 372/387/372 371/386/371
f 372/387/372 380/396/380 381/397/381
f 381/397/381 373/388/373 372/387/372
f 373/388/373 381/397/381 382/398/382
f 382/398/382 374/389/374 373/388/373
f 374/389/374 382/398/382 383/399/383
f 383/399/383 375/390/375 374/389/374
f 375/390/375 383/399/383 384/400/384
f 384/400/384 275/391/275 375/390/375
f 275/391/275 384/400/384 286/401/286
f 287/298/287 376/392/376 276/287/276
f 376/392/376 287/298/287 385/402/385
f 385/402/385 377/393/377 376/392/376
f 377/393/377 385/402/385 386/403/386
f 386/403/386 378/394/378 377/393/377
f 378/394/378 386/403/386 387/404/387
f 387/404/387 379/395/379 378/394/378
f 379/395/379 387/404/387 388/405/388
f 388/405/388 380/396/380 379/395/379
f 380/396/380 388/405/388 389/406/389
f 389/406/389 381/397/381 380/396/380
f 381/397/381 389/406/389 390/407/390
f 390/407/390 382/398/382 381/397/381
f 382/398/382 390/407/390 391/408/391
f 391/408/391 383/399/383 382/398/382
f 383/399/383 391/408/391 392/409/392
f 392/409/392 384/400/384 383/399/383
f 384/400/384 392/409/392 393/410/393
f 393/410/393 286/401/286 384/400/384
f 286/401/286 393/410/393 297/411/297
f 298/309/298 385/402/385 287/298/287
f 385/402/385 298/309/298 394/412/394
f 394/412/394 386/403/386 385/402/385
f 386/403/386 394/412/394 395/413/395
f 395/413/395 387/404/387 386/403/386
f 387/404/387 395/413/395 396/414/396
f 396/414/396 388/405/388 387/404/387
f 388/405/388 396/414/396 397/415/397
f 397/415/397 389/406/389 388/405/388
f 389/406/389 397/415/397 398/416/398
f 398/416/398 390/407/390 389/406/389
f 390/407/390 398/416/398 399/417/399
f 399/417/399 391/408/391 390/407/390
f 391/408/391 399/417/399 400/418/400
f 400/418/400 392/409/392 391/408/391
f 392/409/392 400/418/400 401/419/401
f 401/419/401 393/410/393 392/409/392
f 393/410/393 401/419/401 402/420/402
f 402/420/402 297/411/297 393/410/393
f 297/411/297 402/420/402 308/421/308
f 309/320/309 394/412/394 298/309/298
f 394/412/394 309/320/309 403/422/403
f 403/422/403 395/413/395 394/412/394
f 395/413/395 403/422/403 404/423/404
f 404/423/404 396/414/396 395/413/395
f 396/414/396 404/423/404 405/424/405
f 405/424/405 397/415/397 396/414/396
f 397/415/397 405/424/405 406/425/406
f 406/425/406 398/416/398 397/415/397
f 398/416/398 406/425/406 407/426/407
f 407/426/407 399/417/399 398/416/398
f 399/417/399 407/426/407 408/427/408
f 408/427/408 400/418/400 399/417/399
f 400/418/400 408/427/408 409/428/409
f 409/428/409 401/419/401 400/418/400
f 401/419/401 409/428/409 410/429/410
f 410/429/410 402/420/402 401/419/401
f 402/420/402 410/429/410 411/430/411
f 411/430/411 308/421/308 402/420/402
f 308/421/308 411/430/411 319/431/319
f 320/331/320 403/422/403 309/320/309
f 403/422/403 320/331/320 412/432/412
f 412/432/412 404/423/404 403/422/403
f 404/423/404 412/432/412 413/433/413
f 413/433/413 405/424/405 404/423/404
f 405/424/405 413/433/413 414/434/414
f 414/434/414 406/425/406 405/424/405
f 406/425/406 414/434/414 415/435/415
f 415/435/415 407/426/407 406/425/406
f 407/426/407 415/435/415 416/436/416
f 416/436/416 408/427/408 407/426/407
f 408/427/408 416/436/416 417/437/417
f 417/437/417 409/428/409 408/427/408
f 409/428/409 417/437/417 418/438/418
f 418/438/418 410/429/410 409/428/409
f 410/429/410 418/438/418 419/439/419
f 419/439/419 411/430/411 410/429/410
f 411/430/411 419/439/419 420/440/420
f 420/440/420 319/431/319 411/430/411
f 319/431/319 420/440/420 330/441/330
f 422/443/422 432/453/432 421/442/421
f 432/453/432 422/443/422 433/454/433
f 423/444/423 433/454/433 422/443/422
f 433/454/433 423/444/423 434/455/434
f 424/445/424 434/455/434 423/444/423
f 434/455/434 424/445/424 435/456/435
f 425/446/425 435/456/435 424/445/424
f 435/456/435 425/446/425 436/457/436
f 426/447/426 436/457/436 425/446/425
f 436/457/436 426/447/426 437/458/437
f 427/448/427 437/458/437 426/447/426
f 437/458/437 427/448/427 438/459/438
f 428/449/428 438/459/438 427/448/427
f 438/459/438 428/449/428 439/460/439
f 429/450/429 439/460/439 428/449/428
f 439/460/439 429/450/429 440/461/440
f 430/451/430 440/461/440 429/450/429
f 440/461/440 430/451/430 441/462/441
f 431/452/431 441/462/441 430/451/430
f 441/462/441 431/452/431 442/463/442
f 433/454/433 443/464/443 432/453/432
f 443/464/443 433/454/433 444/465/444
f 434/455/434 444/465/444 433/454/433
f 444/465/444 434/455/434 445/466/445
f 435/456/435 445/466/445 434/455/434
f 445/466/445 435/456/435 446/467/446
f 436/457/436 446/467/446 435/456/435
f 446/467/446 436/457/436 447/468/447
f 437/458/437 447/468/447 436/457/436
f 447/468/447 437/458/437 448/469/448
f 438/459/438 448/469/448 437/458/437
f 448/469/448 438/459/438 449/470/449
f 439/460/439 449/470/449 438/459/438
f 449/470/449 439/460/439 450/471/450
f 440/461/440 450/471/450 439/460/439
f 450/471/450 440/461/440 451/472/451
f 441/462/441 451/472/451 440/461/440
f 451/472/451 441/462/441 452/473/452
f 442/463/442 452/473/452 441/462/441
f 452/473/452 442/463/442 453/474/453
f 444/465/444 454/475/454 443/464/443
f 454/475/454 444/465/444 455/476/455
f 445/466/445 455/476/455 444/465/444
f 455/476/455 445/466/445 456/477/456
f 446/467/446 456/477/456 445/466/445
f 456/477/456 446/467/446 457/478/457
f 447/468/447 457/478/457 446/467/446
f 457/478/457 447/468/447 458/479/458
f 448/469/448 458/479/458 447/468/447
f 458/479/458 448/469/448 459/480/459
f 449/470/449 459/480/459 448/469/448
f 459/480/459 449/470/449 460/481/460
f 450/471/450 460/481/460 449/470/449
f 460/481/460 450/471/450 461/482/461
f 451/472/451 461/482/461 450/471/450
f 461/482/461 451/472/451 462/483/462
f 452/473/452 462/483/462 451/472/451
f 462/483/462 452/473/452 463/484/463
f 453/474/453 463/484/463 452/473/452
f 463/484/463 453/474/453 464/485/464
f 455/476/455 465/486/465 454/475/454
f 465/486/465 455/476/455 466/487/466
f 456/477/456 466/487/466 455/476/455
f 466/487/466 456/477/456 467/488/467
f 457/478/457 467/488/467 456/477/456
f 467/488/467 457/478/457 468/489/468
f 458/479/458 468/489/468 457/478/457
f 468/489/468 458/479/458 469/490/469
f 459/480/459 469/490/469 458/479/458
f 469/490/469 459/480/459 470/491/470
f 460/481/460 470/491/470 459/480/459
f 470/491/470 460/481/460 471/492/471
f 461/482/461 471/492/471 460/481/460
f 471/492/471 461/482/461 472/493/472
f 462/483/462 472/493/472 461/482/461
f 472/493/472 462/483/462 473/494/473
f 463/484/463 473/494/473 462/483/462
f 473/494/473 463/484/463 474/495/474
f 464/485/464 474/495/474 463/484/463
f 474/495/474 464/485/464 475/496/475
f 466/487/466 476/497/476 465/486/465
f 476/497/476 466/487/466 477/498/477
f 467/488/467 477/498/477 466/487/466
f 477/498/477 467/488/467 478/499/478
f 468/489/468 478/499/478 467/488/467
f 478/499/478 468/489/468 479/500/479
f 469/490/469 479/500/479 468/489/468
f 479/500/479 469/490/469 480/501/480
f 470/491/470 480/501/480 469/490/469
f 480/501/480 470/491/470 481/502/481
f 471/492/471 481/502/481 470/491/470
f 481/502/481 471/492/471 482/503/482
f 472/493/472 482/503/482 471/492/471
f 482/503/482 472/493/472 483/504/483
f 473/494/473 483/504/483 472/493/472
f 483/504/483 473/494/473 484/505/484
f 474/495/474 484/505/484 473/494/473
f 484/505/484 474/495/474 485/506/485
f 475/496/475 485/506/485 474/495/474
f 485/506/485 475/496/475 486/507/486
f 477/498/477 487/508/487 476/497/476
f 487/508/487 477/498/477 488/509/488
f 478/499/478 488/509/488 477/498/477
f 488/509/488 478/499/478 489/510/489
f 479/500/479 489/510/489 478/499/478
f 489/510/489 479/500/479 490/511/490
f 480/501/480 490/511/490 479/500/479
f 490/511/490 480/501/480 491/512/491
f 481/502/481 491/512/491 480/501/480
f 491/512/491 481/502/481 492/513/492
f 482/503/482 492/513/492 481/502/481
f 492/513/492 482/503/482 493/514/493
f 483/504/483 493/514/493 482/503/482
f 493/514/493 483/504/483 494/515/494
f 484/505/484 494/515/494 483/504/483
f 494/515/494 484/505/484 495/516/495
f 485/506/485 495/516/495 484/505/484
f 495/516/495 485/506/485 496/517/496
f 486/507/486 496/517/496 485/506/485
f 496/517/496 486/507/486 497/518/497
f 488/509/488 498/519/498 487/508/487
f 498/519/498 488/509/488 499/520/499
f 489/510/489 499/520/499 488/509/488
f 499/520/499 489/510/489 500/521/500
f 490/511/490 500/521/500 489/510/489
f 500/521/500 490/511/490 501/522/501
f 491/512/491 501/522/501 490/511/490
f 501/522/501 491/512/491 502/523/502
f 492/513/492 502/523/502 491/512/491
f 502/523/502 492/513/492 503/524/503
f 493/514/493 503/524/503 492/513/492
f 503/524/503 493/514/493 504/525/504
f 494/515/494 504/525/504 493/514/493
f 504/525/504 494/515/494 505/526/505
f 495/516/495 505/526/505 494/515/494
f 505/526/505 495/516/495 506/527/506
f 496/517/496 506/527/506 495/516/495
f 506/527/506 496/517/496 507/528/507
f 497/518/497 507/528/507 496/517/496
f 507/528/507 497/518/497 508/529/508
f 499/520/499 509/530/509 498/519/498
f 509/530/509 499/520/499 510/531/510
f 500/521/500 510/531/510 499/520/499
f 510/531/510 500/521/500 511/532/511
f 501/522/501 511/532/511 500/521/500
f 511/532/511 501/522/501 512/533/512
f 502/523/502 512/533/512 501/522/501
f 512/533/512 502/523/502 513/534/513
f 503/524/503 513/534/513 502/523/502
f 513/534/513 503/524/503 514/535/514
f 504/525/504 514/535/514 503/524/503
f 514/535/514 504/525/504 515/536/515
f 505/526/505 515/536/515 504/525/504
f 515/536/515 505/526/505 516/537/516
f 506/527/506 516/537/516 505/526/505
f 516/537/516 506/527/506 517/538/517
f 507/528/507 517/538/517 506/527/506
f 517/538/517 507/528/507 518/539/518
f 508/529/508 518/539/518 507/528/507
f 518/539/518 508/529/508 519/540/519
f 510/531/510 520/541/520 509/530/509
f 520/541/520 510/531/510 521/542/521
f 511/532/511 521/542/521 510/531/510
f 521/542/521 511/532/511 522/543/522
f 512/533/512 522/543/522 511/532/511
f 522/543/522 512/533/512 523/544/523
f 513/534/513 523/544/523 512/533/512
f 523/544/523 513/534/513 524/545/524
f 514/535/514 524/545/524 513/534/513
f 524/545/524 514/535/514 525/546/525
f 515/536/515 525/546/525 514/535/514
f 525/546/525 515/536/515 526/547/526
f 516/537/516 526/547/526 515/536/515
f 526/547/526 516/537/516 527/548/527
f 517/538/517 527/548/527 516/537/516
f 527/548/527 517/538/517 528/549/528
f 518/539/518 528/549/528 517/538/517
f 528/549/528 518/539/518 529/550/529
f 519/540/519 529/550/529 518/539/518
f 529/550/529 519/540/519 530/551/530
f 521/542/521 531/552/531 520/541/520
f 531/552/531 521/542/521 532/553/532
f 522/543/522 532/553/532 521/542/521
f 532/553/532 522/543/522 533/554/533
f 523/544/523 533/554/533 522/543/522
f 533/554/533 523/544/523 534/555/534
f 524/545/524 534/555/534 523/544/523
f 534/555/534 524/545/524 535/556/535
f 525/546/525 535/556/535 524/545/524
f 535/556/535 525/546/525 536/557/536
f 526/547/526 536/557/536 525/546/525
f 536/557/536 526/547/526 537/558/537
f 527/548/527 537/558/537 526/547/526
f 537/558/537 527/548/527 538/559/538
f 528/549/528 538/559/538 527/548/527
f 538/559/538 528/549/528 539/560/539
f 529/550/529 539/560/539 528/549/528
f 539/560/539 529/550/529 540/561/540
f 530/551/530 540/561/540 529/550/529
f 540/561/540 530/551/530 541/562/541
f 432/573/432 542/564/542 421/563/421
f 542/564/542 432/573/432 551/574/551
f 551/574/551 543/565/543 542/564/542
f 543/565/543 551/574/551 552/575/552
f 552/575/552 544/566/544 543/565/543
f 544/566/544 552/575/552 553/576/553
f 553/576/553 545/567/545 544/566/544
f 545/567/545 553/576/553 554/577/554
f 554/577/554 546/568/546 545/567/545
f 546/568/546 554/577/554 555/578/555
f 555/578/555 547/569/547 546/568/546
f 547/569/547 555/578/555 556/579/556
f 556/579/556 548/570/548 547/569/547
f 548/570/548 556/579/556 557/580/557
f 557/580/557 549/571/549 548/570/548
f 549/571/549 557/580/557 558/581/558
f 558/581/558 550/572/550 549/571/549
f 550/572/550 558/581/558 559/582/559
f 559/582/559 431/452/431 550/572/550
f 431/452/431 559/582/559 442/463/442
f 443/583/443 551/574/551 432/573/432
f 551/574/551 443/583/443 560/584/560
f 560/584/560 552/575/552 551/574/551
f 552/575/552 560/584/560 561/585/561
f 561/585/561 553/576/553 552/575/552
f 553/576/553 561/585/561 562/586/562
f 562/586/562 554/577/554 553/576/553
f 554/577/554 562/586/562 563/587/563
f 563/587/563 555/578/555 554/577/554
f 555/578/555 563/587/563 564/588/564
f 564/588/564 556/579/556 555/578/555
f 556/579/556 564/588/564 565/589/565
f 565/589/565 557/580/557 556/579/556
f 557/580/557 565/589/565 566/590/566
f 566/590/566 558/581/558 557/580/557
f 558/581/558 566/590/566 567/591/567
f 567/591/567 559/582/559 558/581/558
f 559/582/559 567/591/567 568/592/568
f 568/592/568 442/463/442 559/582/559
f 442/463/442 568/592/568 453/474/453
f 454/593/454 560/584/560 443/583/443
f 560/584/560 454/593/454 569/594/569
f 569/594/569 561/585/561 560/584/560
f 561/585/561 569/594/569 570/595/570
f 570/595/570 562/586/562 561/585/561
f 562/586/562 570/595/570 571/596/571
f 571/596/571 563/587/563 562/586/562
f 563/587/563 571/596/571 572/597/572
f 572/597/572 564/588/564 563/587/563
f 564/588/564 572/597/572 573/598/573
f 573/598/573 565/589/565 564/588/564
f 565/589/565 573/598/573 574/599/574
f 574/599/574 566/590/566 565/589/565
f 566/590/566 574/599/574 575/600/575
f 575/600/575 567/591/567 566/590/566
f 567/591/567 575/600/575 576/601/576
f 576/601/576 568/592/568 567/591/567
f 568/592/568 576/601/576 577/602/577
f 577/602/577 453/474/453 568/592/568
f 453/474/453 577/602/577 464/485/464
f 465/603/465 569/594/569 454/593/454
f 569/594/569 465/603/465 578/604/578
f 578/604/578 570/595/570 569/594/569
f 570/595/570 578/604/578 579/605/579
f 579/605/579 571/596/571 570/595/570
f 571/596/571 579/605/579 580/606/580
f 580/606/580 572/597/572 571/596/571
f 572/597/572 580/606/580 581/607/581
f 581/607/581 573/598/573 572/597/572
f 573/598/573 581/607/581 582/608/582
f 582/608/582 574/599/574 573/598/573
f 574/599/574 582/608/582 583/609/583
f 583/609/583 575/600/575 574/599/574
f 575/600/575 583/609/583 584/610/584
f 584/610/584 576/601/576 575/600/575
f 576/601/576 584/610/584 585/611/585
f 585/611/585 577/602/577 576/601/576
f 577/602/577 585/611/585 586/612/586
f 586/612/586 464/485/464 577/602/577
f 464/485/464 586/612/586 475/496/475
f 476/613/476 578/604/578 465/603/465
f 578/604/578 476/613/476 587/614/587
f 587/614/587 579/605/579 578/604/578
f 579/605/579 587/614/587 588/615/588
f 588/615/588 580/606/580 579/605/579
f 580/606/580 588/615/588 589/616/589
f 589/616/589 581/607/581 580/606/580
f 581/607/581 589/616/589 590/617/590
f 590/617/590 582/608/582 581/607/581
f 582/608/582 590/617/590 591/618/591
f 591/618/591 583/609/583 582/608/582
f 583/609/583 591/618/591 592/619/592
f 592/619/592 584/610/584 583/609/583
f 584/610/584 592/619/592 593/620/593
f 593/620/593 585/611/585 584/610/584
f 585/611/585 593/620/593 594/621/594
f 594/621/594 586/612/586 585/611/585
f 586/612/586 594/621/594 595/622/595
f 595/622/595 475/496/475 586/612/586
f 475/496/475 595/622/595 486/507/486
f 487/623/487 587/614/587 476/613/476
f 587/614/587 487/623/487 596/624/596
f 596/624/596 588/615/588 587/614/587
f 588/615/588 596/624/596 597/625/597
f 597/625/597 589/616/589 588/615/588
f 589/616/589 597/625/597 598/626/598
f 598/626/598 590/617/590 589/616/589
f 590/617/590 598/626/598 599/627/599
f 599/627/599 591/618/591 590/617/590
f 591/618/591 599/627/599 600/628/600
f 600/628/600 592/619/592 591/618/591
f 592/619/592 600/628/600 601/629/601
f 601/629/601 593/620/593 592/619/592
f 593/620/593 601/629/601 602/630/602
f 602/630/602 594/621/594 593/620/593
f 594/621/594 602/630/602 603/631/603
f 603/631/603 595/622/595 594/621/594
f 595/622/595 603/631/603 604/632/604
f 604/632/604 486/507/486 595/622/595
f 486/507/486 604/632/604 497/518/497
f 498/633/498 596/624/596 487/623/487
f 596/624/596 498/633/498 605/634/605
f 605/634/605 597/625/597 596/624/596
f 597/625/597 605/634/605 606/635/606
f 606/635/606 598/626/598 597/625/597
f 598/626/598 606/635/606 607/636/607
f 607/636/607 599/627/599 598/626/598
f 599/627/599 607/636/607 608/637/608
f 608/637/608 600/628/600 599/627/599
f 600/628/600 608/637/608 609/638/609
f 609/638/609 601/629/601 600/628/600
f 601/629/601 609/638/609 610/639/610
f 610/639/610 602/630/602 601/629/601
f 602/630/602 610/639/610 611/640/611
f 611/640/611 603/631/603 602/630/602
f 603/631/603 611/640/611 612/641/612
f 612/641/612 604/632/604 603/631/603
f 604/632/604 612/641/612 613/642/613
f 613/642/613 497/518/497 604/632/604
f 497/518/497 613/642/613 508/529/508
f 509/643/509 605/634/605 498/633/498
f 605/634/605 509/643/509 614/644/614
f 614/644/614 606/635/606 605/634/605
f 606/635/606 614/644/614 615/645/615
f 615/645/615 607/636/607 606/635/606
f 607/636/607 615/645/615 616/646/616
f 616/646/616 608/637/608 607/636/607
f 608/637/608 616/646/616 617/647/617
f 617/647/617 609/638/609 608/637/608
f 609/638/609 617/647/617 618/648/618
f 618/648/618 610/639/610 609/638/609
f 610/639/610 618/648/618 619/649/619
f 619/649/619 611/640/611 610/639/610
f 611/640/611 619/649/619 620/650/620
f 620/650/620 612/641/612 611/640/611
f 612/641/612 620/650/620 621/651/621
f 621/651/621 613/642/613 612/641/612
f 613/642/613 621/651/621 622/652/622
f 622/652/622 508/529/508 613/642/613
f 508/529/508 622/652/622 519/540/519
f 520/653/520 614/644/614 509/643/509
f 614/644/614 520/653/520 623/654/623
f 623/654/623 615/645/615 614/644/614
f 615/645/615 623/654/623 624/655/624
f 624/655/624 616/646/616 615/645/615
f 616/646/616 624/655/624 625/656/625
f 625/656/625 617/647/617 616/646/616
f 617/647/617 625/656/625 626/657/626
f 626/657/626 618/648/618 617/647/617
f 618/648/618 626/657/626 627/658/627
f 627/658/627 619/649/619 618/648/618
f 619/649/619 627/658/627 628/659/628
f 628/659/628 620/650/620 619/649/619
f 620/650/620 628/659/628 629/660/629
f 629/660/629 621/651/621 620/650/620
f 621/651/621 629/660/629 630/661/630
f 630/661/630 622/652/622 621/651/621
f 622/652/622 630/661/630 631/662/631
f 631/662/631 519/540/519 622/652/622
f 519/540/519 631/662/631 530/551/530
f 531/663/531 623/654/623 520/653/520
f 623/654/623 531/663/531 632/664/632
f 632/664/632 624/655/624 623/654/623
f 624/655/624 632/664/632 633/665/633
f 633/665/633 625/656/625 624/655/624
f 625/656/625 633/665/633 634/666/634
f 634/666/634 626/657/626 625/656/625
f 626/657/626 634/666/634 635/667/635
f 635/667/635 627/658/627 626/657/626
f 627/658/627 635/667/635 636/668/636
f 636/668/636 628/659/628 627/658/627
f 628/659/628 636/668/636 637/669/637
f 637/669/637 629/660/629 628/659/628
f 629/660/629 637/669/637 638/670/638
f 638/670/638 630/661/630 629/660/629
f 630/661/630 638/670/638 639/671/639
f 639/671/639 631/662/631 630/661/630
f 631/662/631 639/671/639 640/672/640
f 640/672/640 530/551/530 631/662/631
f 530/551/530 640/672/640 541/562/541
f 532/553/532 641/673/641 531/552/531
f 641/673/641 532/553/532 642/674/642
f 533/554/533 642/674/642 532/553/532
f 642/674/642 533/554/533 643/675/643
f 534/555/534 643/675/643 533/554/533
f 643/675/643 534/555/534 644/676/644
f 535/556/535 644/676/644 534/555/534
f 644/676/644 535/556/535 645/677/645
f 536/557/536 645/677/645 535/556/535
f 645/677/645 536/557/536 646/678/646
f 537/558/537 646/678/646 536/557/536
f 646/678/646 537/558/537 647/679/647
f 538/559/538 647/679/647 537/558/537
f 647/679/647 538/559/538 648/680/648
f 539/560/539 648/680/648 538/559/538
f 648/680/648 539/560/539 649/681/649
f 540/561/540 649/681/649 539/560/539
f 649/681/649 540/561/540 650/682/650
f 541/562/541 650/682/650 540/561/540
f 650/682/650 541/562/541 651/683/651
f 642/674/642 652/684/652 641/673/641
f 652/684/652 642/674/642 653/685/653
f 643/675/643 653/685/653 642/674/642
f 653/685/653 643/675/643 654/686/654
f 644/676/644 654/686/654 643/675/643
f 654/686/654 644/676/644 655/687/655
f 645/677/645 655/687/655 644/676/644
f 655/687/655 645/677/645 656/688/656
f 646/678/646 656/688/656 645/677/645
f 656/688/656 646/678/646 657/689/657
f 647/679/647 657/689/657 646/678/646
f 657/689/657 647/679/647 658/690/658
f 648/680/648 658/690/658 647/679/647
f 658/690/658 648/680/648 659/691/659
f 649/681/649 659/691/659 648/680/648
f 659/691/659 649/681/649 660/692/660
f 650/682/650 660/692/660 649/681/649
f 660/692/660 650/682/650 661/693/661
f 651/683/651 661/693/661 650/682/650
f 661/693/661 651/683/651 662/694/662
f 653/685/653 663/695/663 652/684/652
f 663/695/663 653/685/653 664/696/664
f 654/686/654 664/696/664 653/685/653
f 664/696/664 654/686/654 665/697/665
f 655/687/655 665/697/665 654/686/654
f 665/697/665 655/687/655 666/698/666
f 656/688/656 666/698/666 655/687/655
f 666/698/666 656/688/656 667/699/667
f 657/689/657 667/699/667 656/688/656
f 667/699/667 657/689/657 668/700/668
f 658/690/658 668/700/668 657/689/657
f 668/700/668 658/690/658 669/701/669
f 659/691/659 669/701/669 658/690/658
f 669/701/669 659/691/659 670/702/670
f 660/692/660 670/702/670 659/691/659
f 670/702/670 660/692/660 671/703/671
f 661/693/661 671/703/671 660/692/660
f 671/703/671 661/693/661 672/704/672
f 662/694/662 672/704/672 661/693/661
f 672/704/672 662/694/662 673/705/673
f 664/696/664 674/706/674 663/695/663
f 674/706/674 664/696/664 675/707/675
f 665/697/665 675/707/675 664/696/664
f 675/707/675 665/697/665 676/708/676
f 666/698/666 676/708/676 665/697/665
f 676/708/676 666/698/666 677/709/677
f 667/699/667 677/709/677 666/698/666
f 677/709/677 667/699/667 678/710/678
f 668/700/668 678/710/678 667/699/667
f 678/710/678 668/700/668 679/711/679
f 669/701/669 679/711/679 668/700/668
f 679/711/679 669/701/669 680/712/680
f 670/702/670 680/712/680 669/701/669
f 680/712/680 670/702/670 681/713/681
f 671/703/671 681/713/681 670/702/670
f 681/713/681 671/703/671 682/714/682
f 672/704/672 682/714/682 671/703/671
f 682/714/682 672/704/672 683/715/683
f 673/705/673 683/715/683 672/704/672
f 683/715/683 673/705/673 684/716/684
f 675/707/675 685/717/685 674/706/674
f 685/717/685 675/707/675 686/718/686
f 676/708/676 686/718/686 675/707/675
f 686/718/686 676/708/676 687/719/687
f 677/709/677 687/719/687 676/708/676
f 687/719/687 677/709/677 688/720/688
f 678/710/678 688/720/688 677/709/677
f 688/720/688 678/710/678 689/721/689
f 679/711/679 689/721/689 678/710/678
f 689/721/689 679/711/679 690/722/690
f 680/712/680 690/722/690 679/711/679
f 690/722/690 680/712/680 691/723/691
f 681/713/681 691/723/691 680/712/680
f 691/723/691 681/713/681 692/724/692
f 682/714/682 692/724/692 681/713/681
f 692/724/692 682/714/682 693/725/693
f 683/715/683 693/725/693 682/714/682
f 693/725/693 683/715/683 694/726/694
f 684/716/684 694/726/694 683/715/683
f 694/726/694 684/716/684 695/727/695
f 686/718/686 696/728/696 685/717/685
f 696/728/696 686/718/686 697/729/697
f 687/719/687 697/729/697 686/718/686
f 697/729/697 687/719/687 698/730/698
f 688/720/688 698/730/698 687/719/687
f 698/730/698 688/720/688 699/731/699
f 689/721/689 699/731/699 688/720/688
f 699/731/699 689/721/689 700/732/700
f 690/722/690 700/732/700 689/721/689
f 700/732/700 690/722/690 701/733/701
f 691/723/691 701/733/701 690/722/690
f 701/733/701 691/723/691 702/734/702
f 692/724/692 702/734/702 691/723/691
f 702/734/702 692/724/692 703/735/703
f 693/725/693 703/735/703 692/724/692
f 703/735/703 693/725/693 704/736/704
f 694/726/694 704/736/704 693/725/693
f 704/736/704 694/726/694 705/737/705
f 695/727/695 705/737/705 694/726/694
f 705/737/705 695/727/695 706/738/706
f 697/729/697 707/739/707 696/728/696
f 707/739/707 697/729/697 708/740/708
f 698/730/698 708/740/708 697/729/697
f 708/740/708 698/730/698 709/741/709
f 699/731/699 709/741/709 698/730/698
f 709/741/709 699/731/699 710/742/710
f 700/732/700 710/742/710 699/731/699
f 710/742/710 700/732/700 711/743/711
f 701/733/701 711/743/711 700/732/700
f 711/743/711 701/733/701 712/744/712
f 702/734/702 712/744/712 701/733/701
f 712/744/712 702/734/702 713/745/713
f 703/735/703 713/745/713 702/734/702
f 713/745/713 703/735/703 714/746/714
f 704/736/704 714/746/714 703/735/703
f 714/746/714 704/736/704 715/747/715
f 705/737/705 715/747/715 704/736/704
f 715/747/715 705/737/705 716/748/716
f 706/738/706 716/748/716 705/737/705
f 716/748/716 706/738/706 717/749/717
f 708/740/708 718/750/718 707/739/707
f 718/750/718 708/740/708 719/751/719
f 709/741/709 719/751/719 708/740/708
f 719/751/719 709/741/709 720/752/720
f 710/742/710 720/752/720 709/741/709
f 720/752/720 710/742/710 721/753/721
f 711/743/711 721/753/721 710/742/710
f 721/753/721 711/743/711 722/754/722
f 712/744/712 722/754/722 711/743/711
f 722/754/722 712/744/712 723/755/723
f 713/745/713 723/755/723 712/744/712
f 723/755/723 713/745/713 724/756/724
f 714/746/714 724/756/724 713/745/713
f 724/756/724 714/746/714 725/757/725
f 715/747/715 725/757/725 714/746/714
f 725/757/725 715/747/715 726/758/726
f 716/748/716 726/758/726 715/747/715
f 726/758/726 716/748/716 727/759/727
f 717/749/717 727/759/727 716/748/716
f 727/759/727 717/749/717 728/760/728
f 719/751/719 729/761/729 718/750/718
f 729/761/729 719/751/719 730/762/730
f 720/752/720 730/762/730 719/751/719
f 730/762/730 720/752/720 731/763/731
f 721/753/721 731/763/731 720/752/720
f 731/763/731 721/753/721 732/764/732
f 722/754/722 732/764/732 721/753/721
f 732/764/732 722/754/722 733/765/733
f 723/755/723 733/765/733 722/754/722
f 733/765/733 723/755/723 734/766/734
f 724/756/724 734/766/734 723/755/723
f 734/766/734 724/756/724 735/767/735
f 725/757/725 735/767/735 724/756/724
f 735/767/735 725/757/725 736/768/736
f 726/758/726 736/768/736 725/757/725
f 736/768/736 726/758/726 737/769/737
f 727/759/727 737/769/737 726/758/726
f 737/769/737 727/759/727 738/770/738
f 728/760/728 738/770/738 727/759/727
f 738/770/738 728/760/728 739/771/739
f 730/762/730 740/772/740 729/761/729
f 740/772/740 730/762/730 741/773/741
f 731/763/731 741/773/741 730/762/730
f 741/773/741 731/763/731 742/774/742
f 732/764/732 742/774/742 731/763/731
f 742/774/742 732/764/732 743/775/743
f 733/765/733 743/775/743 732/764/732
f 743/775/743 733/765/733 744/776/744
f 734/766/734 744/776/744 733/765/733
f 744/776/744 734/766/734 745/777/745
f 735/767/735 745/777/745 734/766/734
f 745/777/745 735/767/735 746/778/746
f 736/768/736 746/778/746 735/767/735
f 746/778/746 736/768/736 747/779/747
f 737/769/737 747/779/747 736/768/736
f 747/779/747 737/769/737 748/780/748
f 738/770/738 748/780/748 737/769/737
f 748/780/748 738/770/738 749/781/749
f 739/771/739 749/781/749 738/770/738
f 749/781/749 739/771/739 750/782/750
f 641/783/641 632/664/632 531/663/531
f 632/664/632 641/783/641 751/784/751
f 751/784/751 633/665/633 632/664/632
f 633/665/633 751/784/751 752/785/752
f 752/785/752 634/666/634 633/665/633
f 634/666/634 752/785/752 753/786/753
f 753/786/753 635/667/635 634/666/634
f 635/667/635 753/786/753 754/787/754
f 754/787/754 636/668/636 635/667/635
f 636/668/636 754/787/754 755/788/755
f 755/788/755 637/669/637 636/668/636
f 637/669/637 755/788/755 756/789/756
f 756/789/756 638/670/638 637/669/637
f 638/670/638 756/789/756 757/790/757
f 757/790/757 639/671/639 638/670/638
f 639/671/639 757/790/757 758/791/758
f 758/791/758 640/672/640 639/671/639
f 640/672/640 758/791/758 759/792/759
f 759/792/759 541/562/541 640/672/640
f 541/562/541 759/792/759 651/683/651
f 652/793/652 751/784/751 641/783/641
f 751/784/751 652/793/652 760/794/760
f 760/794/760 752/785/752 751/784/751
f 752/785/752 760/794/760 761/795/761
f 761/795/761 753/786/753 752/785/752
f 753/786/753 761/795/761 762/796/762
f 762/796/762 754/787/754 753/786/753
f 754/787/754 762/796/762 763/797/763
f 763/797/763 755/788/755 754/787/754
f 755/788/755 763/797/763 764/798/764
f 764/798/764 756/789/756 755/788/755
f 756/789/756 764/798/764 765/799/765
f 765/799/765 757/790/757 756/789/756
f 757/790/757 765/799/765 766/800/766
f 766/800/766 758/791/758 757/790/757
f 758/791/758 766/800/766 767/801/767
f 767/801/767 759/792/759 758/791/758
f 759/792/759 767/801/767 768/802/768
f 768/802/768 651/683/651 759/792/759
f 651/683/651 768/802/768 662/694/662
f 663/803/663 760/794/760 652/793/652
f 760/794/760 663/803/663 769/804/769
f 769/804/769 761/795/761 760/794/760
f 761/795/761 769/804/769 770/805/770
f 770/805/770 762/796/762 761/795/761
f 762/796/762 770/805/770 771/806/771
f 771/806/771 763/797/763 762/796/762
f 763/797/763 771/806/771 772/807/772
f 772/807/772 764/798/764 763/797/763
f 764/798/764 772/807/772 773/808/773
f 773/808/773 765/799/765 764/798/764
f 765/799/765 773/808/773 774/809/774
f 774/809/774 766/800/766 765/799/765
f 766/800/766 774/809/774 775/810/775
f 775/810/775 767/801/767 766/800/766
f 767/801/767 775/810/775 776/811/776
f 776/811/776 768/802/768 767/801/767
f 768/802/768 776/811/776 777/812/777
f 777/812/777 662/694/662 768/802/768
f 662/694/662 777/812/777 673/705/673
f 674/813/674 769/804/769 663/803/663
f 769/804/769 674/813/674 778/814/778
f 778/814/778 770/805/770 769/804/769
f 770/805/770 778/814/778 779/815/779
f 779/815/779 771/806/771 770/805/770
f 771/806/771 779/815/779 780/816/780
f 780/816/780 772/807/772 771/806/771
f 772/807/772 780/816/780 781/817/781
f 781/817/781 773/808/773 772/807/772
f 773/808/773 781/817/781 782/818/782
f 782/818/782 774/809/774 773/808/773
f 774/809/774 782/818/782 783/819/783
f 783/819/783 775/810/775 774/809/774
f 775/810/775 783/819/783 784/820/784
f 784/820/784 776/811/776 775/810/775
f 776/811/776 784/820/784 785/821/785
f 785/821/785 777/812/777 776/811/776
f 777/812/777 785/821/785 786/822/786
f 786/822/786 673/705/673 777/812/777
f 673/705/673 786/822/786 684/716/684
f 685/823/685 778/814/778 674/813/674
f 778/814/778 685/823/685 787/824/787
f 787/824/787 779/815/779 778/814/778
f 779/815/779 787/824/787 788/825/788
f 788/825/788 780/816/780 779/815/779
f 780/816/780 788/825/788 789/826/789
f 789/826/789 781/817/781 780/816/780
f 781/817/781 789/826/789 790/827/790
f 790/827/790 782/818/782 781/817/781
f 782/818/782 790/827/790 791/828/791
f 791/828/791 783/819/783 782/818/782
f 783/819/783 791/828/791 792/829/792
f 792/829/792 784/820/784 783/819/783
f 784/820/784 792/829/792 793/830/793
f 793/830/793 785/821/785 784/820/784
f 785/821/785 793/830/793 794/831/794
f 794/831/794 786/822/786 785/821/785
f 786/822/786 794/831/794 795/832/795
f 795/832/795 684/716/684 786/822/786
f 684/716/684 795/832/795 695/727/695
f 696/833/696 787/824/787 685/823/685
f 787/824/787 696/833/696 796/834/796
f 796/834/796 788/825/788 787/824/787
f 788/825/788 796/834/796 797/835/797
f 797/835/797 789/826/789 788/825/788
f 789/826/789 797/835/797 798/836/798
f 798/836/798 790/827/790 789/826/789
f 790/827/790 798/836/798 799/837/799
f 799/837/799 791/828/791 790/827/790
f 791/828/791 799/837/799 800/838/800
f 800/838/800 792/829/792 791/828/791
f 792/829/792 800/838/800 801/839/801
f 801/839/801 793/830/793 792/829/792
f 793/830/793 801/839/801 802/840/802
f 802/840/802 794/831/794 793/830/793
f 794/831/794 802/840/802 803/841/803
f 803/841/803 795/832/795 794/831/794
f 795/832/795 803/841/803 804/842/804
f 804/842/804 695/727/695 795/832/795
f 695/727/695 804/842/804 706/738/706
f 707/843/707 796/834/796 696/833/696
f 796/834/796 707/843/707 805/844/805
f 805/844/805 797/835/797 796/834/796
f 797/835/797 805/844/805 806/845/806
f 806/845/806 798/836/798 797/835/797
f 798/836/798 806/845/806 807/846/807
f 807/846/807 799/837/799 798/836/798
f 799/837/799 807/846/807 808/847/808
f 808/847/808 800/838/800 799/837/799
f 800/838/800 808/847/808 809/848/809
f 809/848/809 801/839/801 800/838/800
f 801/839/801 809/848/809 810/849/810
f 810/849/810 802/840/802 801/839/801
f 802/840/802 810/849/810 811/850/811
f 811/850/811 803/841/803 802/840/802
f 803/841/803 811/850/811 812/851/812
f 812/851/812 804/842/804 803/841/803
f 804/842/804 812/851/812 813/852/813
f 813/852/813 706/738/706 804/842/804
f 706/738/706 813/852/813 717/749/717
f 718/853/718 805/844/805 707/843/707
f 805/844/805 718/853/718 814/854/814
f 814/854/814 806/845/806 805/844/805
f 806/845/806 814/854/814 815/855/815
f 815/855/815 807/846/807 806/845/806
f 807/846/807 815/855/815 816/856/816
f 816/856/816 808/847/808 807/846/807
f 808/847/808 816/856/816 817/857/817
f 817/857/817 809/848/809 808/847/808
f 809/848/809 817/857/817 818/858/818
f 818/858/818 810/849/810 809/848/809
f 810/849/810 818/858/818 819/859/819
f 819/859/819 811/850/811 810/849/810
f 811/850/811 819/859/819 820/860/820
f 820/860/820 812/851/812 811/850/811
f 812/851/812 820/860/820 821/861/821
f 821/861/821 813/852/813 812/851/812
f 813/852/813 821/861/821 822/862/822
f 822/862/822 717/749/717 813/852/813
f 717/749/717 822/862/822 728/760/728
f 729/863/729 814/854/814 718/853/718
f 814/854/814 729/863/729 823/864/823
f 823/864/823 815/855/815 814/854/814
f 815/855/815 823/864/823 824/865/824
f 824/865/824 816/856/816 815/855/815
f 816/856/816 824/865/824 825/866/825
f 825/866/825 817/857/817 816/856/816
f 817/857/817 825/866/825 826/867/826
f 826/867/826 818/858/818 817/857/817
f 818/858/818 826/867/826 827/868/827
f 827/868/827 819/859/819 818/858/818
f 819/859/819 827/868/827 828/869/828
f 828/869/828 820/860/820 819/859/819
f 820/860/820 828/869/828 829/870/829
f 829/870/829 821/861/821 820/860/820
f 821/861/821 829/870/829 830/871/830
f 830/871/830 822/862/822 821/861/821
f 822/862/822 830/871/830 831/872/831
f 831/872/831 728/760/728 822/862/822
f 728/760/728 831/872/831 739/771/739
f 740/873/740 823/864/823 729/863/729
f 823/864/823 740/873/740 832/874/832
f 832/874/832 824/865/824 823/864/823
f 824/865/824 832/874/832 833/875/833
f 833/875/833 825/866/825 824/865/824
f 825/866/825 833/875/833 834/876/834
f 834/876/834 826/867/826 825/866/825
f 826/867/826 834/876/834 835/877/835
f 835/877/835 827/868/827 826/867/826
f 827/868/827 835/877/835 836/878/836
f 836/878/836 828/869/828 827/868/827
f 828/869/828 836/878/836 837/879/837
f 837/879/837 829/870/829 828/869/828
f 829/870/829 837/879/837 838/880/838
f 838/880/838 830/871/830 829/870/829
f 830/871/830 838/880/838 839/881/839
f 839/881/839 831/872/831 830/871/830
f 831/872/831 839/881/839 840/882/840
f 840/882/840 739/771/739 831/872/831
f 739/771/739 840/882/840 750/782/750
f 841/883/841 843/885/843 842/884/842
f 841/883/841 844/886/844 843/885/843
f 841/883/841 845/887/845 844/886/844
f 841/883/841 846/888/846 845/887/845
f 841/883/841 847/889/847 846/888/846
f 841/883/841 848/890/848 847/889/847
f 841/883/841 849/891/849 848/890/848
f 841/883/841 850/892/850 849/891/849
f 841/883/841 851/893/851 850/892/850
f 841/883/841 852/894/852 851/893/851
f 843/885/843 853/895/853 842/884/842
f 853/895/853 843/885/843 854/896/854
f 844/886/844 854/896/854 843/885/843
f 854/896/854 844/886/844 855/897/855
f 845/887/845 855/897/855 844/886/844
f 855/897/855 845/887/845 856/898/856
f 846/888/846 856/898/856 845/887/845
f 856/898/856 846/888/846 857/899/857
f 847/889/847 857/899/857 846/888/846
f 857/899/857 847/889/847 858/900/858
f 848/890/848 858/900/858 847/889/847
f 858/900/858 848/890/848 859/901/859
f 849/891/849 859/901/859 848/890/848
f 859/901/859 849/891/849 860/902/860
f 850/892/850 860/902/860 849/891/849
f 860/902/860 850/892/850 861/903/861
f 851/893/851 861/903/861 850/892/850
f 861/903/861 851/893/851 862/904/862
f 852/894/852 862/904/862 851/893/851
f 862/904/862 852/894/852 863/905/863
f 854/896/854 864/906/864 853/895/853
f 864/906/864 854/896/854 865/907/865
f 855/897/855 865/907/865 854/896/854
f 865/907/865 855/897/855 866/908/866
f 856/898/856 866/908/866 855/897/855
f 866/908/866 856/898/856 867/909/867
f 857/899/857 867/909/867 856/898/856
f 867/909/867 857/899/857 868/910/868
f 858/900/858 868/910/868 857/899/857
f 868/910/868 858/900/858 869/911/869
f 859/901/859 869/911/869 858/900/858
f 869/911/869 859/901/859 870/912/870
f 860/902/860 870/912/870 859/901/859
f 870/912/870 860/902/860 871/913/871
f 861/903/861 871/913/871 860/902/860
f 871/913/871 861/903/861 872/914/872
f 862/904/862 872/914/872 861/903/861
f 872/914/872 862/904/862 873/915/873
f 863/905/863 873/915/873 862/904/862
f 873/915/873 863/905/863 874/916/874
f 865/907/865 875/917/875 864/906/864
f 875/917/875 865/907/865 876/918/876
f 866/908/866 876/918/876 865/907/865
f 876/918/876 866/908/866 877/919/877
f 867/909/867 877/919/877 866/908/866
f 877/919/877 867/909/867 878/920/878
f 868/910/868 878/920/878 867/909/867
f 878/920/878 868/910/868 879/921/879
f 869/911/869 879/921/879 868/910/868
f 879/921/879 869/911/869 880/922/880
f 870/912/870 880/922/880 869/911/869
f 880/922/880 870/912/870 881/923/881
f 871/913/871 881/923/881 870/912/870
f 881/923/881 871/913/871 882/924/882
f 872/914/872 882/924/882 871/913/871
f 882/924/882 872/914/872 883/925/883
f 873/915/873 883/925/883 872/914/872
f 883/925/883 873/915/873 884/926/884
f 874/916/874 884/926/884 873/915/873
f 884/926/884 874/916/874 885/927/885
f 876/918/876 886/928/886 875/917/875
f 886/928/886 876/918/876 887/929/887
f 877/919/877 887/929/887 876/918/876
f 887/929/887 877/919/877 888/930/888
f 878/920/878 888/930/888 877/919/877
f 888/930/888 878/920/878 889/931/889
f 879/921/879 889/931/889 878/920/878
f 889/931/889 879/921/879 890/932/890
f 880/922/880 890/932/890 879/921/879
f 890/932/890 880/922/880 891/933/891
f 881/923/881 891/933/891 880/922/880
f 891/933/891 881/923/881 892/934/892
f 882/924/882 892/934/892 881/923/881
f 892/934/892 882/924/882 893/935/893
f 883/925/883 893/935/893 882/924/882
f 893/935/893 883/925/883 894/936/894
f 884/926/884 894/936/894 883/925/883
f 894/936/894 884/926/884 895/937/895
f 885/927/885 895/937/895 884/926/884
f 895/937/895 885/927/885 896/938/896
f 887/929/887 897/939/897 886/928/886
f 897/939/897 887/929/887 898/940/898
f 888/930/888 898/940/898 887/929/887
f 898/940/898 888/930/888 899/941/899
f 889/931/889 899/941/899 888/930/888
f 899/941/899 889/931/889 900/942/900
f 890/932/890 900/942/900 889/931/889
f 900/942/900 890/932/890 901/943/901
f 891/933/891 901/943/901 890/932/890
f 901/943/901 891/933/891 902/944/902
f 892/934/892 902/944/902 891/933/891
f 902/944/902 892/934/892 903/945/903
f 893/935/893 903/945/903 892/934/892
f 903/945/903 893/935/893 904/946/904
f 894/936/894 904/946/904 893/935/893
f 904/946/904 894/936/894 905/947/905
f 895/937/895 905/947/905 894/936/894
f 905/947/905 895/937/895 906/948/906
f 896/938/896 906/948/906 895/937/895
f 906/948/906 896/938/896 907/949/907
f 898/940/898 908/950/908 897/939/897
f 908/950/908 898/940/898 909/951/909
f 899/941/899 909/951/909 898/940/898
f 909/951/909 899/941/899 910/952/910
f 900/942/900 910/952/910 899/941/899
f 910/952/910 900/942/900 911/953/911
f 901/943/901 911/953/911 900/942/900
f 911/953/911 901/943/901 912/954/912
f 902/944/902 912/954/912 901/943/901
f 912/954/912 902/944/902 913/955/913
f 903/945/903 913/955/913 902/944/902
f 913/955/913 903/945/903 914/956/914
f 904/946/904 914/956/914 903/945/903
f 914/956/914 904/946/904 915/957/915
f 905/947/905 915/957/915 904/946/904
f 915/957/915 905/947/905 916/958/916
f 906/948/906 916/958/916 905/947/905
f 916/958/916 906/948/906 917/959/917
f 907/949/907 917/959/917 906/948/906
f 917/959/917 907/949/907 918/960/918
f 909/951/909 919/961/919 908/950/908
f 919/961/919 909/951/909 920/962/920
f 910/952/910 920/962/920 909/951/909
f 920/962/920 910/952/910 921/963/921
f 911/953/911 921/963/921 910/952/910
f 921/963/921 911/953/911 922/964/922
f 912/954/912 922/964/922 911/953/911
f 922/964/922 912/954/912 923/965/923
f 913/955/913 923/965/923 912/954/912
f 923/965/923 913/955/913 924/966/924
f 914/956/914 924/966/924 913/955/913
f 924/966/924 914/956/914 925/967/925
f 915/957/915 925/967/925 914/956/914
f 925/967/925 915/957/915 926/968/926
f 916/958/916 926/968/926 915/957/915
f 926/968/926 916/958/916 927/969/927
f 917/959/917 927/969/927 916/958/916
f 927/969/927 917/959/917 928/970/928
f 918/960/918 928/970/928 917/959/917
f 928/970/928 918/960/918 929/971/929
f 920/962/920 930/972/930 919/961/919
f 930/972/930 920/962/920 931/973/931
f 921/963/921 931/973/931 920/962/920
f 931/973/931 921/963/921 932/974/932
f 922/964/922 932/974/932 921/963/921
f 932/974/932 922/964/922 933/975/933
f 923/965/923 933/975/933 922/964/922
f 933/975/933 923/965/923 934/976/934
f 924/966/924 934/976/934 923/965/923
f 934/976/934 924/966/924 935/977/935
f 925/967/925 935/977/935 924/966/924
f 935/977/935 925/967/925 936/978/936
f 926/968/926 936/978/936 925/967/925
f 936/978/936 926/968/926 937/979/937
f 927/969/927 937/979/937 926/968/926
f 937/979/937 927/969/927 938/980/938
f 928/970/928 938/980/938 927/969/927
f 938/980/938 928/970/928 939/981/939
f 929/971/929 939/981/939 928/970/928
f 939/981/939 929/971/929 940/982/940
f 931/973/931 941/983/941 930/972/930
f 941/983/941 931/973/931 942/984/942
f 932/974/932 942/984/942 931/973/931
f 942/984/942 932/974/932 943/985/943
f 933/975/933 943/985/943 932/974/932
f 943/985/943 933/975/933 944/986/944
f 934/976/934 944/986/944 933/975/933
f 944/986/944 934/976/934 945/987/945
f 935/977/935 945/987/945 934/976/934
f 945/987/945 935/977/935 946/988/946
f 936/978/936 946/988/946 935/977/935
f 946/988/946 936/978/936 947/989/947
f 937/979/937 947/989/947 936/978/936
f 947/989/947 937/979/937 948/990/948
f 938/980/938 948/990/948 937/979/937
f 948/990/948 938/980/938 949/991/949
f 939/981/939 949/991/949 938/980/938
f 949/991/949 939/981/939 950/992/950
f 940/982/940 950/992/950 939/981/939
f 950/992/950 940/982/940 951/993/951
f 841/883/841 952/994/952 852/894/852
f 841/883/841 953/995/953 952/994/952
f 841/883/841 954/996/954 953/995/953
f 841/883/841 955/997/955 954/996/954
f 841/883/841 956/998/956 955/997/955
f 841/883/841 957/999/957 956/998/956
f 841/883/841 958/1000/958 957/999/957
f 841/883/841 959/1001/959 958/1000/958
f 841/883/841 960/1002/960 959/1001/959
f 841/883/841 961/1003/961 960/1002/960
f 952/994/952 863/905/863 852/894/852
f 863/905/863 952/994/952 962/1004/962
f 953/995/953 962/1004/962 952/994/952
f 962/1004/962 953/995/953 963/1005/963
f 954/996/954 963/1005/963 953/995/953
f 963/1005/963 954/996/954 964/1006/964
f 955/997/955 964/1006/964 954/996/954
f 964/1006/964 955/997/955 965/1007/965
f 956/998/956 965/1007/965 955/997/955
f 965/1007/965 956/998/956 966/1008/966
f 957/999/957 966/1008/966 956/998/956
f 966/1008/966 957/999/957 967/1009/967
f 958/1000/958 967/1009/967 957/999/957
f 967/1009/967 958/1000/958 968/1010/968
f 959/1001/959 968/1010/968 958/1000/958
f 968/1010/968 959/1001/959 969/1011/969
f 960/1002/960 969/1011/969 959/1001/959
f 969/1011/969 960/1002/960 970/1012/970
f 961/1003/961 970/1012/970 960/1002/960
f 970/1012/970 961/1003/961 971/1013/971
f 962/1004/962 874/916/874 863/905/863
f 874/916/874 962/1004/962 972/1014/972
f 963/1005/963 972/1014/972 962/1004/962
f 972/1014/972 963/1005/963 973/1015/973
f 964/1006/964 973/1015/973 963/1005/963
f 973/1015/973 964/1006/964 974/1016/974
f 965/1007/965 974/1016/974 964/1006/964
f 974/1016/974 965/1007/965 975/1017/975
f 966/1008/966 975/1017/975 965/1007/965
f 975/1017/975 966/1008/966 976/1018/976
f 967/1009/967 976/1018/976 966/1008/966
f 976/1018/976 967/1009/967 977/1019/977
f 968/1010/968 977/1019/977 967/1009/967
f 977/1019/977 968/1010/968 978/1020/978
f 969/1011/969 978/1020/978 968/1010/968
f 978/1020/978 969/1011/969 979/1021/979
f 970/1012/970 979/1021/979 969/1011/969
f 979/1021/979 970/1012/970 980/1022/980
f 971/1013/971 980/1022/980 970/1012/970
f 980/1022/980 971/1013/971 981/1023/981
f 972/1014/972 885/927/885 874/916/874
f 885/927/885 972/1014/972 982/1024/982
f 973/1015/973 982/1024/982 972/1014/972
f 982/1024/982 973/1015/973 983/1025/983
f 974/1016/974 983/1025/983 973/1015/973
f 983/1025/983 974/1016/974 984/1026/984
f 975/1017/975 984/1026/984 974/1016/974
f 984/1026/984 975/1017/975 985/1027/985
f 976/1018/976 985/1027/985 975/1017/975
f 985/1027/985 976/1018/976 986/1028/986
f 977/1019/977 986/1028/986 976/1018/976
f 986/1028/986 977/1019/977 987/1029/987
f 978/1020/978 987/1029/987 977/1019/977
f 987/1029/987 978/1020/978 988/1030/988
f 979/1021/979 988/1030/988 978/1020/978
f 988/1030/988 979/1021/979 989/1031/989
f 980/1022/980 989/1031/989 979/1021/979
f 989/1031/989 980/1022/980 990/1032/990
f 981/1023/981 990/1032/990 980/1022/980
f 990/1032/990 981/1023/981 991/1033/991
f 982/1024/982 896/938/896 885/927/885
f 896/938/896 982/1024/982 992/1034/992
f 983/1025/983 992/1034/992 982/1024/982
f 992/1034/992 983/1025/983 993/1035/993
f 984/1026/984 993/1035/993 983/1025/983
f 993/1035/993 984/1026/984 994/1036/994
f 985/1027/985 994/1036/994 984/1026/984
f 994/1036/994 985/1027/985 995/1037/995
f 986/1028/986 995/1037/995 985/1027/985
f 995/1037/995 986/1028/986 996/1038/996
f 987/1029/987 996/1038/996 986/1028/986
f 996/1038/996 987/1029/987 997/1039/997
f 988/1030/988 997/1039/997 987/1029/987
f 997/1039/997 988/1030/988 998/1040/998
f 989/1031/989 998/1040/998 988/1030/988
f 998/1040/998 989/1031/989 999/1041/999
f 990/1032/990 999/1041/999 989/1031/989
f 999/1041/999 990/1032/990 1000/1042/1000
f 991/1033/991 1000/1042/1000 990/1032/990
f 1000/1042/1000 991/1033/991 1001/1043/1001
f 992/1034/992 907/949/907 896/938/896
f 907/949/907 992/1034/992 1002/1044/1002
f 993/1035/993 1002/1044/1002 992/1034/992
f 1002/1044/1002 993/1035/993 1003/1045/1003
f 994/1036/994 1003/1045/1003 993/1035/993
f 1003/1045/1003 994/1036/994 1004/1046/1004
f 995/1037/995 1004/1046/1004 994/1036/994
f 1004/1046/1004 995/1037/995 1005/1047/1005
f 996/1038/996 1005/1047/1005 995/1037/995
f 1005/1047/1005 996/1038/996 1006/1048/1006
f 997/1039/997 1006/1048/1006 996/1038/996
f 1006/1048/1006 997/1039/997 1007/1049/1007
f 998/1040/998 1007/1049/1007 997/1039/997
f 1007/1049/1007 998/1040/998 1008/1050/1008
f 999/1041/999 1008/1050/1008 998/1040/998
f 1008/1050/1008 999/1041/999 1009/1051/1009
f 1000/1042/1000 1009/1051/1009 999/1041/999
f 1009/1051/1009 1000/1042/1000 1010/1052/1010
f 1001/1043/1001 1010/1052/1010 1000/1042/1000
f 1010/1052/1010 1001/1043/1001 1011/1053/1011
f 1002/1044/1002 918/960/918 907/949/907
f 918/960/918 1002/1044/1002 1012/1054/1012
f 1003/1045/1003 1012/1054/1012 1002/1044/1002
f 1012/1054/1012 1003/1045/1003 1013/1055/1013
f 1004/1046/1004 1013/1055/1013 1003/1045/1003
f 1013/1055/1013 1004/1046/1004 1014/1056/1014
f 1005/1047/1005 1014/1056/1014 1004/1046/1004
f 1014/1056/1014 1005/1047/1005 1015/1057/1015
f 1006/1048/1006 1015/1057/1015 1005/1047/1005
f 1015/1057/1015 1006/1048/1006 1016/1058/1016
f 1007/1049/1007 1016/1058/1016 1006/1048/1006
f 1016/1058/1016 1007/1049/1007 1017/1059/1017
f 1008/1050/1008 1017/1059/1017 1007/1049/1007
f 1017/1059/1017 1008/1050/1008 1018/1060/1018
f 1009/1051/1009 1018/1060/1018 1008/1050/1008
f 1018/1060/1018 1009/1051/1009 1019/1061/1019
f 1010/1052/1010 1019/1061/1019 1009/1051/1009
f 1019/1061/1019 1010/1052/1010 1020/1062/1020
f 1011/1053/1011 1020/1062/1020 1010/1052/1010
f 1020/1062/1020 1011/1053/1011 1021/1063/1021
f 1012/1054/1012 929/971/929 918/960/918
f 929/971/929 1012/1054/1012 1022/1064/1022
f 1013/1055/1013 1022/1064/1022 1012/1054/1012
f 1022/1064/1022 1013/1055/1013 1023/1065/1023
f 1014/1056/1014 1023/1065/1023 1013/1055/1013
f 1023/1065/1023 1014/1056/1014 1024/1066/1024
f 1015/1057/1015 1024/1066/1024 1014/1056/1014
f 1024/1066/1024 1015/1057/1015 1025/1067/1025
f 1016/1058/1016 1025/1067/1025 1015/1057/1015
f 1025/1067/1025 1016/1058/1016 1026/1068/1026
f 1017/1059/1017 1026/1068/1026 1016/1058/1016
f 1026/1068/1026 1017/1059/1017 1027/1069/1027
f 1018/1060/1018 1027/1069/1027 1017/1059/1017
f 1027/1069/1027 1018/1060/1018 1028/1070/1028
f 1019/1061/1019 1028/1070/1028 1018/1060/1018
f 1028/1070/1028 1019/1061/1019 1029/1071/1029
f 1020/1062/1020 1029/1071/1029 1019/1061/1019
f 1029/1071/1029 1020/1062/1020 1030/1072/1030
f 1021/1063/1021 1030/1072/1030 1020/1062/1020
f 1030/1072/1030 1021/1063/1021 1031/1073/1031
f 1022/1064/1022 940/982/940 929/971/929
f 940/982/940 1022/1064/1022 1032/1074/1032
f 1023/1065/1023 1032/1074/1032 1022/1064/1022
f 1032/1074/1032 1023/1065/1023 1033/1075/1033
f 1024/1066/1024 1033/1075/1033 1023/1065/1023
f 1033/1075/1033 1024/1066/1024 1034/1076/1034
f 1025/1067/1025 1034/1076/1034 1024/1066/1024
f 1034/1076/1034 1025/1067/1025 1035/1077/1035
f 1026/1068/1026 1035/1077/1035 1025/1067/1025
f 1035/1077/1035 1026/1068/1026 1036/1078/1036
f 1027/1069/1027 1036/1078/1036 1026/1068/1026
f 1036/1078/1036 1027/1069/1027 1037/1079/1037
f 1028/1070/1028 1037/1079/1037 1027/1069/1027
f 1037/1079/1037 1028/1070/1028 1038/1080/1038
f 1029/1071/1029 1038/1080/1038 1028/1070/1028
f 1038/1080/1038 1029/1071/1029 1039/1081/1039
f 1030/1072/1030 1039/1081/1039 1029/1071/1029
f 1039/1081/1039 1030/1072/1030 1040/1082/1040
f 1031/1073/1031 1040/1082/1040 1030/1072/1030
f 1040/1082/1040 1031/1073/1031 1041/1083/1041
f 1032/1074/1032 951/993/951 940/982/940
f 951/993/951 1032/1074/1032 1042/1084/1042
f 1033/1075/1033 1042/1084/1042 1032/1074/1032
f 1042/1084/1042 1033/1075/1033 1043/1085/1043
f 1034/1076/1034 1043/1085/1043 1033/1075/1033
f 1043/1085/1043 1034/1076/1034 1044/1086/1044
f 1035/1077/1035 1044/1086/1044 1034/1076/1034
f 1044/1086/1044 1035/1077/1035 1045/1087/1045
f 1036/1078/1036 1045/1087/1045 1035/1077/1035
f 1045/1087/1045 1036/1078/1036 1046/1088/1046
f 1037/1079/1037 1046/1088/1046 1036/1078/1036
f 1046/1088/1046 1037/1079/1037 1047/1089/1047
f 1038/1080/1038 1047/1089/1047 1037/1079/1037
f 1047/1089/1047 1038/1080/1038 1048/1090/1048
f 1039/1081/1039 1048/1090/1048 1038/1080/1038
f 1048/1090/1048 1039/1081/1039 1049/1091/1049
f 1040/1082/1040 1049/1091/1049 1039/1081/1039
f 1049/1091/1049 1040/1082/1040 1050/1092/1050
f 1041/1083/1041 1050/1092/1050 1040/1082/1040
f 1050/1092/1050 1041/1083/1041 1051/1093/1051
f 1052/1094/1052 1053/1095/1053 841/883/841
f 1053/1095/1053 1054/1096/1054 841/883/841
f 1054/1096/1054 1055/1097/1055 841/883/841
f 1055/1097/1055 1056/1098/1056 841/883/841
f 1056/1098/1056 1057/1099/1057 841/883/841
f 1057/1099/1057 1058/1100/1058 841/883/841
f 1058/1100/1058 1059/1101/1059 841/883/841
f 1059/1101/1059 1060/1102/1060 841/883/841
f 1060/1102/1060 1061/1103/1061 841/883/841
f 1061/1103/1061 961/1003/961 841/883/841
f 1062/1104/1062 1053/1095/1053 1052/1094/1052
f 1053/1095/1053 1062/1104/1062 1063/1105/1063
f 1063/1105/1063 1054/1096/1054 1053/1095/1053
f 1054/1096/1054 1063/1105/1063 1064/1106/1064
f 1064/1106/1064 1055/1097/1055 1054/1096/1054
f 1055/1097/1055 1064/1106/1064 1065/1107/1065
f 1065/1107/1065 1056/1098/1056 1055/1097/1055
f 1056/1098/1056 1065/1107/1065 1066/1108/1066
f 1066/1108/1066 1057/1099/1057 1056/1098/1056
f 1057/1099/1057 1066/1108/1066 1067/1109/1067
f 1067/1109/1067 1058/1100/1058 1057/1099/1057
f 1058/1100/1058 1067/1109/1067 1068/1110/1068
f 1068/1110/1068 1059/1101/1059 1058/1100/1058
f 1059/1101/1059 1068/1110/1068 1069/1111/1069
f 1069/1111/1069 1060/1102/1060 1059/1101/1059
f 1060/1102/1060 1069/1111/1069 1070/1112/1070
f 1070/1112/1070 1061/1103/1061 1060/1102/1060
f 1061/1103/1061 1070/1112/1070 1071/1113/1071
f 1071/1113/1071 961/1003/961 1061/1103/1061
f 961/1003/961 1071/1113/1071 971/1013/971
f 1072/1114/1072 1063/1105/1063 1062/1104/1062
f 1063/1105/1063 1072/1114/1072 1073/1115/1073
f 1073/1115/1073 1064/1106/1064 1063/1105/1063
f 1064/1106/1064 1073/1115/1073 1074/1116/1074
f 1074/1116/1074 1065/1107/1065 1064/1106/1064
f 1065/1107/1065 1074/1116/1074 1075/1117/1075
f 1075/1117/1075 1066/1108/1066 1065/1107/1065
f 1066/1108/1066 1075/1117/1075 1076/1118/1076
f 1076/1118/1076 1067/1109/1067 1066/1108/1066
f 1067/1109/1067 1076/1118/1076 1077/1119/1077
f 1077/1119/1077 1068/1110/1068 1067/1109/1067
f 1068/1110/1068 1077/1119/1077 1078/1120/1078
f 1078/1120/1078 1069/1111/1069 1068/1110/1068
f 1069/1111/1069 1078/1120/1078 1079/1121/1079
f 1079/1121/1079 1070/1112/1070 1069/1111/1069
f 1070/1112/1070 1079/1121/1079 1080/1122/1080
f 1080/1122/1080 1071/1113/1071 1070/1112/1070
f 1071/1113/1071 1080/1122/1080 1081/1123/1081
f 1081/1123/1081 971/1013/971 1071/1113/1071
f 971/1013/971 1081/1123/1081 981/1023/981
f 1082/1124/1082 1073/1115/1073 1072/1114/1072
f 1073/1115/1073 1082/1124/1082 1083/1125/1083
f 1083/1125/1083 1074/1116/1074 1073/1115/1073
f 1074/1116/1074 1083/1125/1083 1084/1126/1084
f 1084/1126/1084 1075/1117/1075 1074/1116/1074
f 1075/1117/1075 1084/1126/1084 1085/1127/1085
f 1085/1127/1085 1076/1118/1076 1075/1117/1075
f 1076/1118/1076 1085/1127/1085 1086/1128/1086
f 1086/1128/1086 1077/1119/1077 1076/1118/1076
f 1077/1119/1077 1086/1128/1086 1087/1129/1087
f 1087/1129/1087 1078/1120/1078 1077/1119/1077
f 1078/1120/1078 1087/1129/1087 1088/1130/1088
f 1088/1130/1088 1079/1121/1079 1078/1120/1078
f 1079/1121/1079 1088/1130/1088 1089/1131/1089
f 1089/1131/1089 1080/1122/1080 1079/1121/1079
f 1080/1122/1080 1089/1131/1089 1090/1132/1090
f 1090/1132/1090 1081/1123/1081 1080/1122/1080
f 1081/1123/1081 1090/1132/1090 1091/1133/1091
f 1091/1133/1091 981/1023/981 1081/1123/1081
f 981/1023/981 1091/1133/1091 991/1033/991
f 1092/1134/1092 1083/1125/1083 1082/1124/1082
f 1083/1125/1083 1092/1134/1092 1093/1135/1093
f 1093/1135/1093 1084/1126/1084 1083/1125/1083
f 1084/1126/1084 1093/1135/1093 1094/1136/1094
f 1094/1136/1094 1085/1127/1085 1084/1126/1084
f 1085/1127/1085 1094/1136/1094 1095/1137/1095
f 1095/1137/1095 1086/1128/1086 1085/1127/1085
f 1086/1128/1086 1095/1137/1095 1096/1138/1096
f 1096/1138/1096 1087/1129/1087 1086/1128/1086
f 1087/1129/1087 1096/1138/1096 1097/1139/1097
f 1097/1139/1097 1088/1130/1088 1087/1129/1087
f 1088/1130/1088 1097/1139/1097 1098/1140/1098
f 1098/1140/1098 1089/1131/1089 1088/1130/1088
f 1089/1131/1089 1098/1140/1098 1099/1141/1099
f 1099/1141/1099 1090/1132/1090 1089/1131/1089
f 1090/1132/1090 1099/1141/1099 1100/1142/1100
f 1100/1142/1100 1091/1133/1091 1090/1132/1090
f 1091/1133/1091 1100/1142/1100 1101/1143/1101
f 1101/1143/1101 991/1033/991 1091/1133/1091
f 991/1033/991 1101/1143/1101 1001/1043/1001
f 1102/1144/1102 1093/1135/1093 1092/1134/1092
f 1093/1135/1093 1102/1144/1102 1103/1145/1103
f 1103/1145/1103 1094/1136/1094 1093/1135/1093
f 1094/1136/1094 1103/1145/1103 1104/1146/1104
f 1104/1146/1104 1095/1137/1095 1094/1136/1094
f 1095/1137/1095 1104/1146/1104 1105/1147/1105
f 1105/1147/1105 1096/1138/1096 1095/1137/1095
f 1096/1138/1096 1105/1147/1105 1106/1148/1106
f 1106/1148/1106 1097/1139/1097 1096/1138/1096
f 1097/1139/1097 1106/1148/1106 1107/1149/1107
f 1107/1149/1107 1098/1140/1098 1097/1139/1097
f 1098/1140/1098 1107/1149/1107 1108/1150/1108
f 1108/1150/1108 1099/1141/1099 1098/1140/1098
f 1099/1141/1099 1108/1150/1108 1109/1151/1109
f 1109/1151/1109 1100/1142/1100 1099/1141/1099
f 1100/1142/1100 1109/1151/1109 1110/1152/1110
f 1110/1152/1110 1101/1143/1101 1100/1142/1100
f 1101/1143/1101 1110/1152/1110 1111/1153/1111
f 1111/1153/1111 1001/1043/1001 1101/1143/1101
f 1001/1043/1001 1111/1153/1111 1011/1053/1011
f 1112/1154/1112 1103/1145/1103 1102/1144/1102
f 1103/1145/1103 1112/1154/1112 1113/1155/1113
f 1113/1155/1113 1104/1146/1104 1103/1145/1103
f 1104/1146/1104 1113/1155/1113 1114/1156/1114
f 1114/1156/1114 1105/1147/1105 1104/1146/1104
f 1105/1147/1105 1114/1156/1114 1115/1157/1115
f 1115/1157/1115 1106/1148/1106 1105/1147/1105
f 1106/1148/1106 1115/1157/1115 1116/1158/1116
f 1116/1158/1116 1107/1149/1107 1106/1148/1106
f 1107/1149/1107 1116/1158/1116 1117/1159/1117
f 1117/1159/1117 1108/1150/1108 1107/1149/1107
f 1108/1150/1108 1117/1159/1117 1118/1160/1118
f 1118/1160/1118 1109/1151/1109 1108/1150/1108
f 1109/1151/1109 1118/1160/1118 1119/1161/1119
f 1119/1161/1119 1110/1152/1110 1109/1151/1109
f 1110/1152/1110 1119/1161/1119 1120/1162/1120
f 1120/1162/1120 1111/1153/1111 1110/1152/1110
f 1111/1153/1111 1120/1162/1120 1121/1163/1121
f 1121/1163/1121 1011/1053/1011 1111/1153/1111
f 1011/1053/1011 1121/1163/1121 1021/1063/1021
f 1122/1164/1122 1113/1155/1113 1112/1154/1112
f 1113/1155/1113 1122/1164/1122 1123/1165/1123
f 1123/1165/1123 1114/1156/1114 1113/1155/1113
f 1114/1156/1114 1123/1165/1123 1124/1166/1124
f 1124/1166/1124 1115/1157/1115 1114/1156/1114
f 1115/1157/1115 1124/1166/1124 1125/1167/1125
f 1125/1167/1125 1116/1158/1116 1115/1157/1115
f 1116/1158/1116 1125/1167/1125 1126/1168/1126
f 1126/1168/1126 1117/1159/1117 1116/1158/1116
f 1117/1159/1117 1126/1168/1126 1127/1169/1127
f 1127/1169/1127 1118/1160/1118 1117/1159/1117
f 1118/1160/1118 1127/1169/1127 1128/1170/1128
f 1128/1170/1128 1119/1161/1119 1118/1160/1118
f 1119/1161/1119 1128/1170/1128 1129/1171/1129
f 1129/1171/1129 1120/1162/1120 1119/1161/1119
f 1120/1162/1120 1129/1171/1129 1130/1172/1130
f 1130/1172/1130 1121/1163/1121 1120/1162/1120
f 1121/1163/1121 1130/1172/1130 1131/1173/1131
f 1131/1173/1131 1021/1063/1021 1121/1163/1121
f 1021/1063/1021 1131/1173/1131 1031/1073/1031
f 1132/1174/1132 1123/1165/1123 1122/1164/1122
f 1123/1165/1123 1132/1174/1132 1133/1175/1133
f 1133/1175/1133 1124/1166/1124 1123/1165/1123
f 1124/1166/1124 1133/1175/1133 1134/1176/1134
f 1134/1176/1134 1125/1167/1125 1124/1166/1124
f 1125/1167/1125 1134/1176/1134 1135/1177/1135
f 1135/1177/1135 1126/1168/1126 1125/1167/1125
f 1126/1168/1126 1135/1177/1135 1136/1178/1136
f 1136/1178/1136 1127/1169/1127 1126/1168/1126
f 1127/1169/1127 1136/1178/1136 1137/1179/1137
f 1137/1179/1137 1128/1170/1128 1127/1169/1127
f 1128/1170/1128 1137/1179/1137 1138/1180/1138
f 1138/1180/1138 1129/1171/1129 1128/1170/1128
f 1129/1171/1129 1138/1180/1138 1139/1181/1139
f 1139/1181/1139 1130/1172/1130 1129/1171/1129
f 1130/1172/1130 1139/1181/1139 1140/1182/1140
f 1140/1182/1140 1131/1173/1131 1130/1172/1130
f 1131/1173/1131 1140/1182/1140 1141/1183/1141
f 1141/1183/1141 1031/1073/1031 1131/1173/1131
f 1031/1073/1031 1141/1183/1141 1041/1083/1041
f 1142/1184/1142 1133/1175/1133 1132/1174/1132
f 1133/1175/1133 1142/1184/1142 1143/1185/1143
f 1143/1185/1143 1134/1176/1134 1133/1175/1133
f 1134/1176/1134 1143/1185/1143 1144/1186/1144
f 1144/1186/1144 1135/1177/1135 1134/1176/1134
f 1135/1177/1135 1144/1186/1144 1145/1187/1145
f 1145/1187/1145 1136/1178/1136 1135/1177/1135
f 1136/1178/1136 1145/1187/1145 1146/1188/1146
f 1146/1188/1146 1137/1179/1137 1136/1178/1136
f 1137/1179/1137 1146/1188/1146 1147/1189/1147
f 1147/1189/1147 1138/1180/1138 1137/1179/1137
f 1138/1180/1138 1147/1189/1147 1148/1190/1148
f 1148/1190/1148 1139/1181/1139 1138/1180/1138
f 1139/1181/1139 1148/1190/1148 1149/1191/1149
f 1149/1191/1149 1140/1182/1140 1139/1181/1139
f 1140/1182/1140 1149/1191/1149 1150/1192/1150
f 1150/1192/1150 1141/1183/1141 1140/1182/1140
f 1141/1183/1141 1150/1192/1150 1151/1193/1151
f 1151/1193/1151 1041/1083/1041 1141/1183/1141
f 1041/1083/1041 1151/1193/1151 1051/1093/1051
f 842/884/842 1152/1194/1152 841/883/841
f 1152/1194/1152 1153/1195/1153 841/883/841
f 1153/1195/1153 1154/1196/1154 841/883/841
f 1154/1196/1154 1155/1197/1155 841/883/841
f 1155/1197/1155 1156/1198/1156 841/883/841
f 1156/1198/1156 1157/1199/1157 841/883/841
f 1157/1199/1157 1158/1200/1158 841/883/841
f 1158/1200/1158 1159/1201/1159 841/883/841
f 1159/1201/1159 1160/1202/1160 841/883/841
f 1160/1202/1160 1052/1094/1052 841/883/841
f 853/895/853 1152/1194/1152 842/884/842
f 1152/1194/1152 853/895/853 1161/1203/1161
f 1161/1203/1161 1153/1195/1153 1152/1194/1152
f 1153/1195/1153 1161/1203/1161 1162/1204/1162
f 1162/1204/1162 1154/1196/1154 1153/1195/1153
f 1154/1196/1154 1162/1204/1162 1163/1205/1163
f 1163/1205/1163 1155/1197/1155 1154/1196/1154
f 1155/1197/1155 1163/1205/1163 1164/1206/1164
f 1164/1206/1164 1156/1198/1156 1155/1197/1155
f 1156/1198/1156 1164/1206/1164 1165/1207/1165
f 1165/1207/1165 1157/1199/1157 1156/1198/1156
f 1157/1199/1157 1165/1207/1165 1166/1208/1166
f 1166/1208/1166 1158/1200/1158 1157/1199/1157
f 1158/1200/1158 1166/1208/1166 1167/1209/1167
f 1167/1209/1167 1159/1201/1159 1158/1200/1158
f 1159/1201/1159 1167/1209/1167 1168/1210/1168
f 1168/1210/1168 1160/1202/1160 1159/1201/1159
f 1160/1202/1160 1168/1210/1168 1169/1211/1169
f 1169/1211/1169 1052/1094/1052 1160/1202/1160
f 1052/1094/1052 1169/1211/1169 1062/1104/1062
f 864/906/864 1161/1203/1161 853/895/853
f 1161/1203/1161 864/906/864 1170/1212/1170
f 1170/1212/1170 1162/1204/1162 1161/1203/1161
f 1162/1204/1162 1170/1212/1170 1171/1213/1171
f 1171/1213/1171 1163/1205/1163 1162/1204/1162
f 1163/1205/1163 1171/1213/1171 1172/1214/1172
f 1172/1214/1172 1164/1206/1164 1163/1205/1163
f 1164/1206/1164 1172/1214/1172 1173/1215/1173
f 1173/1215/1173 1165/1207/1165 1164/1206/1164
f 1165/1207/1165 1173/1215/1173 1174/1216/1174
f 1174/1216/1174 1166/1208/1166 1165/1207/1165
f 1166/1208/1166 1174/1216/1174 1175/1217/1175
f 1175/1217/1175 1167/1209/1167 1166/1208/1166
f 1167/1209/1167 1175/1217/1175 1176/1218/1176
f 1176/1218/1176 1168/1210/1168 1167/1209/1167
f 1168/1210/1168 1176/1218/1176 1177/1219/1177
f 1177/1219/1177 1169/1211/1169 1168/1210/1168
f 1169/1211/1169 1177/1219/1177 1178/1220/1178
f 1178/1220/1178 1062/1104/1062 1169/1211/1169
f 1062/1104/1062 1178/1220/1178 1072/1114/1072
f 875/917/875 1170/1212/1170 864/906/864
f 1170/1212/1170 875/917/875 1179/1221/1179
f 1179/1221/1179 1171/1213/1171 1170/1212/1170
f 1171/1213/1171 1179/1221/1179 1180/1222/1180
f 1180/1222/1180 1172/1214/1172 1171/1213/1171
f 1172/1214/1172 1180/1222/1180 1181/1223/1181
f 1181/1223/1181 1173/1215/1173 1172/1214/1172
f 1173/1215/1173 1181/1223/1181 1182/1224/1182
f 1182/1224/1182 1174/1216/1174 1173/1215/1173
f 1174/1216/1174 1182/1224/1182 1183/1225/1183
f 1183/1225/1183 1175/1217/1175 1174/1216/1174
f 1175/1217/1175 1183/1225/1183 1184/1226/1184
f 1184/1226/1184 1176/1218/1176 1175/1217/1175
f 1176/1218/1176 1184/1226/1184 1185/1227/1185
f 1185/1227/1185 1177/1219/1177 1176/1218/1176
f 1177/1219/1177 1185/1227/1185 1186/1228/1186
f 1186/1228/1186 1178/1220/1178 1177/1219/1177
f 1178/1220/1178 1186/1228/1186 1187/1229/1187
f 1187/1229/1187 1072/1114/1072 1178/1220/1178
f 1072/1114/1072 1187/1229/1187 1082/1124/1082
f 886/928/886 1179/1221/1179 875/917/875
f 1179/1221/1179 886/928/886 1188/1230/1188
f 1188/1230/1188 1180/1222/1180 1179/1221/1179
f 1180/1222/1180 1188/1230/1188 1189/1231/1189
f 1189/1231/1189 1181/1223/1181 1180/1222/1180
f 1181/1223/1181 1189/1231/1189 1190/1232/1190
f 1190/1232/1190 1182/1224/1182 1181/1223/1181
f 1182/1224/1182 1190/1232/1190 1191/1233/1191
f 1191/1233/1191 1183/1225/1183 1182/1224/1182
f 1183/1225/1183 1191/1233/1191 1192/1234/1192
f 1192/1234/1192 1184/1226/1184 1183/1225/1183
f 1184/1226/1184 1192/1234/1192 1193/1235/1193
f 1193/1235/1193 1185/1227/1185 1184/1226/1184
f 1185/1227/1185 1193/1235/1193 1194/1236/1194
f 1194/1236/1194 1186/1228/1186 1185/1227/1185
f 1186/1228/1186 1194/1236/1194 1195/1237/1195
f 1195/1237/1195 1187/1229/1187 1186/1228/1186
f 1187/1229/1187 1195/1237/1195 1196/1238/1196
f 1196/1238/1196 1082/1124/1082 1187/1229/1187
f 1082/1124/1082 1196/1238/1196 1092/1134/1092
f 897/939/897 1188/1230/1188 886/928/886
f 1188/1230/1188 897/939/897 1197/1239/1197
f 1197/1239/1197 1189/1231/1189 1188/1230/1188
f 1189/1231/1189 1197/1239/1197 1198/1240/1198
f 1198/1240/1198 1190/1232/1190 1189/1231/1189
f 1190/1232/1190 1198/1240/1198 1199/1241/1199
f 1199/1241/1199 1191/1233/1191 1190/1232/1190
f 1191/1233/1191 1199/1241/1199 1200/1242/1200
f 1200/1242/1200 1192/1234/1192 1191/1233/1191
f 1192/1234/1192 1200/1242/1200 1201/1243/1201
f 1201/1243/1201 1193/1235/1193 1192/1234/1192
f 1193/1235/1193 1201/1243/1201 1202/1244/1202
f 1202/1244/1202 1194/1236/1194 1193/1235/1193
f 1194/1236/1194 1202/1244/1202 1203/1245/1203
f 1203/1245/1203 1195/1237/1195 1194/1236/1194
f 1195/1237/1195 1203/1245/1203 1204/1246/1204
f 1204/1246/1204 1196/1238/1196 1195/1237/1195
f 1196/1238/1196 1204/1246/1204 1205/1247/1205
f 1205/1247/1205 1092/1134/1092 1196/1238/1196
f 1092/1134/1092 1205/1247/1205 1102/1144/1102
f 908/950/908 1197/1239/1197 897/939/897
f 1197/1239/1197 908/950/908 1206/1248/1206
f 1206/1248/1206 1198/1240/1198 1197/1239/1197
f 1198/1240/1198 1206/1248/1206 1207/1249/1207
f 1207/1249/1207 1199/1241/1199 1198/1240/1198
f 1199/1241/1199 1207/1249/1207 1208/1250/1208
f 1208/1250/1208 1200/1242/1200 1199/1241/1199
f 1200/1242/1200 1208/1250/1208 1209/1251/1209
f 1209/1251/1209 1201/1243/1201 1200/1242/1200
f 1201/1243/1201 1209/1251/1209 1210/1252/1210
f 1210/1252/1210 1202/1244/1202 1201/1243/1201
f 1202/1244/1202 1210/1252/1210 1211/1253/1211
f 1211/1253/1211 1203/1245/1203 1202/1244/1202
f 1203/1245/1203 1211/1253/1211 1212/1254/1212
f 1212/1254/1212 1204/1246/1204 1203/1245/1203
f 1204/1246/1204 1212/1254/1212 1213/1255/1213
f 1213/1255/1213 1205/1247/1205 1204/1246/1204
f 1205/1247/1205 1213/1255/1213 1214/1256/1214
f 1214/1256/1214 1102/1144/1102 1205/1247/1205
f 1102/1144/1102 1214/1256/1214 1112/1154/1112
f 919/961/919 1206/1248/1206 908/950/908
f 1206/1248/1206 919/961/919 1215/1257/1215
f 1215/1257/1215 1207/1249/1207 1206/1248/1206
f 1207/1249/1207 1215/1257/1215 1216/1258/1216
f 1216/1258/1216 1208/1250/1208 1207/1249/1207
f 1208/1250/1208 1216/1258/1216 1217/1259/1217
f 1217/1259/1217 1209/1251/1209 1208/1250/1208
f 1209/1251/1209 1217/1259/1217 1218/1260/1218
f 1218/1260/1218 1210/1252/1210 1209/1251/1209
f 1210/1252/1210 1218/1260/1218 1219/1261/1219
f 1219/1261/1219 1211/1253/1211 1210/1252/1210
f 1211/1253/1211 1219/1261/1219 1220/1262/1220
f 1220/1262/1220 1212/1254/1212 1211/1253/1211
f 1212/1254/1212 1220/1262/1220 1221/1263/1221
f 1221/1263/1221 1213/1255/1213 1212/1254/1212
f 1213/1255/1213 1221/1263/1221 1222/1264/1222
f 1222/1264/1222 1214/1256/1214 1213/1255/1213
f 1214/1256/1214 1222/1264/1222 1223/1265/1223
f 1223/1265/1223 1112/1154/1112 1214/1256/1214
f 1112/1154/1112 1223/1265/1223 1122/1164/1122
f 930/972/930 1215/1257/1215 919/961/919
f 1215/1257/1215 930/972/930 1224/1266/1224
f 1224/1266/1224 1216/1258/1216 1215/1257/1215
f 1216/1258/1216 1224/1266/1224 1225/1267/1225
f 1225/1267/1225 1217/1259/1217 1216/1258/1216
f 1217/1259/1217 1225/1267/1225 1226/1268/1226
f 1226/1268/1226 1218/1260/1218 1217/1259/1217
f 1218/1260/1218 1226/1268/1226 1227/1269/1227
f 1227/1269/1227 1219/1261/1219 1218/1260/1218
f 1219/1261/1219 1227/1269/1227 1228/1270/1228
f 1228/1270/1228 1220/1262/1220 1219/1261/1219
f 1220/1262/1220 1228/1270/1228 1229/1271/1229
f 1229/1271/1229 1221/1263/1221 1220/1262/1220
f 1221/1263/1221 1229/1271/1229 1230/1272/1230
f 1230/1272/1230 1222/1264/1222 1221/1263/1221
f 1222/1264/1222 1230/1272/1230 1231/1273/1231
f 1231/1273/1231 1223/1265/1223 1222/1264/1222
f 1223/1265/1223 1231/1273/1231 1232/1274/1232
f 1232/1274/1232 1122/1164/1122 1223/1265/1223
f 1122/1164/1122 1232/1274/1232 1132/1174/1132
f 941/983/941 1224/1266/1224 930/972/930
f 1224/1266/1224 941/983/941 1233/1275/1233
f 1233/1275/1233 1225/1267/1225 1224/1266/1224
f 1225/1267/1225 1233/1275/1233 1234/1276/1234
f 1234/1276/1234 1226/1268/1226 1225/1267/1225
f 1226/1268/1226 1234/1276/1234 1235/1277/1235
f 1235/1277/1235 1227/1269/1227 1226/1268/1226
f 1227/1269/1227 1235/1277/1235 1236/1278/1236
f 1236/1278/1236 1228/1270/1228 1227/1269/1227
f 1228/1270/1228 1236/1278/1236 1237/1279/1237
f 1237/1279/1237 1229/1271/1229 1228/1270/1228
f 1229/1271/1229 1237/1279/1237 1238/1280/1238
f 1238/1280/1238 1230/1272/1230 1229/1271/1229
f 1230/1272/1230 1238/1280/1238 1239/1281/1239
f 1239/1281/1239 1231/1273/1231 1230/1272/1230
f 1231/1273/1231 1239/1281/1239 1240/1282/1240
f 1240/1282/1240 1232/1274/1232 1231/1273/1231
f 1232/1274/1232 1240/1282/1240 1241/1283/1241
f 1241/1283/1241 1132/1174/1132 1232/1274/1232
f 1132/1174/1132 1241/1283/1241 1142/1184/1142
f 942/1285/942 1242/1295/1242 941/1284/941
f 1242/1295/1242 942/1285/942 1243/1296/1243
f 943/1286/943 1243/1296/1243 942/1285/942
f 1243/1296/1243 943/1286/943 1244/1297/1244
f 944/1287/944 1244/1297/1244 943/1286/943
f 1244/1297/1244 944/1287/944 1245/1298/1245
f 945/1288/945 1245/1298/1245 944/1287/944
f 1245/1298/1245 945/1288/945 1246/1299/1246
f 946/1289/946 1246/1299/1246 945/1288/945
f 1246/1299/1246 946/1289/946 1247/1300/1247
f 947/1290/947 1247/1300/1247 946/1289/946
f 1247/1300/1247 947/1290/947 1248/1301/1248
f 948/1291/948 1248/1301/1248 947/1290/947
f 1248/1301/1248 948/1291/948 1249/1302/1249
f 949/1292/949 1249/1302/1249 948/1291/948
f 1249/1302/1249 949/1292/949 1250/1303/1250
f 950/1293/950 1250/1303/1250 949/1292/949
f 1250/1303/1250 950/1293/950 1251/1304/1251
f 951/1294/951 1251/1304/1251 950/1293/950
f 1251/1304/1251 951/1294/951 1252/1305/1252
f 1243/1296/1243 1253/1306/1253 1242/1295/1242
f 1253/1306/1253 1243/1296/1243 1254/1307/1254
f 1244/1297/1244 1254/1307/1254 1243/1296/1243
f 1254/1307/1254 1244/1297/1244 1255/1308/1255
f 1245/1298/1245 1255/1308/1255 1244/1297/1244
f 1255/1308/1255 1245/1298/1245 1256/1309/1256
f 1246/1299/1246 1256/1309/1256 1245/1298/1245
f 1256/1309/1256 1246/1299/1246 1257/1310/1257
f 1247/1300/1247 1257/1310/1257 1246/1299/1246
f 1257/1310/1257 1247/1300/1247 1258/1311/1258
f 1248/1301/1248 1258/1311/1258 1247/1300/1247
f 1258/1311/1258 1248/1301/1248 1259/1312/1259
f 1249/1302/1249 1259/1312/1259 1248/1301/1248
f 1259/1312/1259 1249/1302/1249 1260/1313/1260
f 1250/1303/1250 1260/1313/1260 1249/1302/1249
f 1260/1313/1260 1250/1303/1250 1261/1314/1261
f 1251/1304/1251 1261/1314/1261 1250/1303/1250
f 1261/1314/1261 1251/1304/1251 1262/1315/1262
f 1252/1305/1252 1262/1315/1262 1251/1304/1251
f 1262/1315/1262 1252/1305/1252 1263/1316/1263
f 1254/1307/1254 1264/1317/1264 1253/1306/1253
f 1264/1317/1264 1254/1307/1254 1265/1318/1265
f 1255/1308/1255 1265/1318/1265 1254/1307/1254
f 1265/1318/1265 1255/1308/1255 1266/1319/1266
f 1256/1309/1256 1266/1319/1266 1255/1308/1255
f 1266/1319/1266 1256/1309/1256 1267/1320/1267
f 1257/1310/1257 1267/1320/1267 1256/1309/1256
f 1267/1320/1267 1257/1310/1257 1268/1321/1268
f 1258/1311/1258 1268/1321/1268 1257/1310/1257
f 1268/1321/1268 1258/1311/1258 1269/1322/1269
f 1259/1312/1259 1269/1322/1269 1258/1311/1258
f 1269/1322/1269 1259/1312/1259 1270/1323/1270
f 1260/1313/1260 1270/1323/1270 1259/1312/1259
f 1270/1323/1270 1260/1313/1260 1271/1324/1271
f 1261/1314/1261 1271/1324/1271 1260/1313/1260
f 1271/1324/1271 1261/1314/1261 1272/1325/1272
f 1262/1315/1262 1272/1325/1272 1261/1314/1261
f 1272/1325/1272 1262/1315/1262 1273/1326/1273
f 1263/1316/1263 1273/1326/1273 1262/1315/1262
f 1273/1326/1273 1263/1316/1263 1274/1327/1274
f 1265/1318/1265 1275/1328/1275 1264/1317/1264
f 1275/1328/1275 1265/1318/1265 1276/1329/1276
f 1266/1319/1266 1276/1329/1276 1265/1318/1265
f 1276/1329/1276 1266/1319/1266 1277/1330/1277
f 1267/1320/1267 1277/1330/1277 1266/1319/1266
f 1277/1330/1277 1267/1320/1267 1278/1331/1278
f 1268/1321/1268 1278/1331/1278 1267/1320/1267
f 1278/1331/1278 1268/1321/1268 1279/1332/1279
f 1269/1322/1269 1279/1332/1279 1268/1321/1268
f 1279/1332/1279 1269/1322/1269 1280/1333/1280
f 1270/1323/1270 1280/1333/1280 1269/1322/1269
f 1280/1333/1280 1270/1323/1270 1281/1334/1281
f 1271/1324/1271 1281/1334/1281 1270/1323/1270
f 1281/1334/1281 1271/1324/1271 1282/1335/1282
f 1272/1325/1272 1282/1335/1282 1271/1324/1271
f 1282/1335/1282 1272/1325/1272 1283/1336/1283
f 1273/1326/1273 1283/1336/1283 1272/1325/1272
f 1283/1336/1283 1273/1326/1273 1284/1337/1284
f 1274/1327/1274 1284/1337/1284 1273/1326/1273
f 1284/1337/1284 1274/1327/1274 1285/1338/1285
f 1276/1329/1276 1286/1339/1286 1275/1328/1275
f 1286/1339/1286 1276/1329/1276 1287/1340/1287
f 1277/1330/1277 1287/1340/1287 1276/1329/1276
f 1287/1340/1287 1277/1330/1277 1288/1341/1288
f 1278/1331/1278 1288/1341/1288 1277/1330/1277
f 1288/1341/1288 1278/1331/1278 1289/1342/1289
f 1279/1332/1279 1289/1342/1289 1278/1331/1278
f 1289/1342/1289 1279/1332/1279 1290/1343/1290
f 1280/1333/1280 1290/1343/1290 1279/1332/1279
f 1290/1343/1290 1280/1333/1280 1291/1344/1291
f 1281/1334/1281 1291/1344/1291 1280/1333/1280
f 1291/1344/1291 1281/1334/1281 1292/1345/1292
f 1282/1335/1282 1292/1345/1292 1281/1334/1281
f 1292/1345/1292 1282/1335/1282 1293/1346/1293
f 1283/1336/1283 1293/1346/1293 1282/1335/1282
f 1293/1346/1293 1283/1336/1283 1294/1347/1294
f 1284/1337/1284 1294/1347/1294 1283/1336/1283
f 1294/1347/1294 1284/1337/1284 1295/1348/1295
f 1285/1338/1285 1295/1348/1295 1284/1337/1284
f 1295/1348/1295 1285/1338/1285 1296/1349/1296
f 1287/1340/1287 1297/1350/1297 1286/1339/1286
f 1297/1350/1297 1287/1340/1287 1298/1351/1298
f 1288/1341/1288 1298/1351/1298 1287/1340/1287
f 1298/1351/1298 1288/1341/1288 1299/1352/1299
f 1289/1342/1289 1299/1352/1299 1288/1341/1288
f 1299/1352/1299 1289/1342/1289 1300/1353/1300
f 1290/1343/1290 1300/1353/1300 1289/1342/1289
f 1300/1353/1300 1290/1343/1290 1301/1354/1301
f 1291/1344/1291 1301/1354/1301 1290/1343/1290
f 1301/1354/1301 1291/1344/1291 1302/1355/1302
f 1292/1345/1292 1302/1355/1302 1291/1344/1291
f 1302/1355/1302 1292/1345/1292 1303/1356/1303
f 1293/1346/1293 1303/1356/1303 1292/1345/1292
f 1303/1356/1303 1293/1346/1293 1304/1357/1304
f 1294/1347/1294 1304/1357/1304 1293/1346/1293
f 1304/1357/1304 1294/1347/1294 1305/1358/1305
f 1295/1348/1295 1305/1358/1305 1294/1347/1294
f 1305/1358/1305 1295/1348/1295 1306/1359/1306
f 1296/1349/1296 1306/1359/1306 1295/1348/1295
f 1306/1359/1306 1296/1349/1296 1307/1360/1307
f 1298/1351/1298 1308/1361/1308 1297/1350/1297
f 1308/1361/1308 1298/1351/1298 1309/1362/1309
f 1299/1352/1299 1309/1362/1309 1298/1351/1298
f 1309/1362/1309 1299/1352/1299 1310/1363/1310
f 1300/1353/1300 1310/1363/1310 1299/1352/1299
f 1310/1363/1310 1300/1353/1300 1311/1364/1311
f 1301/1354/1301 1311/1364/1311 1300/1353/1300
f 1311/1364/1311 1301/1354/1301 1312/1365/1312
f 1302/1355/1302 1312/1365/1312 1301/1354/1301
f 1312/1365/1312 1302/1355/1302 1313/1366/1313
f 1303/1356/1303 1313/1366/1313 1302/1355/1302
f 1313/1366/1313 1303/1356/1303 1314/1367/1314
f 1304/1357/1304 1314/1367/1314 1303/1356/1303
f 1314/1367/1314 1304/1357/1304 1315/1368/1315
f 1305/1358/1305 1315/1368/1315 1304/1357/1304
f 1315/1368/1315 1305/1358/1305 1316/1369/1316
f 1306/1359/1306 1316/1369/1316 1305/1358/1305
f 1316/1369/1316 1306/1359/1306 1317/1370/1317
f 1307/1360/1307 1317/1370/1317 1306/1359/1306
f 1317/1370/1317 1307/1360/1307 1318/1371/1318
f 1309/1362/1309 1319/1372/1319 1308/1361/1308
f 1319/1372/1319 1309/1362/1309 1320/1373/1320
f 1310/1363/1310 1320/1373/1320 1309/1362/1309
f 1320/1373/1320 1310/1363/1310 1321/1374/1321
f 1311/1364/1311 1321/1374/1321 1310/1363/1310
f 1321/1374/1321 1311/1364/1311 1322/1375/1322
f 1312/1365/1312 1322/1375/1322 1311/1364/1311
f 1322/1375/1322 1312/1365/1312 1323/1376/1323
f 1313/1366/1313 1323/1376/1323 1312/1365/1312
f 1323/1376/1323 1313/1366/1313 1324/1377/1324
f 1314/1367/1314 1324/1377/1324 1313/1366/1313
f 1324/1377/1324 1314/1367/1314 1325/1378/1325
f 1315/1368/1315 1325/1378/1325 1314/1367/1314
f 1325/1378/1325 1315/1368/1315 1326/1379/1326
f 1316/1369/1316 1326/1379/1326 1315/1368/1315
f 1326/1379/1326 1316/1369/1316 1327/1380/1327
f 1317/1370/1317 1327/1380/1327 1316/1369/1316
f 1327/1380/1327 1317/1370/1317 1328/1381/1328
f 1318/1371/1318 1328/1381/1328 1317/1370/1317
f 1328/1381/1328 1318/1371/1318 1329/1382/1329
f 1320/1373/1320 1330/1383/1330 1319/1372/1319
f 1330/1383/1330 1320/1373/1320 1331/1384/1331
f 1321/1374/1321 1331/1384/1331 1320/1373/1320
f 1331/1384/1331 1321/1374/1321 1332/1385/1332
f 1322/1375/1322 1332/1385/1332 1321/1374/1321
f 1332/1385/1332 1322/1375/1322 1333/1386/1333
f 1323/1376/1323 1333/1386/1333 1322/1375/1322
f 1333/1386/1333 1323/1376/1323 1334/1387/1334
f 1324/1377/1324 1334/1387/1334 1323/1376/1323
f 1334/1387/1334 1324/1377/1324 1335/1388/1335
f 1325/1378/1325 1335/1388/1335 1324/1377/1324
f 1335/1388/1335 1325/1378/1325 1336/1389/1336
f 1326/1379/1326 1336/1389/1336 1325/1378/1325
f 1336/1389/1336 1326/1379/1326 1337/1390/1337
f 1327/1380/1327 1337/1390/1337 1326/1379/1326
f 1337/1390/1337 1327/1380/1327 1338/1391/1338
f 1328/1381/1328 1338/1391/1338 1327/1380/1327
f 1338/1391/1338 1328/1381/1328 1339/1392/1339
f 1329/1382/1329 1339/1392/1339 1328/1381/1328
f 1339/1392/1339 1329/1382/1329 1340/1393/1340
f 1331/1384/1331 1341/1394/1341 1330/1383/1330
f 1341/1394/1341 1331/1384/1331 1342/1395/1342
f 1332/1385/1332 1342/1395/1342 1331/1384/1331
f 1342/1395/1342 1332/1385/1332 1343/1396/1343
f 1333/1386/1333 1343/1396/1343 1332/1385/1332
f 1343/1396/1343 1333/1386/1333 1344/1397/1344
f 1334/1387/1334 1344/1397/1344 1333/1386/1333
f 1344/1397/1344 1334/1387/1334 1345/1398/1345
f 1335/1388/1335 1345/1398/1345 1334/1387/1334
f 1345/1398/1345 1335/1388/1335 1346/1399/1346
f 1336/1389/1336 1346/1399/1346 1335/1388/1335
f 1346/1399/1346 1336/1389/1336 1347/1400/1347
f 1337/1390/1337 1347/1400/1347 1336/1389/1336
f 1347/1400/1347 1337/1390/1337 1348/1401/1348
f 1338/1391/1338 1348/1401/1348 1337/1390/1337
f 1348/1401/1348 1338/1391/1338 1349/1402/1349
f 1339/1392/1339 1349/1402/1349 1338/1391/1338
f 1349/1402/1349 1339/1392/1339 1350/1403/1350
f 1340/1393/1340 1350/1403/1350 1339/1392/1339
f 1350/1403/1350 1340/1393/1340 1351/1404/1351
f 1042/1405/1042 1252/1305/1252 951/1294/951
f 1252/1305/1252 1042/1405/1042 1352/1415/1352
f 1043/1406/1043 1352/1415/1352 1042/1405/1042
f 1352/1415/1352 1043/1406/1043 1353/1416/1353
f 1044/1407/1044 1353/1416/1353 1043/1406/1043
f 1353/1416/1353 1044/1407/1044 1354/1417/1354
f 1045/1408/1045 1354/1417/1354 1044/1407/1044
f 1354/1417/1354 1045/1408/1045 1355/1418/1355
f 1046/1409/1046 1355/1418/1355 1045/1408/1045
f 1355/1418/1355 1046/1409/1046 1356/1419/1356
f 1047/1410/1047 1356/1419/1356 1046/1409/1046
f 1356/1419/1356 1047/1410/1047 1357/1420/1357
f 1048/1411/1048 1357/1420/1357 1047/1410/1047
f 1357/1420/1357 1048/1411/1048 1358/1421/1358
f 1049/1412/1049 1358/1421/1358 1048/1411/1048
f 1358/1421/1358 1049/1412/1049 1359/1422/1359
f 1050/1413/1050 1359/1422/1359 1049/1412/1049
f 1359/1422/1359 1050/1413/1050 1360/1423/1360
f 1051/1414/1051 1360/1423/1360 1050/1413/1050
f 1360/1423/1360 1051/1414/1051 1361/1424/1361
f 1352/1415/1352 1263/1316/1263 1252/1305/1252
f 1263/1316/1263 1352/1415/1352 1362/1425/1362
f 1353/1416/1353 1362/1425/1362 1352/1415/1352
f 1362/1425/1362 1353/1416/1353 1363/1426/1363
f 1354/1417/1354 1363/1426/1363 1353/1416/1353
f 1363/1426/1363 1354/1417/1354 1364/1427/1364
f 1355/1418/1355 1364/1427/1364 1354/1417/1354
f 1364/1427/1364 1355/1418/1355 1365/1428/1365
f 1356/1419/1356 1365/1428/1365 1355/1418/1355
f 1365/1428/1365 1356/1419/1356 1366/1429/1366
f 1357/1420/1357 1366/1429/1366 1356/1419/1356
f 1366/1429/1366 1357/1420/1357 1367/1430/1367
f 1358/1421/1358 1367/1430/1367 1357/1420/1357
f 1367/1430/1367 1358/1421/1358 1368/1431/1368
f 1359/1422/1359 1368/1431/1368 1358/1421/1358
f 1368/1431/1368 1359/1422/1359 1369/1432/1369
f 1360/1423/1360 1369/1432/1369 1359/1422/1359
f 1369/1432/1369 1360/1423/1360 1370/1433/1370
f 1361/1424/1361 1370/1433/1370 1360/1423/1360
f 1370/1433/1370 1361/1424/1361 1371/1434/1371
f 1362/1425/1362 1274/1327/1274 1263/1316/1263
f 1274/1327/1274 1362/1425/1362 1372/1435/1372
f 1363/1426/1363 1372/1435/1372 1362/1425/1362
f 1372/1435/1372 1363/1426/1363 1373/1436/1373
f 1364/1427/1364 1373/1436/1373 1363/1426/1363
f 1373/1436/1373 1364/1427/1364 1374/1437/1374
f 1365/1428/1365 1374/1437/1374 1364/1427/1364
f 1374/1437/1374 1365/1428/1365 1375/1438/1375
f 1366/1429/1366 1375/1438/1375 1365/1428/1365
f 1375/1438/1375 1366/1429/1366 1376/1439/1376
f 1367/1430/1367 1376/1439/1376 1366/1429/1366
f 1376/1439/1376 1367/1430/1367 1377/1440/1377
f 1368/1431/1368 1377/1440/1377 1367/1430/1367
f 1377/1440/1377 1368/1431/1368 1378/1441/1378
f 1369/1432/1369 1378/1441/1378 1368/1431/1368
f 1378/1441/1378 1369/1432/1369 1379/1442/1379
f 1370/1433/1370 1379/1442/1379 1369/1432/1369
f 1379/1442/1379 1370/1433/1370 1380/1443/1380
f 1371/1434/1371 1380/1443/1380 1370/1433/1370
f 1380/1443/1380 1371/1434/1371 1381/1444/1381
f 1372/1435/1372 1285/1338/1285 1274/1327/1274
f 1285/1338/1285 1372/1435/1372 1382/1445/1382
f 1373/1436/1373 1382/1445/1382 1372/1435/1372
f 1382/1445/1382 1373/1436/1373 1383/1446/1383
f 1374/1437/1374 1383/1446/1383 1373/1436/1373
f 1383/1446/1383 1374/1437/1374 1384/1447/1384
f 1375/1438/1375 1384/1447/1384 1374/1437/1374
f 1384/1447/1384 1375/1438/1375 1385/1448/1385
f 1376/1439/1376 1385/1448/1385 1375/1438/1375
f 1385/1448/1385 1376/1439/1376 1386/1449/1386
f 1377/1440/1377 1386/1449/1386 1376/1439/1376
f 1386/1449/1386 1377/1440/1377 1387/1450/1387
f 1378/1441/1378 1387/1450/1387 1377/1440/1377
f 1387/1450/1387 1378/1441/1378 1388/1451/1388
f 1379/1442/1379 1388/1451/1388 1378/1441/1378
f 1388/1451/1388 1379/1442/1379 1389/1452/1389
f 1380/1443/1380 1389/1452/1389 1379/1442/1379
f 1389/1452/1389 1380/1443/1380 1390/1453/1390
f 1381/1444/1381 1390/1453/1390 1380/1443/1380
f 1390/1453/1390 1381/1444/1381 1391/1454/1391
f 1382/1445/1382 1296/1349/1296 1285/1338/1285
f 1296/1349/1296 1382/1445/1382 1392/1455/1392
f 1383/1446/1383 1392/1455/1392 1382/1445/1382
f 1392/1455/1392 1383/1446/1383 1393/1456/1393
f 1384/1447/1384 1393/1456/1393 1383/1446/1383
f 1393/1456/1393 1384/1447/1384 1394/1457/1394
f 1385/1448/1385 1394/1457/1394 1384/1447/1384
f 1394/1457/1394 1385/1448/1385 1395/1458/1395
f 1386/1449/1386 1395/1458/1395 1385/1448/1385
f 1395/1458/1395 1386/1449/1386 1396/1459/1396
f 1387/1450/1387 1396/1459/1396 1386/1449/1386
f 1396/1459/1396 1387/1450/1387 1397/1460/1397
f 1388/1451/1388 1397/1460/1397 1387/1450/1387
f 1397/1460/1397 1388/1451/1388 1398/1461/1398
f 1389/1452/1389 1398/1461/1398 1388/1451/1388
f 1398/1461/1398 1389/1452/1389 1399/1462/1399
f 1390/1453/1390 1399/1462/1399 1389/1452/1389
f 1399/1462/1399 1390/1453/1390 1400/1463/1400
f 1391/1454/1391 1400/1463/1400 1390/1453/1390
f 1400/1463/1400 1391/1454/1391 1401/1464/1401
f 1392/1455/1392 1307/1360/1307 1296/1349/1296
f 1307/1360/1307 1392/1455/1392 1402/1465/1402
f 1393/1456/1393 1402/1465/1402 1392/1455/1392
f 1402/1465/1402 1393/1456/1393 1403/1466/1403
f 1394/1457/1394 1403/1466/1403 1393/1456/1393
f 1403/1466/1403 1394/1457/1394 1404/1467/1404
f 1395/1458/1395 1404/1467/1404 1394/1457/1394
f 1404/1467/1404 1395/1458/1395 1405/1468/1405
f 1396/1459/1396 1405/1468/1405 1395/1458/1395
f 1405/1468/1405 1396/1459/1396 1406/1469/1406
f 1397/1460/1397 1406/1469/1406 1396/1459/1396
f 1406/1469/1406 1397/1460/1397 1407/1470/1407
f 1398/1461/1398 1407/1470/1407 1397/1460/1397
f 1407/1470/1407 1398/1461/1398 1408/1471/1408
f 1399/1462/1399 1408/1471/1408 1398/1461/1398
f 1408/1471/1408 1399/1462/1399 1409/1472/1409
f 1400/1463/1400 1409/1472/1409 1399/1462/1399
f 1409/1472/1409 1400/1463/1400 1410/1473/1410
f 1401/1464/1401 1410/1473/1410 1400/1463/1400
f 1410/1473/1410 1401/1464/1401 1411/1474/1411
f 1402/1465/1402 1318/1371/1318 1307/1360/1307
f 1318/1371/1318 1402/1465/1402 1412/1475/1412
f 1403/1466/1403 1412/1475/1412 1402/1465/1402
f 1412/1475/1412 1403/1466/1403 1413/1476/1413
f 1404/1467/1404 1413/1476/1413 1403/1466/1403
f 1413/1476/1413 1404/1467/1404 1414/1477/1414
f 1405/1468/1405 1414/1477/1414 1404/1467/1404
f 1414/1477/1414 1405/1468/1405 1415/1478/1415
f 1406/1469/1406 1415/1478/1415 1405/1468/1405
f 1415/1478/1415 1406/1469/1406 1416/1479/1416
f 1407/1470/1407 1416/1479/1416 1406/1469/1406
f 1416/1479/1416 1407/1470/1407 1417/1480/1417
f 1408/1471/1408 1417/1480/1417 1407/1470/1407
f 1417/1480/1417 1408/1471/1408 1418/1481/1418
f 1409/1472/1409 1418/1481/1418 1408/1471/1408
f 1418/1481/1418 1409/1472/1409 1419/1482/1419
f 1410/1473/1410 1419/1482/1419 1409/1472/1409
f 1419/1482/1419 1410/1473/1410 1420/1483/1420
f 1411/1474/1411 1420/1483/1420 1410/1473/1410
f 1420/1483/1420 1411/1474/1411 1421/1484/1421
f 1412/1475/1412 1329/1382/1329 1318/1371/1318
f 1329/1382/1329 1412/1475/1412 1422/1485/1422
f 1413/1476/1413 1422/1485/1422 1412/1475/1412
f 1422/1485/1422 1413/1476/1413 1423/1486/1423
f 1414/1477/1414 1423/1486/1423 1413/1476/1413
f 1423/1486/1423 1414/1477/1414 1424/1487/1424
f 1415/1478/1415 1424/1487/1424 1414/1477/1414
f 1424/1487/1424 1415/1478/1415 1425/1488/1425
f 1416/1479/1416 1425/1488/1425 1415/1478/1415
f 1425/1488/1425 1416/1479/1416 1426/1489/1426
f 1417/1480/1417 1426/1489/1426 1416/1479/1416
f 1426/1489/1426 1417/1480/1417 1427/1490/1427
f 1418/1481/1418 1427/1490/1427 1417/1480/1417
f 1427/1490/1427 1418/1481/1418 1428/1491/1428
f 1419/1482/1419 1428/1491/1428 1418/1481/1418
f 1428/1491/1428 1419/1482/1419 1429/1492/1429
f 1420/1483/1420 1429/1492/1429 1419/1482/1419
f 1429/1492/1429 1420/1483/1420 1430/1493/1430
f 1421/1484/1421 1430/1493/1430 1420/1483/1420
f 1430/1493/1430 1421/1484/1421 1431/1494/1431
f 1422/1485/1422 1340/1393/1340 1329/1382/1329
f 1340/1393/1340 1422/1485/1422 1432/1495/1432
f 1423/1486/1423 1432/1495/1432 1422/1485/1422
f 1432/1495/1432 1423/1486/1423 1433/1496/1433
f 1424/1487/1424 1433/1496/1433 1423/1486/1423
f 1433/1496/1433 1424/1487/1424 1434/1497/1434
f 1425/1488/1425 1434/1497/1434 1424/1487/1424
f 1434/1497/1434 1425/1488/1425 1435/1498/1435
f 1426/1489/1426 1435/1498/1435 1425/1488/1425
f 1435/1498/1435 1426/1489/1426 1436/1499/1436
f 1427/1490/1427 1436/1499/1436 1426/1489/1426
f 1436/1499/1436 1427/1490/1427 1437/1500/1437
f 1428/1491/1428 1437/1500/1437 1427/1490/1427
f 1437/1500/1437 1428/1491/1428 1438/1501/1438
f 1429/1492/1429 1438/1501/1438 1428/1491/1428
f 1438/1501/1438 1429/1492/1429 1439/1502/1439
f 1430/1493/1430 1439/1502/1439 1429/1492/1429
f 1439/1502/1439 1430/1493/1430 1440/1503/1440
f 1431/1494/1431 1440/1503/1440 1430/1493/1430
f 1440/1503/1440 1431/1494/1431 1441/1504/1441
f 1432/1495/1432 1351/1404/1351 1340/1393/1340
f 1351/1404/1351 1432/1495/1432 1442/1505/1442
f 1433/1496/1433 1442/1505/1442 1432/1495/1432
f 1442/1505/1442 1433/1496/1433 1443/1506/1443
f 1434/1497/1434 1443/1506/1443 1433/1496/1433
f 1443/1506/1443 1434/1497/1434 1444/1507/1444
f 1435/1498/1435 1444/1507/1444 1434/1497/1434
f 1444/1507/1444 1435/1498/1435 1445/1508/1445
f 1436/1499/1436 1445/1508/1445 1435/1498/1435
f 1445/1508/1445 1436/1499/1436 1446/1509/1446
f 1437/1500/1437 1446/1509/1446 1436/1499/1436
f 1446/1509/1446 1437/1500/1437 1447/1510/1447
f 1438/1501/1438 1447/1510/1447 1437/1500/1437
f 1447/1510/1447 1438/1501/1438 1448/1511/1448
f 1439/1502/1439 1448/1511/1448 1438/1501/1438
f 1448/1511/1448 1439/1502/1439 1449/1512/1449
f 1440/1503/1440 1449/1512/1449 1439/1502/1439
f 1449/1512/1449 1440/1503/1440 1450/1513/1450
f 1441/1504/1441 1450/1513/1450 1440/1503/1440
f 1450/1513/1450 1441/1504/1441 1451/1514/1451
f 1452/1525/1452 1143/1516/1143 1142/1515/1142
f 1143/1516/1143 1452/1525/1452 1453/1526/1453
f 1453/1526/1453 1144/1517/1144 1143/1516/1143
f 1144/1517/1144 1453/1526/1453 1454/1527/1454
f 1454/1527/1454 1145/1518/1145 1144/1517/1144
f 1145/1518/1145 1454/1527/1454 1455/1528/1455
f 1455/1528/1455 1146/1519/1146 1145/1518/1145
f 1146/1519/1146 1455/1528/1455 1456/1529/1456
f 1456/1529/1456 1147/1520/1147 1146/1519/1146
f 1147/1520/1147 1456/1529/1456 1457/1530/1457
f 1457/1530/1457 1148/1521/1148 1147/1520/1147
f 1148/1521/1148 1457/1530/1457 1458/1531/1458
f 1458/1531/1458 1149/1522/1149 1148/1521/1148
f 1149/1522/1149 1458/1531/1458 1459/1532/1459
f 1459/1532/1459 1150/1523/1150 1149/1522/1149
f 1150/1523/1150 1459/1532/1459 1460/1533/1460
f 1460/1533/1460 1151/1524/1151 1150/1523/1150
f 1151/1524/1151 1460/1533/1460 1461/1534/1461
f 1461/1534/1461 1051/1414/1051 1151/1524/1151
f 1051/1414/1051 1461/1534/1461 1361/1424/1361
f 1462/1535/1462 1453/1526/1453 1452/1525/1452
f 1453/1526/1453 1462/1535/1462 1463/1536/1463
f 1463/1536/1463 1454/1527/1454 1453/1526/1453
f 1454/1527/1454 1463/1536/1463 1464/1537/1464
f 1464/1537/1464 1455/1528/1455 1454/1527/1454
f 1455/1528/1455 1464/1537/1464 1465/1538/1465
f 1465/1538/1465 1456/1529/1456 1455/1528/1455
f 1456/1529/1456 1465/1538/1465 1466/1539/1466
f 1466/1539/1466 1457/1530/1457 1456/1529/1456
f 1457/1530/1457 1466/1539/1466 1467/1540/1467
f 1467/1540/1467 1458/1531/1458 1457/1530/1457
f 1458/1531/1458 1467/1540/1467 1468/1541/1468
f 1468/1541/1468 1459/1532/1459 1458/1531/1458
f 1459/1532/1459 1468/1541/1468 1469/1542/1469
f 1469/1542/1469 1460/1533/1460 1459/1532/1459
f 1460/1533/1460 1469/1542/1469 1470/1543/1470
f 1470/1543/1470 1461/1534/1461 1460/1533/1460
f 1461/1534/1461 1470/1543/1470 1471/1544/1471
f 1471/1544/1471 1361/1424/1361 1461/1534/1461
f 1361/1424/1361 1471/1544/1471 1371/1434/1371
f 1472/1545/1472 1463/1536/1463 1462/1535/1462
f 1463/1536/1463 1472/1545/1472 1473/1546/1473
f 1473/1546/1473 1464/1537/1464 1463/1536/1463
f 1464/1537/1464 1473/1546/1473 1474/1547/1474
f 1474/1547/1474 1465/1538/1465 1464/1537/1464
f 1465/1538/1465 1474/1547/1474 1475/1548/1475
f 1475/1548/1475 1466/1539/1466 1465/1538/1465
f 1466/1539/1466 1475/1548/1475 1476/1549/1476
f 1476/1549/1476 1467/1540/1467 1466/1539/1466
f 1467/1540/1467 1476/1549/1476 1477/1550/1477
f 1477/1550/1477 1468/1541/1468 1467/1540/1467
f 1468/1541/1468 1477/1550/1477 1478/1551/1478
f 1478/1551/1478 1469/1542/1469 1468/1541/1468
f 1469/1542/1469 1478/1551/1478 1479/1552/1479
f 1479/1552/1479 1470/1543/1470 1469/1542/1469
f 1470/1543/1470 1479/1552/1479 1480/1553/1480
f 1480/1553/1480 1471/1544/1471 1470/1543/1470
f 1471/1544/1471 1480/1553/1480 1481/1554/1481
f 1481/1554/1481 1371/1434/1371 1471/1544/1471
f 1371/1434/1371 1481/1554/1481 1381/1444/1381
f 1482/1555/1482 1473/1546/1473 1472/1545/1472
f 1473/1546/1473 1482/1555/1482 1483/1556/1483
f 1483/1556/1483 1474/1547/1474 1473/1546/1473
f 1474/1547/1474 1483/1556/1483 1484/1557/1484
f 1484/1557/1484 1475/1548/1475 1474/1547/1474
f 1475/1548/1475 1484/1557/1484 1485/1558/1485
f 1485/1558/1485 1476/1549/1476 1475/1548/1475
f 1476/1549/1476 1485/1558/1485 1486/1559/1486
f 1486/1559/1486 1477/1550/1477 1476/1549/1476
f 1477/1550/1477 1486/1559/1486 1487/1560/1487
f 1487/1560/1487 1478/1551/1478 1477/1550/1477
f 1478/1551/1478 1487/1560/1487 1488/1561/1488
f 1488/1561/1488 1479/1552/1479 1478/1551/1478
f 1479/1552/1479 1488/1561/1488 1489/1562/1489
f 1489/1562/1489 1480/1553/1480 1479/1552/1479
f 1480/1553/1480 1489/1562/1489 1490/1563/1490
f 1490/1563/1490 1481/1554/1481 1480/1553/1480
f 1481/1554/1481 1490/1563/1490 1491/1564/1491
f 1491/1564/1491 1381/1444/1381 1481/1554/1481
f 1381/1444/1381 1491/1564/1491 1391/1454/1391
f 1492/1565/1492 1483/1556/1483 1482/1555/1482
f 1483/1556/1483 1492/1565/1492 1493/1566/1493
f 1493/1566/1493 1484/1557/1484 1483/1556/1483
f 1484/1557/1484 1493/1566/1493 1494/1567/1494
f 1494/1567/1494 1485/1558/1485 1484/1557/1484
f 1485/1558/1485 1494/1567/1494 1495/1568/1495
f 1495/1568/1495 1486/1559/1486 1485/1558/1485
f 1486/1559/1486 1495/1568/1495 1496/1569/1496
f 1496/1569/1496 1487/1560/1487 1486/1559/1486
f 1487/1560/1487 1496/1569/1496 1497/1570/1497
f 1497/1570/1497 1488/1561/1488 1487/1560/1487
f 1488/1561/1488 1497/1570/1497 1498/1571/1498
f 1498/1571/1498 1489/1562/1489 1488/1561/1488
f 1489/1562/1489 1498/1571/1498 1499/1572/1499
f 1499/1572/1499 1490/1563/1490 1489/1562/1489
f 1490/1563/1490 1499/1572/1499 1500/1573/1500
f 1500/1573/1500 1491/1564/1491 1490/1563/1490
f 1491/1564/1491 1500/1573/1500 1501/1574/1501
f 1501/1574/1501 1391/1454/1391 1491/1564/1491
f 1391/1454/1391 1501/1574/1501 1401/1464/1401
f 1502/1575/1502 1493/1566/1493 1492/1565/1492
f 1493/1566/1493 1502/1575/1502 1503/1576/1503
f 1503/1576/1503 1494/1567/1494 1493/1566/1493
f 1494/1567/1494 1503/1576/1503 1504/1577/1504
f 1504/1577/1504 1495/1568/1495 1494/1567/1494
f 1495/1568/1495 1504/1577/1504 1505/1578/1505
f 1505/1578/1505 1496/1569/1496 1495/1568/1495
f 1496/1569/1496 1505/1578/1505 1506/1579/1506
f 1506/1579/1506 1497/1570/1497 1496/1569/1496
f 1497/1570/1497 1506/1579/1506 1507/1580/1507
f 1507/1580/1507 1498/1571/1498 1497/1570/1497
f 1498/1571/1498 1507/1580/1507 1508/1581/1508
f 1508/1581/1508 1499/1572/1499 1498/1571/1498
f 1499/1572/1499 1508/1581/1508 1509/1582/1509
f 1509/1582/1509 1500/1573/1500 1499/1572/1499
f 1500/1573/1500 1509/1582/1509 1510/1583/1510
f 1510/1583/1510 1501/1574/1501 1500/1573/1500
f 1501/1574/1501 1510/1583/1510 1511/1584/1511
f 1511/1584/1511 1401/1464/1401 1501/1574/1501
f 1401/1464/1401 1511/1584/1511 1411/1474/1411
f 1512/1585/1512 1503/1576/1503 1502/1575/1502
f 1503/1576/1503 1512/1585/1512 1513/1586/1513
f 1513/1586/1513 1504/1577/1504 1503/1576/1503
f 1504/1577/1504 1513/1586/1513 1514/1587/1514
f 1514/1587/1514 1505/1578/1505 1504/1577/1504
f 1505/1578/1505 1514/1587/1514 1515/1588/1515
f 1515/1588/1515 1506/1579/1506 1505/1578/1505
f 1506/1579/1506 1515/1588/1515 1516/1589/1516
f 1516/1589/1516 1507/1580/1507 1506/1579/1506
f 1507/1580/1507 1516/1589/1516 1517/1590/1517
f 1517/1590/1517 1508/1581/1508 1507/1580/1507
f 1508/1581/1508 1517/1590/1517 1518/1591/1518
f 1518/1591/1518 1509/1582/1509 1508/1581/1508
f 1509/1582/1509 1518/1591/1518 1519/1592/1519
f 1519/1592/1519 1510/1583/1510 1509/1582/1509
f 1510/1583/1510 1519/1592/1519 1520/1593/1520
f 1520/1593/1520 1511/1584/1511 1510/1583/1510
f 1511/1584/1511 1520/1593/1520 1521/1594/1521
f 1521/1594/1521 1411/1474/1411 1511/1584/1511
f 1411/1474/1411 1521/1594/1521 1421/1484/1421
f 1522/1595/1522 1513/1586/1513 1512/1585/1512
f 1513/1586/1513 1522/1595/1522 1523/1596/1523
f 1523/1596/1523 1514/1587/1514 1513/1586/1513
f 1514/1587/1514 1523/1596/1523 1524/1597/1524
f 1524/1597/1524 1515/1588/1515 1514/1587/1514
f 1515/1588/1515 1524/1597/1524 1525/1598/1525
f 1525/1598/1525 1516/1589/1516 1515/1588/1515
f 1516/1589/1516 1525/1598/1525 1526/1599/1526
f 1526/1599/1526 1517/1590/1517 1516/1589/1516
f 1517/1590/1517 1526/1599/1526 1527/1600/1527
f 1527/1600/1527 1518/1591/1518 1517/1590/1517
f 1518/1591/1518 1527/1600/1527 1528/1601/1528
f 1528/1601/1528 1519/1592/1519 1518/1591/1518
f 1519/1592/1519 1528/1601/1528 1529/1602/1529
f 1529/1602/1529 1520/1593/1520 1519/1592/1519
f 1520/1593/1520 1529/1602/1529 1530/1603/1530
f 1530/1603/1530 1521/1594/1521 1520/1593/1520
f 1521/1594/1521 1530/1603/1530 1531/1604/1531
f 1531/1604/1531 1421/1484/1421 1521/1594/1521
f 1421/1484/1421 1531/1604/1531 1431/1494/1431
f 1532/1605/1532 1523/1596/1523 1522/1595/1522
f 1523/1596/1523 1532/1605/1532 1533/1606/1533
f 1533/1606/1533 1524/1597/1524 1523/1596/1523
f 1524/1597/1524 1533/1606/1533 1534/1607/1534
f 1534/1607/1534 1525/1598/1525 1524/1597/1524
f 1525/1598/1525 1534/1607/1534 1535/1608/1535
f 1535/1608/1535 1526/1599/1526 1525/1598/1525
f 1526/1599/1526 1535/1608/1535 1536/1609/1536
f 1536/1609/1536 1527/1600/1527 1526/1599/1526
f 1527/1600/1527 1536/1609/1536 1537/1610/1537
f 1537/1610/1537 1528/1601/1528 1527/1600/1527
f 1528/1601/1528 1537/1610/1537 1538/1611/1538
f 1538/1611/1538 1529/1602/1529 1528/1601/1528
f 1529/1602/1529 1538/1611/1538 1539/1612/1539
f 1539/1612/1539 1530/1603/1530 1529/1602/1529
f 1530/1603/1530 1539/1612/1539 1540/1613/1540
f 1540/1613/1540 1531/1604/1531 1530/1603/1530
f 1531/1604/1531 1540/1613/1540 1541/1614/1541
f 1541/1614/1541 1431/1494/1431 1531/1604/1531
f 1431/1494/1431 1541/1614/1541 1441/1504/1441
f 1542/1615/1542 1533/1606/1533 1532/1605/1532
f 1533/1606/1533 1542/1615/1542 1543/1616/1543
f 1543/1616/1543 1534/1607/1534 1533/1606/1533
f 1534/1607/1534 1543/1616/1543 1544/1617/1544
f 1544/1617/1544 1535/1608/1535 1534/1607/1534
f 1535/1608/1535 1544/1617/1544 1545/1618/1545
f 1545/1618/1545 1536/1609/1536 1535/1608/1535
f 1536/1609/1536 1545/1618/1545 1546/1619/1546
f 1546/1619/1546 1537/1610/1537 1536/1609/1536
f 1537/1610/1537 1546/1619/1546 1547/1620/1547
f 1547/1620/1547 1538/1611/1538 1537/1610/1537
f 1538/1611/1538 1547/1620/1547 1548/1621/1548
f 1548/1621/1548 1539/1612/1539 1538/1611/1538
f 1539/1612/1539 1548/1621/1548 1549/1622/1549
f 1549/1622/1549 1540/1613/1540 1539/1612/1539
f 1540/1613/1540 1549/1622/1549 1550/1623/1550
f 1550/1623/1550 1541/1614/1541 1540/1613/1540
f 1541/1614/1541 1550/1623/1550 1551/1624/1551
f 1551/1624/1551 1441/1504/1441 1541/1614/1541
f 1441/1504/1441 1551/1624/1551 1451/1514/1451
f 1242/1295/1242 1233/1625/1233 941/1284/941
f 1233/1625/1233 1242/1295/1242 1552/1634/1552
f 1552/1634/1552 1234/1626/1234 1233/1625/1233
f 1234/1626/1234 1552/1634/1552 1553/1635/1553
f 1553/1635/1553 1235/1627/1235 1234/1626/1234
f 1235/1627/1235 1553/1635/1553 1554/1636/1554
f 1554/1636/1554 1236/1628/1236 1235/1627/1235
f 1236/1628/1236 1554/1636/1554 1555/1637/1555
f 1555/1637/1555 1237/1629/1237 1236/1628/1236
f 1237/1629/1237 1555/1637/1555 1556/1638/1556
f 1556/1638/1556 1238/1630/1238 1237/1629/1237
f 1238/1630/1238 1556/1638/1556 1557/1639/1557
f 1557/1639/1557 1239/1631/1239 1238/1630/1238
f 1239/1631/1239 1557/1639/1557 1558/1640/1558
f 1558/1640/1558 1240/1632/1240 1239/1631/1239
f 1240/1632/1240 1558/1640/1558 1559/1641/1559
f 1559/1641/1559 1241/1633/1241 1240/1632/1240
f 1241/1633/1241 1559/1641/1559 1560/1642/1560
f 1560/1642/1560 1142/1515/1142 1241/1633/1241
f 1142/1515/1142 1560/1642/1560 1452/1525/1452
f 1253/1306/1253 1552/1634/1552 1242/1295/1242
f 1552/1634/1552 1253/1306/1253 1561/1643/1561
f 1561/1643/1561 1553/1635/1553 1552/1634/1552
f 1553/1635/1553 1561/1643/1561 1562/1644/1562
f 1562/1644/1562 1554/1636/1554 1553/1635/1553
f 1554/1636/1554 1562/1644/1562 1563/1645/1563
f 1563/1645/1563 1555/1637/1555 1554/1636/1554
f 1555/1637/1555 1563/1645/1563 1564/1646/1564
f 1564/1646/1564 1556/1638/1556 1555/1637/1555
f 1556/1638/1556 1564/1646/1564 1565/1647/1565
f 1565/1647/1565 1557/1639/1557 1556/1638/1556
f 1557/1639/1557 1565/1647/1565 1566/1648/1566
f 1566/1648/1566 1558/1640/1558 1557/1639/1557
f 1558/1640/1558 1566/1648/1566 1567/1649/1567
f 1567/1649/1567 1559/1641/1559 1558/1640/1558
f 1559/1641/1559 1567/1649/1567 1568/1650/1568
f 1568/1650/1568 1560/1642/1560 1559/1641/1559
f 1560/1642/1560 1568/1650/1568 1569/1651/1569
f 1569/1651/1569 1452/1525/1452 1560/1642/1560
f 1452/1525/1452 1569/1651/1569 1462/1535/1462
f 1264/1317/1264 1561/1643/1561 1253/1306/1253
f 1561/1643/1561 1264/1317/1264 1570/1652/1570
f 1570/1652/1570 1562/1644/1562 1561/1643/1561
f 1562/1644/1562 1570/1652/1570 1571/1653/1571
f 1571/1653/1571 1563/1645/1563 1562/1644/1562
f 1563/1645/1563 1571/1653/1571 1572/1654/1572
f 1572/1654/1572 1564/1646/1564 1563/1645/1563
f 1564/1646/1564 1572/1654/1572 1573/1655/1573
f 1573/1655/1573 1565/1647/1565 1564/1646/1564
f 1565/1647/1565 1573/1655/1573 1574/1656/1574
f 1574/1656/1574 1566/1648/1566 1565/1647/1565
f 1566/1648/1566 1574/1656/1574 1575/1657/1575
f 1575/1657/1575 1567/1649/1567 1566/1648/1566
f 1567/1649/1567 1575/1657/1575 1576/1658/1576
f 1576/1658/1576 1568/1650/1568 1567/1649/1567
f 1568/1650/1568 1576/1658/1576 1577/1659/1577
f 1577/1659/1577 1569/1651/1569 1568/1650/1568
f 1569/1651/1569 1577/1659/1577 1578/1660/1578
f 1578/1660/1578 1462/1535/1462 1569/1651/1569
f 1462/1535/1462 1578/1660/1578 1472/1545/1472
f 1275/1328/1275 1570/1652/1570 1264/1317/1264
f 1570/1652/1570 1275/1328/1275 1579/1661/1579
f 1579/1661/1579 1571/1653/1571 1570/1652/1570
f 1571/1653/1571 1579/1661/1579 1580/1662/1580
f 1580/1662/1580 1572/1654/1572 1571/1653/1571
f 1572/1654/1572 1580/1662/1580 1581/1663/1581
f 1581/1663/1581 1573/1655/1573 1572/1654/1572
f 1573/1655/1573 1581/1663/1581 1582/1664/1582
f 1582/1664/1582 1574/1656/1574 1573/1655/1573
f 1574/1656/1574 1582/1664/1582 1583/1665/1583
f 1583/1665/1583 1575/1657/1575 1574/1656/1574
f 1575/1657/1575 1583/1665/1583 1584/1666/1584
f 1584/1666/1584 1576/1658/1576 1575/1657/1575
f 1576/1658/1576 1584/1666/1584 1585/1667/1585
f 1585/1667/1585 1577/1659/1577 1576/1658/1576
f 1577/1659/1577 1585/1667/1585 1586/1668/1586
f 1586/1668/1586 1578/1660/1578 1577/1659/1577
f 1578/1660/1578 1586/1668/1586 1587/1669/1587
f 1587/1669/1587 1472/1545/1472 1578/1660/1578
f 1472/1545/1472 1587/1669/1587 1482/1555/1482
f 1286/1339/1286 1579/1661/1579 1275/1328/1275
f 1579/1661/1579 1286/1339/1286 1588/1670/1588
f 1588/1670/1588 1580/1662/1580 1579/1661/1579
f 1580/1662/1580 1588/1670/1588 1589/1671/1589
f 1589/1671/1589 1581/1663/1581 1580/1662/1580
f 1581/1663/1581 1589/1671/1589 1590/1672/1590
f 1590/1672/1590 1582/1664/1582 1581/1663/1581
f 1582/1664/1582 1590/1672/1590 1591/1673/1591
f 1591/1673/1591 1583/1665/1583 1582/1664/1582
f 1583/1665/1583 1591/1673/1591 1592/1674/1592
f 1592/1674/1592 1584/1666/1584 1583/1665/1583
f 1584/1666/1584 1592/1674/1592 1593/1675/1593
f 1593/1675/1593 1585/1667/1585 1584/1666/1584
f 1585/1667/1585 1593/1675/1593 1594/1676/1594
f 1594/1676/1594 1586/1668/1586 1585/1667/1585
f 1586/1668/1586 1594/1676/1594 1595/1677/1595
f 1595/1677/1595 1587/1669/1587 1586/1668/1586
f 1587/1669/1587 1595/1677/1595 1596/1678/1596
f 1596/1678/1596 1482/1555/1482 1587/1669/1587
f 1482/1555/1482 1596/1678/1596 1492/1565/1492
f 1297/1350/1297 1588/1670/1588 1286/1339/1286
f 1588/1670/1588 1297/1350/1297 1597/1679/1597
f 1597/1679/1597 1589/1671/1589 1588/1670/1588
f 1589/1671/1589 1597/1679/1597 1598/1680/1598
f 1598/1680/1598 1590/1672/1590 1589/1671/1589
f 1590/1672/1590 1598/1680/1598 1599/1681/1599
f 1599/1681/1599 1591/1673/1591 1590/1672/1590
f 1591/1673/1591 1599/1681/1599 1600/1682/1600
f 1600/1682/1600 1592/1674/1592 1591/1673/1591
f 1592/1674/1592 1600/1682/1600 1601/1683/1601
f 1601/1683/1601 1593/1675/1593 1592/1674/1592
f 1593/1675/1593 1601/1683/1601 1602/1684/1602
f 1602/1684/1602 1594/1676/1594 1593/1675/1593
f 1594/1676/1594 1602/1684/1602 1603/1685/1603
f 1603/1685/1603 1595/1677/1595 1594/1676/1594
f 1595/1677/1595 1603/1685/1603 1604/1686/1604
f 1604/1686/1604 1596/1678/1596 1595/1677/1595
f 1596/1678/1596 1604/1686/1604 1605/1687/1605
f 1605/1687/1605 1492/1565/1492 1596/1678/1596
f 1492/1565/1492 1605/1687/1605 1502/1575/1502
f 1308/1361/1308 1597/1679/1597 1297/1350/1297
f 1597/1679/1597 1308/1361/1308 1606/1688/1606
f 1606/1688/1606 1598/1680/1598 1597/1679/1597
f 1598/1680/1598 1606/1688/1606 1607/1689/1607
f 1607/1689/1607 1599/1681/1599 1598/1680/1598
f 1599/1681/1599 1607/1689/1607 1608/1690/1608
f 1608/1690/1608 1600/1682/1600 1599/1681/1599
f 1600/1682/1600 1608/1690/1608 1609/1691/1609
f 1609/1691/1609 1601/1683/1601 1600/1682/1600
f 1601/1683/1601 1609/1691/1609 1610/1692/1610
f 1610/1692/1610 1602/1684/1602 1601/1683/1601
f 1602/1684/1602 1610/1692/1610 1611/1693/1611
f 1611/1693/1611 1603/1685/1603 1602/1684/1602
f 1603/1685/1603 1611/1693/1611 1612/1694/1612
f 1612/1694/1612 1604/1686/1604 1603/1685/1603
f 1604/1686/1604 1612/1694/1612 1613/1695/1613
f 1613/1695/1613 1605/1687/1605 1604/1686/1604
f 1605/1687/1605 1613/1695/1613 1614/1696/1614
f 1614/1696/1614 1502/1575/1502 1605/1687/1605
f 1502/1575/1502 1614/1696/1614 1512/1585/1512
f 1319/1372/1319 1606/1688/1606 1308/1361/1308
f 1606/1688/1606 1319/1372/1319 1615/1697/1615
f 1615/1697/1615 1607/1689/1607 1606/1688/1606
f 1607/1689/1607 1615/1697/1615 1616/1698/1616
f 1616/1698/1616 1608/1690/1608 1607/1689/1607
f 1608/1690/1608 1616/1698/1616 1617/1699/1617
f 1617/1699/1617 1609/1691/1609 1608/1690/1608
f 1609/1691/1609 1617/1699/1617 1618/1700/1618
f 1618/1700/1618 1610/1692/1610 1609/1691/1609
f 1610/1692/1610 1618/1700/1618 1619/1701/1619
f 1619/1701/1619 1611/1693/1611 1610/1692/1610
f 1611/1693/1611 1619/1701/1619 1620/1702/1620
f 1620/1702/1620 1612/1694/1612 1611/1693/1611
f 1612/1694/1612 1620/1702/1620 1621/1703/1621
f 1621/1703/1621 1613/1695/1613 1612/1694/1612
f 1613/1695/1613 1621/1703/1621 1622/1704/1622
f 1622/1704/1622 1614/1696/1614 1613/1695/1613
f 1614/1696/1614 1622/1704/1622 1623/1705/1623
f 1623/1705/1623 1512/1585/1512 1614/1696/1614
f 1512/1585/1512 1623/1705/1623 1522/1595/1522
f 1330/1383/1330 1615/1697/1615 1319/1372/1319
f 1615/1697/1615 1330/1383/1330 1624/1706/1624
f 1624/1706/1624 1616/1698/1616 1615/1697/1615
f 1616/1698/1616 1624/1706/1624 1625/1707/1625
f 1625/1707/1625 1617/1699/1617 1616/1698/1616
f 1617/1699/1617 1625/1707/1625 1626/1708/1626
f 1626/1708/1626 1618/1700/1618 1617/1699/1617
f 1618/1700/1618 1626/1708/1626 1627/1709/1627
f 1627/1709/1627 1619/1701/1619 1618/1700/1618
f 1619/1701/1619 1627/1709/1627 1628/1710/1628
f 1628/1710/1628 1620/1702/1620 1619/1701/1619
f 1620/1702/1620 1628/1710/1628 1629/1711/1629
f 1629/1711/1629 1621/1703/1621 1620/1702/1620
f 1621/1703/1621 1629/1711/1629 1630/1712/1630
f 1630/1712/1630 1622/1704/1622 1621/1703/1621
f 1622/1704/1622 1630/1712/1630 1631/1713/1631
f 1631/1713/1631 1623/1705/1623 1622/1704/1622
f 1623/1705/1623 1631/1713/1631 1632/1714/1632
f 1632/1714/1632 1522/1595/1522 1623/1705/1623
f 1522/1595/1522 1632/1714/1632 1532/1605/1532
f 1341/1394/1341 1624/1706/1624 1330/1383/1330
f 1624/1706/1624 1341/1394/1341 1633/1715/1633
f 1633/1715/1633 1625/1707/1625 1624/1706/1624
f 1625/1707/1625 1633/1715/1633 1634/1716/1634
f 1634/1716/1634 1626/1708/1626 1625/1707/1625
f 1626/1708/1626 1634/1716/1634 1635/1717/1635
f 1635/1717/1635 1627/1709/1627 1626/1708/1626
f 1627/1709/1627 1635/1717/1635 1636/1718/1636
f 1636/1718/1636 1628/1710/1628 1627/1709/1627
f 1628/1710/1628 1636/1718/1636 1637/1719/1637
f 1637/1719/1637 1629/1711/1629 1628/1710/1628
f 1629/1711/1629 1637/1719/1637 1638/1720/1638
f 1638/1720/1638 1630/1712/1630 1629/1711/1629
f 1630/1712/1630 1638/1720/1638 1639/1721/1639
f 1639/1721/1639 1631/1713/1631 1630/1712/1630
f 1631/1713/1631 1639/1721/1639 1640/1722/1640
f 1640/1722/1640 1632/1714/1632 1631/1713/1631
f 1632/1714/1632 1640/1722/1640 1641/1723/1641
f 1641/1723/1641 1532/1605/1532 1632/1714/1632
f 1532/1605/1532 1641/1723/1641 1542/1615/1542
f 1643/1725/1643 1653/1735/1653 1642/1724/1642
f 1653/1735/1653 1643/1725/1643 1654/1736/1654
f 1644/1726/1644 1654/1736/1654 1643/1725/1643
f 1654/1736/1654 1644/1726/1644 1655/1737/1655
f 1645/1727/1645 1655/1737/1655 1644/1726/1644
f 1655/1737/1655 1645/1727/1645 1656/1738/1656
f 1646/1728/1646 1656/1738/1656 1645/1727/1645
f 1656/1738/1656 1646/1728/1646 1657/1739/1657
f 1647/1729/1647 1657/1739/1657 1646/1728/1646
f 1657/1739/1657 1647/1729/1647 1658/1740/1658
f 1648/1730/1648 1658/1740/1658 1647/1729/1647
f 1658/1740/1658 1648/1730/1648 1659/1741/1659
f 1649/1731/1649 1659/1741/1659 1648/1730/1648
f 1659/1741/1659 1649/1731/1649 1660/1742/1660
f 1650/1732/1650 1660/1742/1660 1649/1731/1649
f 1660/1742/1660 1650/1732/1650 1661/1743/1661
f 1651/1733/1651 1661/1743/1661 1650/1732/1650
f 1661/1743/1661 1651/1733/1651 1662/1744/1662
f 1652/1734/1652 1662/1744/1662 1651/1733/1651
f 1662/1744/1662 1652/1734/1652 1663/1745/1663
f 1654/1736/1654 1664/1746/1664 1653/1735/1653
f 1664/1746/1664 1654/1736/1654 1665/1747/1665
f 1655/1737/1655 1665/1747/1665 1654/1736/1654
f 1665/1747/1665 1655/1737/1655 1666/1748/1666
f 1656/1738/1656 1666/1748/1666 1655/1737/1655
f 1666/1748/1666 1656/1738/1656 1667/1749/1667
f 1657/1739/1657 1667/1749/1667 1656/1738/1656
f 1667/1749/1667 1657/1739/1657 1668/1750/1668
f 1658/1740/1658 1668/1750/1668 1657/1739/1657
f 1668/1750/1668 1658/1740/1658 1669/1751/1669
f 1659/1741/1659 1669/1751/1669 1658/1740/1658
f 1669/1751/1669 1659/1741/1659 1670/1752/1670
f 1660/1742/1660 1670/1752/1670 1659/1741/1659
f 1670/1752/1670 1660/1742/1660 1671/1753/1671
f 1661/1743/1661 1671/1753/1671 1660/1742/1660
f 1671/1753/1671 1661/1743/1661 1672/1754/1672
f 1662/1744/1662 1672/1754/1672 1661/1743/1661
f 1672/1754/1672 1662/1744/1662 1673/1755/1673
f 1663/1745/1663 1673/1755/1673 1662/1744/1662
f 1673/1755/1673 1663/1745/1663 1674/1756/1674
f 1665/1747/1665 1675/1757/1675 1664/1746/1664
f 1675/1757/1675 1665/1747/1665 1676/1758/1676
f 1666/1748/1666 1676/1758/1676 1665/1747/1665
f 1676/1758/1676 1666/1748/1666 1677/1759/1677
f 1667/1749/1667 1677/1759/1677 1666/1748/1666
f 1677/1759/1677 1667/1749/1667 1678/1760/1678
f 1668/1750/1668 1678/1760/1678 1667/1749/1667
f 1678/1760/1678 1668/1750/1668 1679/1761/1679
f 1669/1751/1669 1679/1761/1679 1668/1750/1668
f 1679/1761/1679 1669/1751/1669 1680/1762/1680
f 1670/1752/1670 1680/1762/1680 1669/1751/1669
f 1680/1762/1680 1670/1752/1670 1681/1763/1681
f 1671/1753/1671 1681/1763/1681 1670/1752/1670
f 1681/1763/1681 1671/1753/1671 1682/1764/1682
f 1672/1754/1672 1682/1764/1682 1671/1753/1671
f 1682/1764/1682 1672/1754/1672 1683/1765/1683
f 1673/1755/1673 1683/1765/1683 1672/1754/1672
f 1683/1765/1683 1673/1755/1673 1684/1766/1684
f 1674/1756/1674 1684/1766/1684 1673/1755/1673
f 1684/1766/1684 1674/1756/1674 1685/1767/1685
f 1676/1758/1676 1686/1768/1686 1675/1757/1675
f 1686/1768/1686 1676/1758/1676 1687/1769/1687
f 1677/1759/1677 1687/1769/1687 1676/1758/1676
f 1687/1769/1687 1677/1759/1677 1688/1770/1688
f 1678/1760/1678 1688/1770/1688 1677/1759/1677
f 1688/1770/1688 1678/1760/1678 1689/1771/1689
f 1679/1761/1679 1689/1771/1689 1678/1760/1678
f 1689/1771/1689 1679/1761/1679 1690/1772/1690
f 1680/1762/1680 1690/1772/1690 1679/1761/1679
f 1690/1772/1690 1680/1762/1680 1691/1773/1691
f 1681/1763/1681 1691/1773/1691 1680/1762/1680
f 1691/1773/1691 1681/1763/1681 1692/1774/1692
f 1682/1764/1682 1692/1774/1692 1681/1763/1681
f 1692/1774/1692 1682/1764/1682 1693/1775/1693
f 1683/1765/1683 1693/1775/1693 1682/1764/1682
f 1693/1775/1693 1683/1765/1683 1694/1776/1694
f 1684/1766/1684 1694/1776/1694 1683/1765/1683
f 1694/1776/1694 1684/1766/1684 1695/1777/1695
f 1685/1767/1685 1695/1777/1695 1684/1766/1684
f 1695/1777/1695 1685/1767/1685 1696/1778/1696
f 1687/1769/1687 1697/1779/1697 1686/1768/1686
f 1697/1779/1697 1687/1769/1687 1698/1780/1698
f 1688/1770/1688 1698/1780/1698 1687/1769/1687
f 1698/1780/1698 1688/1770/1688 1699/1781/1699
f 1689/1771/1689 1699/1781/1699 1688/1770/1688
f 1699/1781/1699 1689/1771/1689 1700/1782/1700
f 1690/1772/1690 1700/1782/1700 1689/1771/1689
f 1700/1782/1700 1690/1772/1690 1701/1783/1701
f 1691/1773/1691 1701/1783/1701 1690/1772/1690
f 1701/1783/1701 1691/1773/1691 1702/1784/1702
f 1692/1774/1692 1702/1784/1702 1691/1773/1691
f 1702/1784/1702 1692/1774/1692 1703/1785/1703
f 1693/1775/1693 1703/1785/1703 1692/1774/1692
f 1703/1785/1703 1693/1775/1693 1704/1786/1704
f 1694/1776/1694 1704/1786/1704 1693/1775/1693
f 1704/1786/1704 1694/1776/1694 1705/1787/1705
f 1695/1777/1695 1705/1787/1705 1694/1776/1694
f 1705/1787/1705 1695/1777/1695 1706/1788/1706
f 1696/1778/1696 1706/1788/1706 1695/1777/1695
f 1706/1788/1706 1696/1778/1696 1707/1789/1707
f 1698/1780/1698 1708/1790/1708 1697/1779/1697
f 1708/1790/1708 1698/1780/1698 1709/1791/1709
f 1699/1781/1699 1709/1791/1709 1698/1780/1698
f 1709/1791/1709 1699/1781/1699 1710/1792/1710
f 1700/1782/1700 1710/1792/1710 1699/1781/1699
f 1710/1792/1710 1700/1782/1700 1711/1793/1711
f 1701/1783/1701 1711/1793/1711 1700/1782/1700
f 1711/1793/1711 1701/1783/1701 1712/1794/1712
f 1702/1784/1702 1712/1794/1712 1701/1783/1701
f 1712/1794/1712 1702/1784/1702 1713/1795/1713
f 1703/1785/1703 1713/1795/1713 1702/1784/1702
f 1713/1795/1713 1703/1785/1703 1714/1796/1714
f 1704/1786/1704 1714/1796/1714 1703/1785/1703
f 1714/1796/1714 1704/1786/1704 1715/1797/1715
f 1705/1787/1705 1715/1797/1715 1704/1786/1704
f 1715/1797/1715 1705/1787/1705 1716/1798/1716
f 1706/1788/1706 1716/1798/1716 1705/1787/1705
f 1716/1798/1716 1706/1788/1706 1717/1799/1717
f 1707/1789/1707 1717/1799/1717 1706/1788/1706
f 1717/1799/1717 1707/1789/1707 1718/1800/1718
f 1709/1791/1709 1719/1801/1719 1708/1790/1708
f 1719/1801/1719 1709/1791/1709 1720/1802/1720
f 1710/1792/1710 1720/1802/1720 1709/1791/1709
f 1720/1802/1720 1710/1792/1710 1721/1803/1721
f 1711/1793/1711 1721/1803/1721 1710/1792/1710
f 1721/1803/1721 1711/1793/1711 1722/1804/1722
f 1712/1794/1712 1722/1804/1722 1711/1793/1711
f 1722/1804/1722 1712/1794/1712 1723/1805/1723
f 1713/1795/1713 1723/1805/1723 1712/1794/1712
f 1723/1805/1723 1713/1795/1713 1724/1806/1724
f 1714/1796/1714 1724/1806/1724 1713/1795/1713
f 1724/1806/1724 1714/1796/1714 1725/1807/1725
f 1715/1797/1715 1725/1807/1725 1714/1796/1714
f 1725/1807/1725 1715/1797/1715 1726/1808/1726
f 1716/1798/1716 1726/1808/1726 1715/1797/1715
f 1726/1808/1726 1716/1798/1716 1727/1809/1727
f 1717/1799/1717 1727/1809/1727 1716/1798/1716
f 1727/1809/1727 1717/1799/1717 1728/1810/1728
f 1718/1800/1718 1728/1810/1728 1717/1799/1717
f 1728/1810/1728 1718/1800/1718 1729/1811/1729
f 1720/1802/1720 1730/1812/1730 1719/1801/1719
f 1730/1812/1730 1720/1802/1720 1731/1813/1731
f 1721/1803/1721 1731/1813/1731 1720/1802/1720
f 1731/1813/1731 1721/1803/1721 1732/1814/1732
f 1722/1804/1722 1732/1814/1732 1721/1803/1721
f 1732/1814/1732 1722/1804/1722 1733/1815/1733
f 1723/1805/1723 1733/1815/1733 1722/1804/1722
f 1733/1815/1733 1723/1805/1723 1734/1816/1734
f 1724/1806/1724 1734/1816/1734 1723/1805/1723
f 1734/1816/1734 1724/1806/1724 1735/1817/1735
f 1725/1807/1725 1735/1817/1735 1724/1806/1724
f 1735/1817/1735 1725/1807/1725 1736/1818/1736
f 1726/1808/1726 1736/1818/1736 1725/1807/1725
f 1736/1818/1736 1726/1808/1726 1737/1819/1737
f 1727/1809/1727 1737/1819/1737 1726/1808/1726
f 1737/1819/1737 1727/1809/1727 1738/1820/1738
f 1728/1810/1728 1738/1820/1738 1727/1809/1727
f 1738/1820/1738 1728/1810/1728 1739/1821/1739
f 1729/1811/1729 1739/1821/1739 1728/1810/1728
f 1739/1821/1739 1729/1811/1729 1740/1822/1740
f 1731/1813/1731 1741/1823/1741 1730/1812/1730
f 1741/1823/1741 1731/1813/1731 1742/1824/1742
f 1732/1814/1732 1742/1824/1742 1731/1813/1731
f 1742/1824/1742 1732/1814/1732 1743/1825/1743
f 1733/1815/1733 1743/1825/1743 1732/1814/1732
f 1743/1825/1743 1733/1815/1733 1744/1826/1744
f 1734/1816/1734 1744/1826/1744 1733/1815/1733
f 1744/1826/1744 1734/1816/1734 1745/1827/1745
f 1735/1817/1735 1745/1827/1745 1734/1816/1734
f 1745/1827/1745 1735/1817/1735 1746/1828/1746
f 1736/1818/1736 1746/1828/1746 1735/1817/1735
f 1746/1828/1746 1736/1818/1736 1747/1829/1747
f 1737/1819/1737 1747/1829/1747 1736/1818/1736
f 1747/1829/1747 1737/1819/1737 1748/1830/1748
f 1738/1820/1738 1748/1830/1748 1737/1819/1737
f 1748/1830/1748 1738/1820/1738 1749/1831/1749
f 1739/1821/1739 1749/1831/1749 1738/1820/1738
f 1749/1831/1749 1739/1821/1739 1750/1832/1750
f 1740/1822/1740 1750/1832/1750 1739/1821/1739
f 1750/1832/1750 1740/1822/1740 1751/1833/1751
f 1742/1824/1742 1752/1834/1752 1741/1823/1741
f 1752/1834/1752 1742/1824/1742 1753/1835/1753
f 1743/1825/1743 1753/1835/1753 1742/1824/1742
f 1753/1835/1753 1743/1825/1743 1754/1836/1754
f 1744/1826/1744 1754/1836/1754 1743/1825/1743
f 1754/1836/1754 1744/1826/1744 1755/1837/1755
f 1745/1827/1745 1755/1837/1755 1744/1826/1744
f 1755/1837/1755 1745/1827/1745 1756/1838/1756
f 1746/1828/1746 1756/1838/1756 1745/1827/1745
f 1756/1838/1756 1746/1828/1746 1757/1839/1757
f 1747/1829/1747 1757/1839/1757 1746/1828/1746
f 1757/1839/1757 1747/1829/1747 1758/1840/1758
f 1748/1830/1748 1758/1840/1758 1747/1829/1747
f 1758/1840/1758 1748/1830/1748 1759/1841/1759
f 1749/1831/1749 1759/1841/1759 1748/1830/1748
f 1759/1841/1759 1749/1831/1749 1760/1842/1760
f 1750/1832/1750 1760/1842/1760 1749/1831/1749
f 1760/1842/1760 1750/1832/1750 1761/1843/1761
f 1751/1833/1751 1761/1843/1761 1750/1832/1750
f 1761/1843/1761 1751/1833/1751 1762/1844/1762
f 1763/1845/1763 1663/1745/1663 1652/1734/1652
f 1663/1745/1663 1763/1845/1763 1773/1855/1773
f 1764/1846/1764 1773/1855/1773 1763/1845/1763
f 1773/1855/1773 1764/1846/1764 1774/1856/1774
f 1765/1847/1765 1774/1856/1774 1764/1846/1764
f 1774/1856/1774 1765/1847/1765 1775/1857/1775
f 1766/1848/1766 1775/1857/1775 1765/1847/1765
f 1775/1857/1775 1766/1848/1766 1776/1858/1776
f 1767/1849/1767 1776/1858/1776 1766/1848/1766
f 1776/1858/1776 1767/1849/1767 1777/1859/1777
f 1768/1850/1768 1777/1859/1777 1767/1849/1767
f 1777/1859/1777 1768/1850/1768 1778/1860/1778
f 1769/1851/1769 1778/1860/1778 1768/1850/1768
f 1778/1860/1778 1769/1851/1769 1779/1861/1779
f 1770/1852/1770 1779/1861/1779 1769/1851/1769
f 1779/1861/1779 1770/1852/1770 1780/1862/1780
f 1771/1853/1771 1780/1862/1780 1770/1852/1770
f 1780/1862/1780 1771/1853/1771 1781/1863/1781
f 1772/1854/1772 1781/1863/1781 1771/1853/1771
f 1781/1863/1781 1772/1854/1772 1782/1864/1782
f 1773/1855/1773 1674/1756/1674 1663/1745/1663
f 1674/1756/1674 1773/1855/1773 1783/1865/1783
f 1774/1856/1774 1783/1865/1783 1773/1855/1773
f 1783/1865/1783 1774/1856/1774 1784/1866/1784
f 1775/1857/1775 1784/1866/1784 1774/1856/1774
f 1784/1866/1784 1775/1857/1775 1785/1867/1785
f 1776/1858/1776 1785/1867/1785 1775/1857/1775
f 1785/1867/1785 1776/1858/1776 1786/1868/1786
f 1777/1859/1777 1786/1868/1786 1776/1858/1776
f 1786/1868/1786 1777/1859/1777 1787/1869/1787
f 1778/1860/1778 1787/1869/1787 1777/1859/1777
f 1787/1869/1787 1778/1860/1778 1788/1870/1788
f 1779/1861/1779 1788/1870/1788 1778/1860/1778
f 1788/1870/1788 1779/1861/1779 1789/1871/1789
f 1780/1862/1780 1789/1871/1789 1779/1861/1779
f 1789/1871/1789 1780/1862/1780 1790/1872/1790
f 1781/1863/1781 1790/1872/1790 1780/1862/1780
f 1790/1872/1790 1781/1863/1781 1791/1873/1791
f 1782/1864/1782 1791/1873/1791 1781/1863/1781
f 1791/1873/1791 1782/1864/1782 1792/1874/1792
f 1783/1865/1783 1685/1767/1685 1674/1756/1674
f 1685/1767/1685 1783/1865/1783 1793/1875/1793
f 1784/1866/1784 1793/1875/1793 1783/1865/1783
f 1793/1875/1793 1784/1866/1784 1794/1876/1794
f 1785/1867/1785 1794/1876/1794 1784/1866/1784
f 1794/1876/1794 1785/1867/1785 1795/1877/1795
f 1786/1868/1786 1795/1877/1795 1785/1867/1785
f 1795/1877/1795 1786/1868/1786 1796/1878/1796
f 1787/1869/1787 1796/1878/1796 1786/1868/1786
f 1796/1878/1796 1787/1869/1787 1797/1879/1797
f 1788/1870/1788 1797/1879/1797 1787/1869/1787
f 1797/1879/1797 1788/1870/1788 1798/1880/1798
f 1789/1871/1789 1798/1880/1798 1788/1870/1788
f 1798/1880/1798 1789/1871/1789 1799/1881/1799
f 1790/1872/1790 1799/1881/1799 1789/1871/1789
f 1799/1881/1799 1790/1872/1790 1800/1882/1800
f 1791/1873/1791 1800/1882/1800 1790/1872/1790
f 1800/1882/1800 1791/1873/1791 1801/1883/1801
f 1792/1874/1792 1801/1883/1801 1791/1873/1791
f 1801/1883/1801 1792/1874/1792 1802/1884/1802
f 1793/1875/1793 1696/1778/1696 1685/1767/1685
f 1696/1778/1696 1793/1875/1793 1803/1885/1803
f 1794/1876/1794 1803/1885/1803 1793/1875/1793
f 1803/1885/1803 1794/1876/1794 1804/1886/1804
f 1795/1877/1795 1804/1886/1804 1794/1876/1794
f 1804/1886/1804 1795/1877/1795 1805/1887/1805
f 1796/1878/1796 1805/1887/1805 1795/1877/1795
f 1805/1887/1805 1796/1878/1796 1806/1888/1806
f 1797/1879/1797 1806/1888/1806 1796/1878/1796
f 1806/1888/1806 1797/1879/1797 1807/1889/1807
f 1798/1880/1798 1807/1889/1807 1797/1879/1797
f 1807/1889/1807 1798/1880/1798 1808/1890/1808
f 1799/1881/1799 1808/1890/1808 1798/1880/1798
f 1808/1890/1808 1799/1881/1799 1809/1891/1809
f 1800/1882/1800 1809/1891/1809 1799/1881/1799
f 1809/1891/1809 1800/1882/1800 1810/1892/1810
f 1801/1883/1801 1810/1892/1810 1800/1882/1800
f 1810/1892/1810 1801/1883/1801 1811/1893/1811
f 1802/1884/1802 1811/1893/1811 1801/1883/1801
f 1811/1893/1811 1802/1884/1802 1812/1894/1812
f 1803/1885/1803 1707/1789/1707 1696/1778/1696
f 1707/1789/1707 1803/1885/1803 1813/1895/1813
f 1804/1886/1804 1813/1895/1813 1803/1885/1803
f 1813/1895/1813 1804/1886/1804 1814/1896/1814
f 1805/1887/1805 1814/1896/1814 1804/1886/1804
f 1814/1896/1814 1805/1887/1805 1815/1897/1815
f 1806/1888/1806 1815/1897/1815 1805/1887/1805
f 1815/1897/1815 1806/1888/1806 1816/1898/1816
f 1807/1889/1807 1816/1898/1816 1806/1888/1806
f 1816/1898/1816 1807/1889/1807 1817/1899/1817
f 1808/1890/1808 1817/1899/1817 1807/1889/1807
f 1817/1899/1817 1808/1890/1808 1818/1900/1818
f 1809/1891/1809 1818/1900/1818 1808/1890/1808
f 1818/1900/1818 1809/1891/1809 1819/1901/1819
f 1810/1892/1810 1819/1901/1819 1809/1891/1809
f 1819/1901/1819 1810/1892/1810 1820/1902/1820
f 1811/1893/1811 1820/1902/1820 1810/1892/1810
f 1820/1902/1820 1811/1893/1811 1821/1903/1821
f 1812/1894/1812 1821/1903/1821 1811/1893/1811
f 1821/1903/1821 1812/1894/1812 1822/1904/1822
f 1813/1895/1813 1718/1800/1718 1707/1789/1707
f 1718/1800/1718 1813/1895/1813 1823/1905/1823
f 1814/1896/1814 1823/1905/1823 1813/1895/1813
f 1823/1905/1823 1814/1896/1814 1824/1906/1824
f 1815/1897/1815 1824/1906/1824 1814/1896/1814
f 1824/1906/1824 1815/1897/1815 1825/1907/1825
f 1816/1898/1816 1825/1907/1825 1815/1897/1815
f 1825/1907/1825 1816/1898/1816 1826/1908/1826
f 1817/1899/1817 1826/1908/1826 1816/1898/1816
f 1826/1908/1826 1817/1899/1817 1827/1909/1827
f 1818/1900/1818 1827/1909/1827 1817/1899/1817
f 1827/1909/1827 1818/1900/1818 1828/1910/1828
f 1819/1901/1819 1828/1910/1828 1818/1900/1818
f 1828/1910/1828 1819/1901/1819 1829/1911/1829
f 1820/1902/1820 1829/1911/1829 1819/1901/1819
f 1829/1911/1829 1820/1902/1820 1830/1912/1830
f 1821/1903/1821 1830/1912/1830 1820/1902/1820
f 1830/1912/1830 1821/1903/1821 1831/1913/1831
f 1822/1904/1822 1831/1913/1831 1821/1903/1821
f 1831/1913/1831 1822/1904/1822 1832/1914/1832
f 1823/1905/1823 1729/1811/1729 1718/1800/1718
f 1729/1811/1729 1823/1905/1823 1833/1915/1833
f 1824/1906/1824 1833/1915/1833 1823/1905/1823
f 1833/1915/1833 1824/1906/1824 1834/1916/1834
f 1825/1907/1825 1834/1916/1834 1824/1906/1824
f 1834/1916/1834 1825/1907/1825 1835/1917/1835
f 1826/1908/1826 1835/1917/1835 1825/1907/1825
f 1835/1917/1835 1826/1908/1826 1836/1918/1836
f 1827/1909/1827 1836/1918/1836 1826/1908/1826
f 1836/1918/1836 1827/1909/1827 1837/1919/1837
f 1828/1910/1828 1837/1919/1837 1827/1909/1827
f 1837/1919/1837 1828/1910/1828 1838/1920/1838
f 1829/1911/1829 1838/1920/1838 1828/1910/1828
f 1838/1920/1838 1829/1911/1829 1839/1921/1839
f 1830/1912/1830 1839/1921/1839 1829/1911/1829
f 1839/1921/1839 1830/1912/1830 1840/1922/1840
f 1831/1913/1831 1840/1922/1840 1830/1912/1830
f 1840/1922/1840 1831/1913/1831 1841/1923/1841
f 1832/1914/1832 1841/1923/1841 1831/1913/1831
f 1841/1923/1841 1832/1914/1832 1842/1924/1842
f 1833/1915/1833 1740/1822/1740 1729/1811/1729
f 1740/1822/1740 1833/1915/1833 1843/1925/1843
f 1834/1916/1834 1843/1925/1843 1833/1915/1833
f 1843/1925/1843 1834/1916/1834 1844/1926/1844
f 1835/1917/1835 1844/1926/1844 1834/1916/1834
f 1844/1926/1844 1835/1917/1835 1845/1927/1845
f 1836/1918/1836 1845/1927/1845 1835/1917/1835
f 1845/1927/1845 1836/1918/1836 1846/1928/1846
f 1837/1919/1837 1846/1928/1846 1836/1918/1836
f 1846/1928/1846 1837/1919/1837 1847/1929/1847
f 1838/1920/1838 1847/1929/1847 1837/1919/1837
f 1847/1929/1847 1838/1920/1838 1848/1930/1848
f 1839/1921/1839 1848/1930/1848 1838/1920/1838
f 1848/1930/1848 1839/1921/1839 1849/1931/1849
f 1840/1922/1840 1849/1931/1849 1839/1921/1839
f 1849/1931/1849 1840/1922/1840 1850/1932/1850
f 1841/1923/1841 1850/1932/1850 1840/1922/1840
f 1850/1932/1850 1841/1923/1841 1851/1933/1851
f 1842/1924/1842 1851/1933/1851 1841/1923/1841
f 1851/1933/1851 1842/1924/1842 1852/1934/1852
f 1843/1925/1843 1751/1833/1751 1740/1822/1740
f 1751/1833/1751 1843/1925/1843 1853/1935/1853
f 1844/1926/1844 1853/1935/1853 1843/1925/1843
f 1853/1935/1853 1844/1926/1844 1854/1936/1854
f 1845/1927/1845 1854/1936/1854 1844/1926/1844
f 1854/1936/1854 1845/1927/1845 1855/1937/1855
f 1846/1928/1846 1855/1937/1855 1845/1927/1845
f 1855/1937/1855 1846/1928/1846 1856/1938/1856
f 1847/1929/1847 1856/1938/1856 1846/1928/1846
f 1856/1938/1856 1847/1929/1847 1857/1939/1857
f 1848/1930/1848 1857/1939/1857 1847/1929/1847
f 1857/1939/1857 1848/1930/1848 1858/1940/1858
f 1849/1931/1849 1858/1940/1858 1848/1930/1848
f 1858/1940/1858 1849/1931/1849 1859/1941/1859
f 1850/1932/1850 1859/1941/1859 1849/1931/1849
f 1859/1941/1859 1850/1932/1850 1860/1942/1860
f 1851/1933/1851 1860/1942/1860 1850/1932/1850
f 1860/1942/1860 1851/1933/1851 1861/1943/1861
f 1852/1934/1852 1861/1943/1861 1851/1933/1851
f 1861/1943/1861 1852/1934/1852 1862/1944/1862
f 1853/1935/1853 1762/1844/1762 1751/1833/1751
f 1762/1844/1762 1853/1935/1853 1863/1945/1863
f 1854/1936/1854 1863/1945/1863 1853/1935/1853
f 1863/1945/1863 1854/1936/1854 1864/1946/1864
f 1855/1937/1855 1864/1946/1864 1854/1936/1854
f 1864/1946/1864 1855/1937/1855 1865/1947/1865
f 1856/1938/1856 1865/1947/1865 1855/1937/1855
f 1865/1947/1865 1856/1938/1856 1866/1948/1866
f 1857/1939/1857 1866/1948/1866 1856/1938/1856
f 1866/1948/1866 1857/1939/1857 1867/1949/1867
f 1858/1940/1858 1867/1949/1867 1857/1939/1857
f 1867/1949/1867 1858/1940/1858 1868/1950/1868
f 1859/1941/1859 1868/1950/1868 1858/1940/1858
f 1868/1950/1868 1859/1941/1859 1869/1951/1869
f 1860/1942/1860 1869/1951/1869 1859/1941/1859
f 1869/1951/1869 1860/1942/1860 1870/1952/1870
f 1861/1943/1861 1870/1952/1870 1860/1942/1860
f 1870/1952/1870 1861/1943/1861 1871/1953/1871
f 1862/1944/1862 1871/1953/1871 1861/1943/1861
f 1871/1953/1871 1862/1944/1862 1872/1954/1872
f 1883/1965/1883 1874/1956/1874 1873/1955/1873
f 1874/1956/1874 1883/1965/1883 1884/1966/1884
f 1884/1966/1884 1875/1957/1875 1874/1956/1874
f 1875/1957/1875 1884/1966/1884 1885/1967/1885
f 1885/1967/1885 1876/1958/1876 1875/1957/1875
f 1876/1958/1876 1885/1967/1885 1886/1968/1886
f 1886/1968/1886 1877/1959/1877 1876/1958/1876
f 1877/1959/1877 1886/1968/1886 1887/1969/1887
f 1887/1969/1887 1878/1960/1878 1877/1959/1877
f 1878/1960/1878 1887/1969/1887 1888/1970/1888
f 1888/1970/1888 1879/1961/1879 1878/1960/1878
f 1879/1961/1879 1888/1970/1888 1889/1971/1889
f 1889/1971/1889 1880/1962/1880 1879/1961/1879
f 1880/1962/1880 1889/1971/1889 1890/1972/1890
f 1890/1972/1890 1881/1963/1881 1880/1962/1880
f 1881/1963/1881 1890/1972/1890 1891/1973/1891
f 1891/1973/1891 1882/1964/1882 1881/1963/1881
f 1882/1964/1882 1891/1973/1891 1892/1974/1892
f 1892/1974/1892 1772/1854/1772 1882/1964/1882
f 1772/1854/1772 1892/1974/1892 1782/1864/1782
f 1893/1975/1893 1884/1966/1884 1883/1965/1883
f 1884/1966/1884 1893/1975/1893 1894/1976/1894
f 1894/1976/1894 1885/1967/1885 1884/1966/1884
f 1885/1967/1885 1894/1976/1894 1895/1977/1895
f 1895/1977/1895 1886/1968/1886 1885/1967/1885
f 1886/1968/1886 1895/1977/1895 1896/1978/1896
f 1896/1978/1896 1887/1969/1887 1886/1968/1886
f 1887/1969/1887 1896/1978/1896 1897/1979/1897
f 1897/1979/1897 1888/1970/1888 1887/1969/1887
f 1888/1970/1888 1897/1979/1897 1898/1980/1898
f 1898/1980/1898 1889/1971/1889 1888/1970/1888
f 1889/1971/1889 1898/1980/1898 1899/1981/1899
f 1899/1981/1899 1890/1972/1890 1889/1971/1889
f 1890/1972/1890 1899/1981/1899 1900/1982/1900
f 1900/1982/1900 1891/1973/1891 1890/1972/1890
f 1891/1973/1891 1900/1982/1900 1901/1983/1901
f 1901/1983/1901 1892/1974/1892 1891/1973/1891
f 1892/1974/1892 1901/1983/1901 1902/1984/1902
f 1902/1984/1902 1782/1864/1782 1892/1974/1892
f 1782/1864/1782 1902/1984/1902 1792/1874/1792
f 1903/1985/1903 1894/1976/1894 1893/1975/1893
f 1894/1976/1894 1903/1985/1903 1904/1986/1904
f 1904/1986/1904 1895/1977/1895 1894/1976/1894
f 1895/1977/1895 1904/1986/1904 1905/1987/1905
f 1905/1987/1905 1896/1978/1896 1895/1977/1895
f 1896/1978/1896 1905/1987/1905 1906/1988/1906
f 1906/1988/1906 1897/1979/1897 1896/1978/1896
f 1897/1979/1897 1906/1988/1906 1907/1989/1907
f 1907/1989/1907 1898/1980/1898 1897/1979/1897
f 1898/1980/1898 1907/1989/1907 1908/1990/1908
f 1908/1990/1908 1899/1981/1899 1898/1980/1898
f 1899/1981/1899 1908/1990/1908 1909/1991/1909
f 1909/1991/1909 1900/1982/1900 1899/1981/1899
f 1900/1982/1900 1909/1991/1909 1910/1992/1910
f 1910/1992/1910 1901/1983/1901 1900/1982/1900
f 1901/1983/1901 1910/1992/1910 1911/1993/1911
f 1911/1993/1911 1902/1984/1902 1901/1983/1901
f 1902/1984/1902 1911/1993/1911 1912/1994/1912
f 1912/1994/1912 1792/1874/1792 1902/1984/1902
f 1792/1874/1792 1912/1994/1912 1802/1884/1802
f 1913/1995/1913 1904/1986/1904 1903/1985/1903
f 1904/1986/1904 1913/1995/1913 1914/1996/1914
f 1914/1996/1914 1905/1987/1905 1904/1986/1904
f 1905/1987/1905 1914/1996/1914 1915/1997/1915
f 1915/1997/1915 1906/1988/1906 1905/1987/1905
f 1906/1988/1906 1915/1997/1915 1916/1998/1916
f 1916/1998/1916 1907/1989/1907 1906/1988/1906
f 1907/1989/1907 1916/1998/1916 1917/1999/1917
f 1917/1999/1917 1908/1990/1908 1907/1989/1907
f 1908/1990/1908 1917/1999/1917 1918/2000/1918
f 1918/2000/1918 1909/1991/1909 1908/1990/1908
f 1909/1991/1909 1918/2000/1918 1919/2001/1919
f 1919/2001/1919 1910/1992/1910 1909/1991/1909
f 1910/1992/1910 1919/2001/1919 1920/2002/1920
f 1920/2002/1920 1911/1993/1911 1910/1992/1910
f 1911/1993/1911 1920/2002/1920 1921/2003/1921
f 1921/2003/1921 1912/1994/1912 1911/1993/1911
f 1912/1994/1912 1921/2003/1921 1922/2004/1922
f 1922/2004/1922 1802/1884/1802 1912/1994/1912
f 1802/1884/1802 1922/2004/1922 1812/1894/1812
f 1923/2005/1923 1914/1996/1914 1913/1995/1913
f 1914/1996/1914 1923/2005/1923 1924/2006/1924
f 1924/2006/1924 1915/1997/1915 1914/1996/1914
f 1915/1997/1915 1924/2006/1924 1925/2007/1925
f 1925/2007/1925 1916/1998/1916 1915/1997/1915
f 1916/1998/1916 1925/2007/1925 1926/2008/1926
f 1926/2008/1926 1917/1999/1917 1916/1998/1916
f 1917/1999/1917 1926/2008/1926 1927/2009/1927
f 1927/2009/1927 1918/2000/1918 1917/1999/1917
f 1918/2000/1918 1927/2009/1927 1928/2010/1928
f 1928/2010/1928 1919/2001/1919 1918/2000/1918
f 1919/2001/1919 1928/2010/1928 1929/2011/1929
f 1929/2011/1929 1920/2002/1920 1919/2001/1919
f 1920/2002/1920 1929/2011/1929 1930/2012/1930
f 1930/2012/1930 1921/2003/1921 1920/2002/1920
f 1921/2003/1921 1930/2012/1930 1931/2013/1931
f 1931/2013/1931 1922/2004/1922 1921/2003/1921
f 1922/2004/1922 1931/2013/1931 1932/2014/1932
f 1932/2014/1932 1812/1894/1812 1922/2004/1922
f 1812/1894/1812 1932/2014/1932 1822/1904/1822
f 1933/2015/1933 1924/2006/1924 1923/2005/1923
f 1924/2006/1924 1933/2015/1933 1934/2016/1934
f 1934/2016/1934 1925/2007/1925 1924/2006/1924
f 1925/2007/1925 1934/2016/1934 1935/2017/1935
f 1935/2017/1935 1926/2008/1926 1925/2007/1925
f 1926/2008/1926 1935/2017/1935 1936/2018/1936
f 1936/2018/1936 1927/2009/1927 1926/2008/1926
f 1927/2009/1927 1936/2018/1936 1937/2019/1937
f 1937/2019/1937 1928/2010/1928 1927/2009/1927
f 1928/2010/1928 1937/2019/1937 1938/2020/1938
f 1938/2020/1938 1929/2011/1929 1928/2010/1928
f 1929/2011/1929 1938/2020/1938 1939/2021/1939
f 1939/2021/1939 1930/2012/1930 1929/2011/1929
f 1930/2012/1930 1939/2021/1939 1940/2022/1940
f 1940/2022/1940 1931/2013/1931 1930/2012/1930
f 1931/2013/1931 1940/2022/1940 1941/2023/1941
f 1941/2023/1941 1932/2014/1932 1931/2013/1931
f 1932/2014/1932 1941/2023/1941 1942/2024/1942
f 1942/2024/1942 1822/1904/1822 1932/2014/1932
f 1822/1904/1822 1942/2024/1942 1832/1914/1832
f 1943/2025/1943 1934/2016/1934 1933/2015/1933
f 1934/2016/1934 1943/2025/1943 1944/2026/1944
f 1944/2026/1944 1935/2017/1935 1934/2016/1934
f 1935/2017/1935 1944/2026/1944 1945/2027/1945
f 1945/2027/1945 1936/2018/1936 1935/2017/1935
f 1936/2018/1936 1945/2027/1945 1946/2028/1946
f 1946/2028/1946 1937/2019/1937 1936/2018/1936
f 1937/2019/1937 1946/2028/1946 1947/2029/1947
f 1947/2029/1947 1938/2020/1938 1937/2019/1937
f 1938/2020/1938 1947/2029/1947 1948/2030/1948
f 1948/2030/1948 1939/2021/1939 1938/2020/1938
f 1939/2021/1939 1948/2030/1948 1949/2031/1949
f 1949/2031/1949 1940/2022/1940 1939/2021/1939
f 1940/2022/1940 1949/2031/1949 1950/2032/1950
f 1950/2032/1950 1941/2023/1941 1940/2022/1940
f 1941/2023/1941 1950/2032/1950 1951/2033/1951
f 1951/2033/1951 1942/2024/1942 1941/2023/1941
f 1942/2024/1942 1951/2033/1951 1952/2034/1952
f 1952/2034/1952 1832/1914/1832 1942/2024/1942
f 1832/1914/1832 1952/2034/1952 1842/1924/1842
f 1953/2035/1953 1944/2026/1944 1943/2025/1943
f 1944/2026/1944 1953/2035/1953 1954/2036/1954
f 1954/2036/1954 1945/2027/1945 1944/2026/1944
f 1945/2027/1945 1954/2036/1954 1955/2037/1955
f 1955/2037/1955 1946/2028/1946 1945/2027/1945
f 1946/2028/1946 1955/2037/1955 1956/2038/1956
f 1956/2038/1956 1947/2029/1947 1946/2028/1946
f 1947/2029/1947 1956/2038/1956 1957/2039/1957
f 1957/2039/1957 1948/2030/1948 1947/2029/1947
f 1948/2030/1948 1957/2039/1957 1958/2040/1958
f 1958/2040/1958 1949/2031/1949 1948/2030/1948
f 1949/2031/1949 1958/2040/1958 1959/2041/1959
f 1959/2041/1959 1950/2032/1950 1949/2031/1949
f 1950/2032/1950 1959/2041/1959 1960/2042/1960
f 1960/2042/1960 1951/2033/1951 1950/2032/1950
f 1951/2033/1951 1960/2042/1960 1961/2043/1961
f 1961/2043/1961 1952/2034/1952 1951/2033/1951
f 1952/2034/1952 1961/2043/1961 1962/2044/1962
f 1962/2044/1962 1842/1924/1842 1952/2034/1952
f 1842/1924/1842 1962/2044/1962 1852/1934/1852
f 1963/2045/1963 1954/2036/1954 1953/2035/1953
f 1954/2036/1954 1963/2045/1963 1964/2046/1964
f 1964/2046/1964 1955/2037/1955 1954/2036/1954
f 1955/2037/1955 1964/2046/1964 1965/2047/1965
f 1965/2047/1965 1956/2038/1956 1955/2037/1955
f 1956/2038/1956 1965/2047/1965 1966/2048/1966
f 1966/2048/1966 1957/2039/1957 1956/2038/1956
f 1957/2039/1957 1966/2048/1966 1967/2049/1967
f 1967/2049/1967 1958/2040/1958 1957/2039/1957
f 1958/2040/1958 1967/2049/1967 1968/2050/1968
f 1968/2050/1968 1959/2041/1959 1958/2040/1958
f 1959/2041/1959 1968/2050/1968 1969/2051/1969
f 1969/2051/1969 1960/2042/1960 1959/2041/1959
f 1960/2042/1960 1969/2051/1969 1970/2052/1970
f 1970/2052/1970 1961/2043/1961 1960/2042/1960
f 1961/2043/1961 1970/2052/1970 1971/2053/1971
f 1971/2053/1971 1962/2044/1962 1961/2043/1961
f 1962/2044/1962 1971/2053/1971 1972/2054/1972
f 1972/2054/1972 1852/1934/1852 1962/2044/1962
f 1852/1934/1852 1972/2054/1972 1862/1944/1862
f 1973/2055/1973 1964/2046/1964 1963/2045/1963
f 1964/2046/1964 1973/2055/1973 1974/2056/1974
f 1974/2056/1974 1965/2047/1965 1964/2046/1964
f 1965/2047/1965 1974/2056/1974 1975/2057/1975
f 1975/2057/1975 1966/2048/1966 1965/2047/1965
f 1966/2048/1966 1975/2057/1975 1976/2058/1976
f 1976/2058/1976 1967/2049/1967 1966/2048/1966
f 1967/2049/1967 1976/2058/1976 1977/2059/1977
f 1977/2059/1977 1968/2050/1968 1967/2049/1967
f 1968/2050/1968 1977/2059/1977 1978/2060/1978
f 1978/2060/1978 1969/2051/1969 1968/2050/1968
f 1969/2051/1969 1978/2060/1978 1979/2061/1979
f 1979/2061/1979 1970/2052/1970 1969/2051/1969
f 1970/2052/1970 1979/2061/1979 1980/2062/1980
f 1980/2062/1980 1971/2053/1971 1970/2052/1970
f 1971/2053/1971 1980/2062/1980 1981/2063/1981
f 1981/2063/1981 1972/2054/1972 1971/2053/1971
f 1972/2054/1972 1981/2063/1981 1982/2064/1982
f 1982/2064/1982 1862/1944/1862 1972/2054/1972
f 1862/1944/1862 1982/2064/1982 1872/1954/1872
f 1653/2075/1653 1983/2066/1983 1642/2065/1642
f 1983/2066/1983 1653/2075/1653 1992/2076/1992
f 1992/2076/1992 1984/2067/1984 1983/2066/1983
f 1984/2067/1984 1992/2076/1992 1993/2077/1993
f 1993/2077/1993 1985/2068/1985 1984/2067/1984
f 1985/2068/1985 1993/2077/1993 1994/2078/1994
f 1994/2078/1994 1986/2069/1986 1985/2068/1985
f 1986/2069/1986 1994/2078/1994 1995/2079/1995
f 1995/2079/1995 1987/2070/1987 1986/2069/1986
f 1987/2070/1987 1995/2079/1995 1996/2080/1996
f 1996/2080/1996 1988/2071/1988 1987/2070/1987
f 1988/2071/1988 1996/2080/1996 1997/2081/1997
f 1997/2081/1997 1989/2072/1989 1988/2071/1988
f 1989/2072/1989 1997/2081/1997 1998/2082/1998
f 1998/2082/1998 1990/2073/1990 1989/2072/1989
f 1990/2073/1990 1998/2082/1998 1999/2083/1999
f 1999/2083/1999 1991/2074/1991 1990/2073/1990
f 1991/2074/1991 1999/2083/1999 2000/2084/2000
f 2000/2084/2000 1873/1955/1873 1991/2074/1991
f 1873/1955/1873 2000/2084/2000 1883/1965/1883
f 1664/2085/1664 1992/2076/1992 1653/2075/1653
f 1992/2076/1992 1664/2085/1664 2001/2086/2001
f 2001/2086/2001 1993/2077/1993 1992/2076/1992
f 1993/2077/1993 2001/2086/2001 2002/2087/2002
f 2002/2087/2002 1994/2078/1994 1993/2077/1993
f 1994/2078/1994 2002/2087/2002 2003/2088/2003
f 2003/2088/2003 1995/2079/1995 1994/2078/1994
f 1995/2079/1995 2003/2088/2003 2004/2089/2004
f 2004/2089/2004 1996/2080/1996 1995/2079/1995
f 1996/2080/1996 2004/2089/2004 2005/2090/2005
f 2005/2090/2005 1997/2081/1997 1996/2080/1996
f 1997/2081/1997 2005/2090/2005 2006/2091/2006
f 2006/2091/2006 1998/2082/1998 1997/2081/1997
f 1998/2082/1998 2006/2091/2006 2007/2092/2007
f 2007/2092/2007 1999/2083/1999 1998/2082/1998
f 1999/2083/1999 2007/2092/2007 2008/2093/2008
f 2008/2093/2008 2000/2084/2000 1999/2083/1999
f 2000/2084/2000 2008/2093/2008 2009/2094/2009
f 2009/2094/2009 1883/1965/1883 2000/2084/2000
f 1883/1965/1883 2009/2094/2009 1893/1975/1893
f 1675/2095/1675 2001/2086/2001 1664/2085/1664
f 2001/2086/2001 1675/2095/1675 2010/2096/2010
f 2010/2096/2010 2002/2087/2002 2001/2086/2001
f 2002/2087/2002 2010/2096/2010 2011/2097/2011
f 2011/2097/2011 2003/2088/2003 2002/2087/2002
f 2003/2088/2003 2011/2097/2011 2012/2098/2012
f 2012/2098/2012 2004/2089/2004 2003/2088/2003
f 2004/2089/2004 2012/2098/2012 2013/2099/2013
f 2013/2099/2013 2005/2090/2005 2004/2089/2004
f 2005/2090/2005 2013/2099/2013 2014/2100/2014
f 2014/2100/2014 2006/2091/2006 2005/2090/2005
f 2006/2091/2006 2014/2100/2014 2015/2101/2015
f 2015/2101/2015 2007/2092/2007 2006/2091/2006
f 2007/2092/2007 2015/2101/2015 2016/2102/2016
f 2016/2102/2016 2008/2093/2008 2007/2092/2007
f 2008/2093/2008 2016/2102/2016 2017/2103/2017
f 2017/2103/2017 2009/2094/2009 2008/2093/2008
f 2009/2094/2009 2017/2103/2017 2018/2104/2018
f 2018/2104/2018 1893/1975/1893 2009/2094/2009
f 1893/1975/1893 2018/2104/2018 1903/1985/1903
f 1686/2105/1686 2010/2096/2010 1675/2095/1675
f 2010/2096/2010 1686/2105/1686 2019/2106/2019
f 2019/2106/2019 2011/2097/2011 2010/2096/2010
f 2011/2097/2011 2019/2106/2019 2020/2107/2020
f 2020/2107/2020 2012/2098/2012 2011/2097/2011
f 2012/2098/2012 2020/2107/2020 2021/2108/2021
f 2021/2108/2021 2013/2099/2013 2012/2098/2012
f 2013/2099/2013 2021/2108/2021 2022/2109/2022
f 2022/2109/2022 2014/2100/2014 2013/2099/2013
f 2014/2100/2014 2022/2109/2022 2023/2110/2023
f 2023/2110/2023 2015/2101/2015 2014/2100/2014
f 2015/2101/2015 2023/2110/2023 2024/2111/2024
f 2024/2111/2024 2016/2102/2016 2015/2101/2015
f 2016/2102/2016 2024/2111/2024 2025/2112/2025
f 2025/2112/2025 2017/2103/2017 2016/2102/2016
f 2017/2103/2017 2025/2112/2025 2026/2113/2026
f 2026/2113/2026 2018/2104/2018 2017/2103/2017
f 2018/2104/2018 2026/2113/2026 2027/2114/2027
f 2027/2114/2027 1903/1985/1903 2018/2104/2018
f 1903/1985/1903 2027/2114/2027 1913/1995/1913
f 1697/2115/1697 2019/2106/2019 1686/2105/1686
f 2019/2106/2019 1697/2115/1697 2028/2116/2028
f 2028/2116/2028 2020/2107/2020 2019/2106/2019
f 2020/2107/2020 2028/2116/2028 2029/2117/2029
f 2029/2117/2029 2021/2108/2021 2020/2107/2020
f 2021/2108/2021 2029/2117/2029 2030/2118/2030
f 2030/2118/2030 2022/2109/2022 2021/2108/2021
f 2022/2109/2022 2030/2118/2030 2031/2119/2031
f 2031/2119/2031 2023/2110/2023 2022/2109/2022
f 2023/2110/2023 2031/2119/2031 2032/2120/2032
f 2032/2120/2032 2024/2111/2024 2023/2110/2023
f 2024/2111/2024 2032/2120/2032 2033/2121/2033
f 2033/2121/2033 2025/2112/2025 2024/2111/2024
f 2025/2112/2025 2033/2121/2033 2034/2122/2034
f 2034/2122/2034 2026/2113/2026 2025/2112/2025
f 2026/2113/2026 2034/2122/2034 2035/2123/2035
f 2035/2123/2035 2027/2114/2027 2026/2113/2026
f 2027/2114/2027 2035/2123/2035 2036/2124/2036
f 2036/2124/2036 1913/1995/1913 2027/2114/2027
f 1913/1995/1913 2036/2124/2036 1923/2005/1923
f 1708/2125/1708 2028/2116/2028 1697/2115/1697
f 2028/2116/2028 1708/2125/1708 2037/2126/2037
f 2037/2126/2037 2029/2117/2029 2028/2116/2028
f 2029/2117/2029 2037/2126/2037 2038/2127/2038
f 2038/2127/2038 2030/2118/2030 2029/2117/2029
f 2030/2118/2030 2038/2127/2038 2039/2128/2039
f 2039/2128/2039 2031/2119/2031 2030/2118/2030
f 2031/2119/2031 2039/2128/2039 2040/2129/2040
f 2040/2129/2040 2032/2120/2032 2031/2119/2031
f 2032/2120/2032 2040/2129/2040 2041/2130/2041
f 2041/2130/2041 2033/2121/2033 2032/2120/2032
f 2033/2121/2033 2041/2130/2041 2042/2131/2042
f 2042/2131/2042 2034/2122/2034 2033/2121/2033
f 2034/2122/2034 2042/2131/2042 2043/2132/2043
f 2043/2132/2043 2035/2123/2035 2034/2122/2034
f 2035/2123/2035 2043/2132/2043 2044/2133/2044
f 2044/2133/2044 2036/2124/2036 2035/2123/2035
f 2036/2124/2036 2044/2133/2044 2045/2134/2045
f 2045/2134/2045 1923/2005/1923 2036/2124/2036
f 1923/2005/1923 2045/2134/2045 1933/2015/1933
f 1719/2135/1719 2037/2126/2037 1708/2125/1708
f 2037/2126/2037 1719/2135/1719 2046/2136/2046
f 2046/2136/2046 2038/2127/2038 2037/2126/2037
f 2038/2127/2038 2046/2136/2046 2047/2137/2047
f 2047/2137/2047 2039/2128/2039 2038/2127/2038
f 2039/2128/2039 2047/2137/2047 2048/2138/2048
f 2048/2138/2048 2040/2129/2040 2039/2128/2039
f 2040/2129/2040 2048/2138/2048 2049/2139/2049
f 2049/2139/2049 2041/2130/2041 2040/2129/2040
f 2041/2130/2041 2049/2139/2049 2050/2140/2050
f 2050/2140/2050 2042/2131/2042 2041/2130/2041
f 2042/2131/2042 2050/2140/2050 2051/2141/2051
f 2051/2141/2051 2043/2132/2043 2042/2131/2042
f 2043/2132/2043 2051/2141/2051 2052/2142/2052
f 2052/2142/2052 2044/2133/2044 2043/2132/2043
f 2044/2133/2044 2052/2142/2052 2053/2143/2053
f 2053/2143/2053 2045/2134/2045 2044/2133/2044
f 2045/2134/2045 2053/2143/2053 2054/2144/2054
f 2054/2144/2054 1933/2015/1933 2045/2134/2045
f 1933/2015/1933 2054/2144/2054 1943/2025/1943
f 1730/2145/1730 2046/2136/2046 1719/2135/1719
f 2046/2136/2046 1730/2145/1730 2055/2146/2055
f 2055/2146/2055 2047/2137/2047 2046/2136/2046
f 2047/2137/2047 2055/2146/2055 2056/2147/2056
f 2056/2147/2056 2048/2138/2048 2047/2137/2047
f 2048/2138/2048 2056/2147/2056 2057/2148/2057
f 2057/2148/2057 2049/2139/2049 2048/2138/2048
f 2049/2139/2049 2057/2148/2057 2058/2149/2058
f 2058/2149/2058 2050/2140/2050 2049/2139/2049
f 2050/2140/2050 2058/2149/2058 2059/2150/2059
f 2059/2150/2059 2051/2141/2051 2050/2140/2050
f 2051/2141/2051 2059/2150/2059 2060/2151/2060
f 2060/2151/2060 2052/2142/2052 2051/2141/2051
f 2052/2142/2052 2060/2151/2060 2061/2152/2061
f 2061/2152/2061 2053/2143/2053 2052/2142/2052
f 2053/2143/2053 2061/2152/2061 2062/2153/2062
f 2062/2153/2062 2054/2144/2054 2053/2143/2053
f 2054/2144/2054 2062/2153/2062 2063/2154/2063
f 2063/2154/2063 1943/2025/1943 2054/2144/2054
f 1943/2025/1943 2063/2154/2063 1953/2035/1953
f 1741/2155/1741 2055/2146/2055 1730/2145/1730
f 2055/2146/2055 1741/2155/1741 2064/2156/2064
f 2064/2156/2064 2056/2147/2056 2055/2146/2055
f 2056/2147/2056 2064/2156/2064 2065/2157/2065
f 2065/2157/2065 2057/2148/2057 2056/2147/2056
f 2057/2148/2057 2065/2157/2065 2066/2158/2066
f 2066/2158/2066 2058/2149/2058 2057/2148/2057
f 2058/2149/2058 2066/2158/2066 2067/2159/2067
f 2067/2159/2067 2059/2150/2059 2058/2149/2058
f 2059/2150/2059 2067/2159/2067 2068/2160/2068
f 2068/2160/2068 2060/2151/2060 2059/2150/2059
f 2060/2151/2060 2068/2160/2068 2069/2161/2069
f 2069/2161/2069 2061/2152/2061 2060/2151/2060
f 2061/2152/2061 2069/2161/2069 2070/2162/2070
f 2070/2162/2070 2062/2153/2062 2061/2152/2061
f 2062/2153/2062 2070/2162/2070 2071/2163/2071
f 2071/2163/2071 2063/2154/2063 2062/2153/2062
f 2063/2154/2063 2071/2163/2071 2072/2164/2072
f 2072/2164/2072 1953/2035/1953 2063/2154/2063
f 1953/2035/1953 2072/2164/2072 1963/2045/1963
f 1752/2165/1752 2064/2156/2064 1741/2155/1741
f 2064/2156/2064 1752/2165/1752 2073/2166/2073
f 2073/2166/2073 2065/2157/2065 2064/2156/2064
f 2065/2157/2065 2073/2166/2073 2074/2167/2074
f 2074/2167/2074 2066/2158/2066 2065/2157/2065
f 2066/2158/2066 2074/2167/2074 2075/2168/2075
f 2075/2168/2075 2067/2159/2067 2066/2158/2066
f 2067/2159/2067 2075/2168/2075 2076/2169/2076
f 2076/2169/2076 2068/2160/2068 2067/2159/2067
f 2068/2160/2068 2076/2169/2076 2077/2170/2077
f 2077/2170/2077 2069/2161/2069 2068/2160/2068
f 2069/2161/2069 2077/2170/2077 2078/2171/2078
f 2078/2171/2078 2070/2162/2070 2069/2161/2069
f 2070/2162/2070 2078/2171/2078 2079/2172/2079
f 2079/2172/2079 2071/2163/2071 2070/2162/2070
f 2071/2163/2071 2079/2172/2079 2080/2173/2080
f 2080/2173/2080 2072/2164/2072 2071/2163/2071
f 2072/2164/2072 2080/2173/2080 2081/2174/2081
f 2081/2174/2081 1963/2045/1963 2072/2164/2072
f 1963/2045/1963 2081/2174/2081 1973/2055/1973
f 1753/1835/1753 2082/2175/2082 1752/1834/1752
f 2082/2175/2082 1753/1835/1753 2083/2176/2083
f 1754/1836/1754 2083/2176/2083 1753/1835/1753
f 2083/2176/2083 1754/1836/1754 2084/2177/2084
f 1755/1837/1755 2084/2177/2084 1754/1836/1754
f 2084/2177/2084 1755/1837/1755 2085/2178/2085
f 1756/1838/1756 2085/2178/2085 1755/1837/1755
f 2085/2178/2085 1756/1838/1756 2086/2179/2086
f 1757/1839/1757 2086/2179/2086 1756/1838/1756
f 2086/2179/2086 1757/1839/1757 2087/2180/2087
f 1758/1840/1758 2087/2180/2087 1757/1839/1757
f 2087/2180/2087 1758/1840/1758 2088/2181/2088
f 1759/1841/1759 2088/2181/2088 1758/1840/1758
f 2088/2181/2088 1759/1841/1759 2089/2182/2089
f 1760/1842/1760 2089/2182/2089 1759/1841/1759
f 2089/2182/2089 1760/1842/1760 2090/2183/2090
f 1761/1843/1761 2090/2183/2090 1760/1842/1760
f 2090/2183/2090 1761/1843/1761 2091/2184/2091
f 1762/1844/1762 2091/2184/2091 1761/1843/1761
f 2091/2184/2091 1762/1844/1762 2092/2185/2092
f 2083/2176/2083 2093/2186/2093 2082/2175/2082
f 2093/2186/2093 2083/2176/2083 2094/2187/2094
f 2084/2177/2084 2094/2187/2094 2083/2176/2083
f 2094/2187/2094 2084/2177/2084 2095/2188/2095
f 2085/2178/2085 2095/2188/2095 2084/2177/2084
f 2095/2188/2095 2085/2178/2085 2096/2189/2096
f 2086/2179/2086 2096/2189/2096 2085/2178/2085
f 2096/2189/2096 2086/2179/2086 2097/2190/2097
f 2087/2180/2087 2097/2190/2097 2086/2179/2086
f 2097/2190/2097 2087/2180/2087 2098/2191/2098
f 2088/2181/2088 2098/2191/2098 2087/2180/2087
f 2098/2191/2098 2088/2181/2088 2099/2192/2099
f 2089/2182/2089 2099/2192/2099 2088/2181/2088
f 2099/2192/2099 2089/2182/2089 2100/2193/2100
f 2090/2183/2090 2100/2193/2100 2089/2182/2089
f 2100/2193/2100 2090/2183/2090 2101/2194/2101
f 2091/2184/2091 2101/2194/2101 2090/2183/2090
f 2101/2194/2101 2091/2184/2091 2102/2195/2102
f 2092/2185/2092 2102/2195/2102 2091/2184/2091
f 2102/2195/2102 2092/2185/2092 2103/2196/2103
f 2094/2187/2094 2104/2197/2104 2093/2186/2093
f 2104/2197/2104 2094/2187/2094 2105/2198/2105
f 2095/2188/2095 2105/2198/2105 2094/2187/2094
f 2105/2198/2105 2095/2188/2095 2106/2199/2106
f 2096/2189/2096 2106/2199/2106 2095/2188/2095
f 2106/2199/2106 2096/2189/2096 2107/2200/2107
f 2097/2190/2097 2107/2200/2107 2096/2189/2096
f 2107/2200/2107 2097/2190/2097 2108/2201/2108
f 2098/2191/2098 2108/2201/2108 2097/2190/2097
f 2108/2201/2108 2098/2191/2098 2109/2202/2109
f 2099/2192/2099 2109/2202/2109 2098/2191/2098
f 2109/2202/2109 2099/2192/2099 2110/2203/2110
f 2100/2193/2100 2110/2203/2110 2099/2192/2099
f 2110/2203/2110 2100/2193/2100 2111/2204/2111
f 2101/2194/2101 2111/2204/2111 2100/2193/2100
f 2111/2204/2111 2101/2194/2101 2112/2205/2112
f 2102/2195/2102 2112/2205/2112 2101/2194/2101
f 2112/2205/2112 2102/2195/2102 2113/2206/2113
f 2103/2196/2103 2113/2206/2113 2102/2195/2102
f 2113/2206/2113 2103/2196/2103 2114/2207/2114
f 2105/2198/2105 2115/2208/2115 2104/2197/2104
f 2115/2208/2115 2105/2198/2105 2116/2209/2116
f 2106/2199/2106 2116/2209/2116 2105/2198/2105
f 2116/2209/2116 2106/2199/2106 2117/2210/2117
f 2107/2200/2107 2117/2210/2117 2106/2199/2106
f 2117/2210/2117 2107/2200/2107 2118/2211/2118
f 2108/2201/2108 2118/2211/2118 2107/2200/2107
f 2118/2211/2118 2108/2201/2108 2119/2212/2119
f 2109/2202/2109 2119/2212/2119 2108/2201/2108
f 2119/2212/2119 2109/2202/2109 2120/2213/2120
f 2110/2203/2110 2120/2213/2120 2109/2202/2109
f 2120/2213/2120 2110/2203/2110 2121/2214/2121
f 2111/2204/2111 2121/2214/2121 2110/2203/2110
f 2121/2214/2121 2111/2204/2111 2122/2215/2122
f 2112/2205/2112 2122/2215/2122 2111/2204/2111
f 2122/2215/2122 2112/2205/2112 2123/2216/2123
f 2113/2206/2113 2123/2216/2123 2112/2205/2112
f 2123/2216/2123 2113/2206/2113 2124/2217/2124
f 2114/2207/2114 2124/2217/2124 2113/2206/2113
f 2124/2217/2124 2114/2207/2114 2125/2218/2125
f 2116/2209/2116 2126/2219/2126 2115/2208/2115
f 2126/2219/2126 2116/2209/2116 2127/2220/2127
f 2117/2210/2117 2127/2220/2127 2116/2209/2116
f 2127/2220/2127 2117/2210/2117 2128/2221/2128
f 2118/2211/2118 2128/2221/2128 2117/2210/2117
f 2128/2221/2128 2118/2211/2118 2129/2222/2129
f 2119/2212/2119 2129/2222/2129 2118/2211/2118
f 2129/2222/2129 2119/2212/2119 2130/2223/2130
f 2120/2213/2120 2130/2223/2130 2119/2212/2119
f 2130/2223/2130 2120/2213/2120 2131/2224/2131
f 2121/2214/2121 2131/2224/2131 2120/2213/2120
f 2131/2224/2131 2121/2214/2121 2132/2225/2132
f 2122/2215/2122 2132/2225/2132 2121/2214/2121
f 2132/2225/2132 2122/2215/2122 2133/2226/2133
f 2123/2216/2123 2133/2226/2133 2122/2215/2122
f 2133/2226/2133 2123/2216/2123 2134/2227/2134
f 2124/2217/2124 2134/2227/2134 2123/2216/2123
f 2134/2227/2134 2124/2217/2124 2135/2228/2135
f 2125/2218/2125 2135/2228/2135 2124/2217/2124
f 2135/2228/2135 2125/2218/2125 2136/2229/2136
f 2127/2220/2127 2137/2230/2137 2126/2219/2126
f 2137/2230/2137 2127/2220/2127 2138/2231/2138
f 2128/2221/2128 2138/2231/2138 2127/2220/2127
f 2138/2231/2138 2128/2221/2128 2139/2232/2139
f 2129/2222/2129 2139/2232/2139 2128/2221/2128
f 2139/2232/2139 2129/2222/2129 2140/2233/2140
f 2130/2223/2130 2140/2233/2140 2129/2222/2129
f 2140/2233/2140 2130/2223/2130 2141/2234/2141
f 2131/2224/2131 2141/2234/2141 2130/2223/2130
f 2141/2234/2141 2131/2224/2131 2142/2235/2142
f 2132/2225/2132 2142/2235/2142 2131/2224/2131
f 2142/2235/2142 2132/2225/2132 2143/2236/2143
f 2133/2226/2133 2143/2236/2143 2132/2225/2132
f 2143/2236/2143 2133/2226/2133 2144/2237/2144
f 2134/2227/2134 2144/2237/2144 2133/2226/2133
f 2144/2237/2144 2134/2227/2134 2145/2238/2145
f 2135/2228/2135 2145/2238/2145 2134/2227/2134
f 2145/2238/2145 2135/2228/2135 2146/2239/2146
f 2136/2229/2136 2146/2239/2146 2135/2228/2135
f 2146/2239/2146 2136/2229/2136 2147/2240/2147
f 2138/2231/2138 2148/2241/2148 2137/2230/2137
f 2148/2241/2148 2138/2231/2138 2149/2242/2149
f 2139/2232/2139 2149/2242/2149 2138/2231/2138
f 2149/2242/2149 2139/2232/2139 2150/2243/2150
f 2140/2233/2140 2150/2243/2150 2139/2232/2139
f 2150/2243/2150 2140/2233/2140 2151/2244/2151
f 2141/2234/2141 2151/2244/2151 2140/2233/2140
f 2151/2244/2151 2141/2234/2141 2152/2245/2152
f 2142/2235/2142 2152/2245/2152 2141/2234/2141
f 2152/2245/2152 2142/2235/2142 2153/2246/2153
f 2143/2236/2143 2153/2246/2153 2142/2235/2142
f 2153/2246/2153 2143/2236/2143 2154/2247/2154
f 2144/2237/2144 2154/2247/2154 2143/2236/2143
f 2154/2247/2154 2144/2237/2144 2155/2248/2155
f 2145/2238/2145 2155/2248/2155 2144/2237/2144
f 2155/2248/2155 2145/2238/2145 2156/2249/2156
f 2146/2239/2146 2156/2249/2156 2145/2238/2145
f 2156/2249/2156 2146/2239/2146 2157/2250/2157
f 2147/2240/2147 2157/2250/2157 2146/2239/2146
f 2157/2250/2157 2147/2240/2147 2158/2251/2158
f 2149/2242/2149 2159/2252/2159 2148/2241/2148
f 2159/2252/2159 2149/2242/2149 2160/2253/2160
f 2150/2243/2150 2160/2253/2160 2149/2242/2149
f 2160/2253/2160 2150/2243/2150 2161/2254/2161
f 2151/2244/2151 2161/2254/2161 2150/2243/2150
f 2161/2254/2161 2151/2244/2151 2162/2255/2162
f 2152/2245/2152 2162/2255/2162 2151/2244/2151
f 2162/2255/2162 2152/2245/2152 2163/2256/2163
f 2153/2246/2153 2163/2256/2163 2152/2245/2152
f 2163/2256/2163 2153/2246/2153 2164/2257/2164
f 2154/2247/2154 2164/2257/2164 2153/2246/2153
f 2164/2257/2164 2154/2247/2154 2165/2258/2165
f 2155/2248/2155 2165/2258/2165 2154/2247/2154
f 2165/2258/2165 2155/2248/2155 2166/2259/2166
f 2156/2249/2156 2166/2259/2166 2155/2248/2155
f 2166/2259/2166 2156/2249/2156 2167/2260/2167
f 2157/2250/2157 2167/2260/2167 2156/2249/2156
f 2167/2260/2167 2157/2250/2157 2168/2261/2168
f 2158/2251/2158 2168/2261/2168 2157/2250/2157
f 2168/2261/2168 2158/2251/2158 2169/2262/2169
f 2160/2253/2160 2170/2263/2170 2159/2252/2159
f 2170/2263/2170 2160/2253/2160 2171/2264/2171
f 2161/2254/2161 2171/2264/2171 2160/2253/2160
f 2171/2264/2171 2161/2254/2161 2172/2265/2172
f 2162/2255/2162 2172/2265/2172 2161/2254/2161
f 2172/2265/2172 2162/2255/2162 2173/2266/2173
f 2163/2256/2163 2173/2266/2173 2162/2255/2162
f 2173/2266/2173 2163/2256/2163 2174/2267/2174
f 2164/2257/2164 2174/2267/2174 2163/2256/2163
f 2174/2267/2174 2164/2257/2164 2175/2268/2175
f 2165/2258/2165 2175/2268/2175 2164/2257/2164
f 2175/2268/2175 2165/2258/2165 2176/2269/2176
f 2166/2259/2166 2176/2269/2176 2165/2258/2165
f 2176/2269/2176 2166/2259/2166 2177/2270/2177
f 2167/2260/2167 2177/2270/2177 2166/2259/2166
f 2177/2270/2177 2167/2260/2167 2178/2271/2178
f 2168/2261/2168 2178/2271/2178 2167/2260/2167
f 2178/2271/2178 2168/2261/2168 2179/2272/2179
f 2169/2262/2169 2179/2272/2179 2168/2261/2168
f 2179/2272/2179 2169/2262/2169 2180/2273/2180
f 2171/2264/2171 2181/2274/2181 2170/2263/2170
f 2181/2274/2181 2171/2264/2171 2182/2275/2182
f 2172/2265/2172 2182/2275/2182 2171/2264/2171
f 2182/2275/2182 2172/2265/2172 2183/2276/2183
f 2173/2266/2173 2183/2276/2183 2172/2265/2172
f 2183/2276/2183 2173/2266/2173 2184/2277/2184
f 2174/2267/2174 2184/2277/2184 2173/2266/2173
f 2184/2277/2184 2174/2267/2174 2185/2278/2185
f 2175/2268/2175 2185/2278/2185 2174/2267/2174
f 2185/2278/2185 2175/2268/2175 2186/2279/2186
f 2176/2269/2176 2186/2279/2186 2175/2268/2175
f 2186/2279/2186 2176/2269/2176 2187/2280/2187
f 2177/2270/2177 2187/2280/2187 2176/2269/2176
f 2187/2280/2187 2177/2270/2177 2188/2281/2188
f 2178/2271/2178 2188/2281/2188 2177/2270/2177
f 2188/2281/2188 2178/2271/2178 2189/2282/2189
f 2179/2272/2179 2189/2282/2189 2178/2271/2178
f 2189/2282/2189 2179/2272/2179 2190/2283/2190
f 2180/2273/2180 2190/2283/2190 2179/2272/2179
f 2190/2283/2190 2180/2273/2180 2191/2284/2191
f 1863/1945/1863 2092/2185/2092 1762/1844/1762
f 2092/2185/2092 1863/1945/1863 2192/2285/2192
f 1864/1946/1864 2192/2285/2192 1863/1945/1863
f 2192/2285/2192 1864/1946/1864 2193/2286/2193
f 1865/1947/1865 2193/2286/2193 1864/1946/1864
f 2193/2286/2193 1865/1947/1865 2194/2287/2194
f 1866/1948/1866 2194/2287/2194 1865/1947/1865
f 2194/2287/2194 1866/1948/1866 2195/2288/2195
f 1867/1949/1867 2195/2288/2195 1866/1948/1866
f 2195/2288/2195 1867/1949/1867 2196/2289/2196
f 1868/1950/1868 2196/2289/2196 1867/1949/1867
f 2196/2289/2196 1868/1950/1868 2197/2290/2197
f 1869/1951/1869 2197/2290/2197 1868/1950/1868
f 2197/2290/2197 1869/1951/1869 2198/2291/2198
f 1870/1952/1870 2198/2291/2198 1869/1951/1869
f 2198/2291/2198 1870/1952/1870 2199/2292/2199
f 1871/1953/1871 2199/2292/2199 1870/1952/1870
f 2199/2292/2199 1871/1953/1871 2200/2293/2200
f 1872/1954/1872 2200/2293/2200 1871/1953/1871
f 2200/2293/2200 1872/1954/1872 2201/2294/2201
f 2192/2285/2192 2103/2196/2103 2092/2185/2092
f 2103/2196/2103 2192/2285/2192 2202/2295/2202
f 2193/2286/2193 2202/2295/2202 2192/2285/2192
f 2202/2295/2202 2193/2286/2193 2203/2296/2203
f 2194/2287/2194 2203/2296/2203 2193/2286/2193
f 2203/2296/2203 2194/2287/2194 2204/2297/2204
f 2195/2288/2195 2204/2297/2204 2194/2287/2194
f 2204/2297/2204 2195/2288/2195 2205/2298/2205
f 2196/2289/2196 2205/2298/2205 2195/2288/2195
f 2205/2298/2205 2196/2289/2196 2206/2299/2206
f 2197/2290/2197 2206/2299/2206 2196/2289/2196
f 2206/2299/2206 2197/2290/2197 2207/2300/2207
f 2198/2291/2198 2207/2300/2207 2197/2290/2197
f 2207/2300/2207 2198/2291/2198 2208/2301/2208
f 2199/2292/2199 2208/2301/2208 2198/2291/2198
f 2208/2301/2208 2199/2292/2199 2209/2302/2209
f 2200/2293/2200 2209/2302/2209 2199/2292/2199
f 2209/2302/2209 2200/2293/2200 2210/2303/2210
f 2201/2294/2201 2210/2303/2210 2200/2293/2200
f 2210/2303/2210 2201/2294/2201 2211/2304/2211
f 2202/2295/2202 2114/2207/2114 2103/2196/2103
f 2114/2207/2114 2202/2295/2202 2212/2305/2212
f 2203/2296/2203 2212/2305/2212 2202/2295/2202
f 2212/2305/2212 2203/2296/2203 2213/2306/2213
f 2204/2297/2204 2213/2306/2213 2203/2296/2203
f 2213/2306/2213 2204/2297/2204 2214/2307/2214
f 2205/2298/2205 2214/2307/2214 2204/2297/2204
f 2214/2307/2214 2205/2298/2205 2215/2308/2215
f 2206/2299/2206 2215/2308/2215 2205/2298/2205
f 2215/2308/2215 2206/2299/2206 2216/2309/2216
f 2207/2300/2207 2216/2309/2216 2206/2299/2206
f 2216/2309/2216 2207/2300/2207 2217/2310/2217
f 2208/2301/2208 2217/2310/2217 2207/2300/2207
f 2217/2310/2217 2208/2301/2208 2218/2311/2218
f 2209/2302/2209 2218/2311/2218 2208/2301/2208
f 2218/2311/2218 2209/2302/2209 2219/2312/2219
f 2210/2303/2210 2219/2312/2219 2209/2302/2209
f 2219/2312/2219 2210/2303/2210 2220/2313/2220
f 2211/2304/2211 2220/2313/2220 2210/2303/2210
f 2220/2313/2220 2211/2304/2211 2221/2314/2221
f 2212/2305/2212 2125/2218/2125 2114/2207/2114
f 2125/2218/2125 2212/2305/2212 2222/2315/2222
f 2213/2306/2213 2222/2315/2222 2212/2305/2212
f 2222/2315/2222 2213/2306/2213 2223/2316/2223
f 2214/2307/2214 2223/2316/2223 2213/2306/2213
f 2223/2316/2223 2214/2307/2214 2224/2317/2224
f 2215/2308/2215 2224/2317/2224 2214/2307/2214
f 2224/2317/2224 2215/2308/2215 2225/2318/2225
f 2216/2309/2216 2225/2318/2225 2215/2308/2215
f 2225/2318/2225 2216/2309/2216 2226/2319/2226
f 2217/2310/2217 2226/2319/2226 2216/2309/2216
f 2226/2319/2226 2217/2310/2217 2227/2320/2227
f 2218/2311/2218 2227/2320/2227 2217/2310/2217
f 2227/2320/2227 2218/2311/2218 2228/2321/2228
f 2219/2312/2219 2228/2321/2228 2218/2311/2218
f 2228/2321/2228 2219/2312/2219 2229/2322/2229
f 2220/2313/2220 2229/2322/2229 2219/2312/2219
f 2229/2322/2229 2220/2313/2220 2230/2323/2230
f 2221/2314/2221 2230/2323/2230 2220/2313/2220
f 2230/2323/2230 2221/2314/2221 2231/2324/2231
f 2222/2315/2222 2136/2229/2136 2125/2218/2125
f 2136/2229/2136 2222/2315/2222 2232/2325/2232
f 2223/2316/2223 2232/2325/2232 2222/2315/2222
f 2232/2325/2232 2223/2316/2223 2233/2326/2233
f 2224/2317/2224 2233/2326/2233 2223/2316/2223
f 2233/2326/2233 2224/2317/2224 2234/2327/2234
f 2225/2318/2225 2234/2327/2234 2224/2317/2224
f 2234/2327/2234 2225/2318/2225 2235/2328/2235
f 2226/2319/2226 2235/2328/2235 2225/2318/2225
f 2235/2328/2235 2226/2319/2226 2236/2329/2236
f 2227/2320/2227 2236/2329/2236 2226/2319/2226
f 2236/2329/2236 2227/2320/2227 2237/2330/2237
f 2228/2321/2228 2237/2330/2237 2227/2320/2227
f 2237/2330/2237 2228/2321/2228 2238/2331/2238
f 2229/2322/2229 2238/2331/2238 2228/2321/2228
f 2238/2331/2238 2229/2322/2229 2239/2332/2239
f 2230/2323/2230 2239/2332/2239 2229/2322/2229
f 2239/2332/2239 2230/2323/2230 2240/2333/2240
f 2231/2324/2231 2240/2333/2240 2230/2323/2230
f 2240/2333/2240 2231/2324/2231 2241/2334/2241
f 2232/2325/2232 2147/2240/2147 2136/2229/2136
f 2147/2240/2147 2232/2325/2232 2242/2335/2242
f 2233/2326/2233 2242/2335/2242 2232/2325/2232
f 2242/2335/2242 2233/2326/2233 2243/2336/2243
f 2234/2327/2234 2243/2336/2243 2233/2326/2233
f 2243/2336/2243 2234/2327/2234 2244/2337/2244
f 2235/2328/2235 2244/2337/2244 2234/2327/2234
f 2244/2337/2244 2235/2328/2235 2245/2338/2245
f 2236/2329/2236 2245/2338/2245 2235/2328/2235
f 2245/2338/2245 2236/2329/2236 2246/2339/2246
f 2237/2330/2237 2246/2339/2246 2236/2329/2236
f 2246/2339/2246 2237/2330/2237 2247/2340/2247
f 2238/2331/2238 2247/2340/2247 2237/2330/2237
f 2247/2340/2247 2238/2331/2238 2248/2341/2248
f 2239/2332/2239 2248/2341/2248 2238/2331/2238
f 2248/2341/2248 2239/2332/2239 2249/2342/2249
f 2240/2333/2240 2249/2342/2249 2239/2332/2239
f 2249/2342/2249 2240/2333/2240 2250/2343/2250
f 2241/2334/2241 2250/2343/2250 2240/2333/2240
f 2250/2343/2250 2241/2334/2241 2251/2344/2251
f 2242/2335/2242 2158/2251/2158 2147/2240/2147
f 2158/2251/2158 2242/2335/2242 2252/2345/2252
f 2243/2336/2243 2252/2345/2252 2242/2335/2242
f 2252/2345/2252 2243/2336/2243 2253/2346/2253
f 2244/2337/2244 2253/2346/2253 2243/2336/2243
f 2253/2346/2253 2244/2337/2244 2254/2347/2254
f 2245/2338/2245 2254/2347/2254 2244/2337/2244
f 2254/2347/2254 2245/2338/2245 2255/2348/2255
f 2246/2339/2246 2255/2348/2255 2245/2338/2245
f 2255/2348/2255 2246/2339/2246 2256/2349/2256
f 2247/2340/2247 2256/2349/2256 2246/2339/2246
f 2256/2349/2256 2247/2340/2247 2257/2350/2257
f 2248/2341/2248 2257/2350/2257 2247/2340/2247
f 2257/2350/2257 2248/2341/2248 2258/2351/2258
f 2249/2342/2249 2258/2351/2258 2248/2341/2248
f 2258/2351/2258 2249/2342/2249 2259/2352/2259
f 2250/2343/2250 2259/2352/2259 2249/2342/2249
f 2259/2352/2259 2250/2343/2250 2260/2353/2260
f 2251/2344/2251 2260/2353/2260 2250/2343/2250
f 2260/2353/2260 2251/2344/2251 2261/2354/2261
f 2252/2345/2252 2169/2262/2169 2158/2251/2158
f 2169/2262/2169 2252/2345/2252 2262/2355/2262
f 2253/2346/2253 2262/2355/2262 2252/2345/2252
f 2262/2355/2262 2253/2346/2253 2263/2356/2263
f 2254/2347/2254 2263/2356/2263 2253/2346/2253
f 2263/2356/2263 2254/2347/2254 2264/2357/2264
f 2255/2348/2255 2264/2357/2264 2254/2347/2254
f 2264/2357/2264 2255/2348/2255 2265/2358/2265
f 2256/2349/2256 2265/2358/2265 2255/2348/2255
f 2265/2358/2265 2256/2349/2256 2266/2359/2266
f 2257/2350/2257 2266/2359/2266 2256/2349/2256
f 2266/2359/2266 2257/2350/2257 2267/2360/2267
f 2258/2351/2258 2267/2360/2267 2257/2350/2257
f 2267/2360/2267 2258/2351/2258 2268/2361/2268
f 2259/2352/2259 2268/2361/2268 2258/2351/2258
f 2268/2361/2268 2259/2352/2259 2269/2362/2269
f 2260/2353/2260 2269/2362/2269 2259/2352/2259
f 2269/2362/2269 2260/2353/2260 2270/2363/2270
f 2261/2354/2261 2270/2363/2270 2260/2353/2260
f 2270/2363/2270 2261/2354/2261 2271/2364/2271
f 2262/2355/2262 2180/2273/2180 2169/2262/2169
f 2180/2273/2180 2262/2355/2262 2272/2365/2272
f 2263/2356/2263 2272/2365/2272 2262/2355/2262
f 2272/2365/2272 2263/2356/2263 2273/2366/2273
f 2264/2357/2264 2273/2366/2273 2263/2356/2263
f 2273/2366/2273 2264/2357/2264 2274/2367/2274
f 2265/2358/2265 2274/2367/2274 2264/2357/2264
f 2274/2367/2274 2265/2358/2265 2275/2368/2275
f 2266/2359/2266 2275/2368/2275 2265/2358/2265
f 2275/2368/2275 2266/2359/2266 2276/2369/2276
f 2267/2360/2267 2276/2369/2276 2266/2359/2266
f 2276/2369/2276 2267/2360/2267 2277/2370/2277
f 2268/2361/2268 2277/2370/2277 2267/2360/2267
f 2277/2370/2277 2268/2361/2268 2278/2371/2278
f 2269/2362/2269 2278/2371/2278 2268/2361/2268
f 2278/2371/2278 2269/2362/2269 2279/2372/2279
f 2270/2363/2270 2279/2372/2279 2269/2362/2269
f 2279/2372/2279 2270/2363/2270 2280/2373/2280
f 2271/2364/2271 2280/2373/2280 2270/2363/2270
f 2280/2373/2280 2271/2364/2271 2281/2374/2281
f 2272/2365/2272 2191/2284/2191 2180/2273/2180
f 2191/2284/2191 2272/2365/2272 2282/2375/2282
f 2273/2366/2273 2282/2375/2282 2272/2365/2272
f 2282/2375/2282 2273/2366/2273 2283/2376/2283
f 2274/2367/2274 2283/2376/2283 2273/2366/2273
f 2283/2376/2283 2274/2367/2274 2284/2377/2284
f 2275/2368/2275 2284/2377/2284 2274/2367/2274
f 2284/2377/2284 2275/2368/2275 2285/2378/2285
f 2276/2369/2276 2285/2378/2285 2275/2368/2275
f 2285/2378/2285 2276/2369/2276 2286/2379/2286
f 2277/2370/2277 2286/2379/2286 2276/2369/2276
f 2286/2379/2286 2277/2370/2277 2287/2380/2287
f 2278/2371/2278 2287/2380/2287 2277/2370/2277
f 2287/2380/2287 2278/2371/2278 2288/2381/2288
f 2279/2372/2279 2288/2381/2288 2278/2371/2278
f 2288/2381/2288 2279/2372/2279 2289/2382/2289
f 2280/2373/2280 2289/2382/2289 2279/2372/2279
f 2289/2382/2289 2280/2373/2280 2290/2383/2290
f 2281/2374/2281 2290/2383/2290 2280/2373/2280
f 2290/2383/2290 2281/2374/2281 2291/2384/2291
f 2292/2385/2292 1974/2056/1974 1973/2055/1973
f 1974/2056/1974 2292/2385/2292 2293/2386/2293
f 2293/2386/2293 1975/2057/1975 1974/2056/1974
f 1975/2057/1975 2293/2386/2293 2294/2387/2294
f 2294/2387/2294 1976/2058/1976 1975/2057/1975
f 1976/2058/1976 2294/2387/2294 2295/2388/2295
f 2295/2388/2295 1977/2059/1977 1976/2058/1976
f 1977/2059/1977 2295/2388/2295 2296/2389/2296
f 2296/2389/2296 1978/2060/1978 1977/2059/1977
f 1978/2060/1978 2296/2389/2296 2297/2390/2297
f 2297/2390/2297 1979/2061/1979 1978/2060/1978
f 1979/2061/1979 2297/2390/2297 2298/2391/2298
f 2298/2391/2298 1980/2062/1980 1979/2061/1979
f 1980/2062/1980 2298/2391/2298 2299/2392/2299
f 2299/2392/2299 1981/2063/1981 1980/2062/1980
f 1981/2063/1981 2299/2392/2299 2300/2393/2300
f 2300/2393/2300 1982/2064/1982 1981/2063/1981
f 1982/2064/1982 2300/2393/2300 2301/2394/2301
f 2301/2394/2301 1872/1954/1872 1982/2064/1982
f 1872/1954/1872 2301/2394/2301 2201/2294/2201
f 2302/2395/2302 2293/2386/2293 2292/2385/2292
f 2293/2386/2293 2302/2395/2302 2303/2396/2303
f 2303/2396/2303 2294/2387/2294 2293/2386/2293
f 2294/2387/2294 2303/2396/2303 2304/2397/2304
f 2304/2397/2304 2295/2388/2295 2294/2387/2294
f 2295/2388/2295 2304/2397/2304 2305/2398/2305
f 2305/2398/2305 2296/2389/2296 2295/2388/2295
f 2296/2389/2296 2305/2398/2305 2306/2399/2306
f 2306/2399/2306 2297/2390/2297 2296/2389/2296
f 2297/2390/2297 2306/2399/2306 2307/2400/2307
f 2307/2400/2307 2298/2391/2298 2297/2390/2297
f 2298/2391/2298 2307/2400/2307 2308/2401/2308
f 2308/2401/2308 2299/2392/2299 2298/2391/2298
f 2299/2392/2299 2308/2401/2308 2309/2402/2309
f 2309/2402/2309 2300/2393/2300 2299/2392/2299
f 2300/2393/2300 2309/2402/2309 2310/2403/2310
f 2310/2403/2310 2301/2394/2301 2300/2393/2300
f 2301/2394/2301 2310/2403/2310 2311/2404/2311
f 2311/2404/2311 2201/2294/2201 2301/2394/2301
f 2201/2294/2201 2311/2404/2311 2211/2304/2211
f 2312/2405/2312 2303/2396/2303 2302/2395/2302
f 2303/2396/2303 2312/2405/2312 2313/2406/2313
f 2313/2406/2313 2304/2397/2304 2303/2396/2303
f 2304/2397/2304 2313/2406/2313 2314/2407/2314
f 2314/2407/2314 2305/2398/2305 2304/2397/2304
f 2305/2398/2305 2314/2407/2314 2315/2408/2315
f 2315/2408/2315 2306/2399/2306 2305/2398/2305
f 2306/2399/2306 2315/2408/2315 2316/2409/2316
f 2316/2409/2316 2307/2400/2307 2306/2399/2306
f 2307/2400/2307 2316/2409/2316 2317/2410/2317
f 2317/2410/2317 2308/2401/2308 2307/2400/2307
f 2308/2401/2308 2317/2410/2317 2318/2411/2318
f 2318/2411/2318 2309/2402/2309 2308/2401/2308
f 2309/2402/2309 2318/2411/2318 2319/2412/2319
f 2319/2412/2319 2310/2403/2310 2309/2402/2309
f 2310/2403/2310 2319/2412/2319 2320/2413/2320
f 2320/2413/2320 2311/2404/2311 2310/2403/2310
f 2311/2404/2311 2320/2413/2320 2321/2414/2321
f 2321/2414/2321 2211/2304/2211 2311/2404/2311
f 2211/2304/2211 2321/2414/2321 2221/2314/2221
f 2322/2415/2322 2313/2406/2313 2312/2405/2312
f 2313/2406/2313 2322/2415/2322 2323/2416/2323
f 2323/2416/2323 2314/2407/2314 2313/2406/2313
f 2314/2407/2314 2323/2416/2323 2324/2417/2324
f 2324/2417/2324 2315/2408/2315 2314/2407/2314
f 2315/2408/2315 2324/2417/2324 2325/2418/2325
f 2325/2418/2325 2316/2409/2316 2315/2408/2315
f 2316/2409/2316 2325/2418/2325 2326/2419/2326
f 2326/2419/2326 2317/2410/2317 2316/2409/2316
f 2317/2410/2317 2326/2419/2326 2327/2420/2327
f 2327/2420/2327 2318/2411/2318 2317/2410/2317
f 2318/2411/2318 2327/2420/2327 2328/2421/2328
f 2328/2421/2328 2319/2412/2319 2318/2411/2318
f 2319/2412/2319 2328/2421/2328 2329/2422/2329
f 2329/2422/2329 2320/2413/2320 2319/2412/2319
f 2320/2413/2320 2329/2422/2329 2330/2423/2330
f 2330/2423/2330 2321/2414/2321 2320/2413/2320
f 2321/2414/2321 2330/2423/2330 2331/2424/2331
f 2331/2424/2331 2221/2314/2221 2321/2414/2321
f 2221/2314/2221 2331/2424/2331 2231/2324/2231
f 2332/2425/2332 2323/2416/2323 2322/2415/2322
f 2323/2416/2323 2332/2425/2332 2333/2426/2333
f 2333/2426/2333 2324/2417/2324 2323/2416/2323
f 2324/2417/2324 2333/2426/2333 2334/2427/2334
f 2334/2427/2334 2325/2418/2325 2324/2417/2324
f 2325/2418/2325 2334/2427/2334 2335/2428/2335
f 2335/2428/2335 2326/2419/2326 2325/2418/2325
f 2326/2419/2326 2335/2428/2335 2336/2429/2336
f 2336/2429/2336 2327/2420/2327 2326/2419/2326
f 2327/2420/2327 2336/2429/2336 2337/2430/2337
f 2337/2430/2337 2328/2421/2328 2327/2420/2327
f 2328/2421/2328 2337/2430/2337 2338/2431/2338
f 2338/2431/2338 2329/2422/2329 2328/2421/2328
f 2329/2422/2329 2338/2431/2338 2339/2432/2339
f 2339/2432/2339 2330/2423/2330 2329/2422/2329
f 2330/2423/2330 2339/2432/2339 2340/2433/2340
f 2340/2433/2340 2331/2424/2331 2330/2423/2330
f 2331/2424/2331 2340/2433/2340 2341/2434/2341
f 2341/2434/2341 2231/2324/2231 2331/2424/2331
f 2231/2324/2231 2341/2434/2341 2241/2334/2241
f 2342/2435/2342 2333/2426/2333 2332/2425/2332
f 2333/2426/2333 2342/2435/2342 2343/2436/2343
f 2343/2436/2343 2334/2427/2334 2333/2426/2333
f 2334/2427/2334 2343/2436/2343 2344/2437/2344
f 2344/2437/2344 2335/2428/2335 2334/2427/2334
f 2335/2428/2335 2344/2437/2344 2345/2438/2345
f 2345/2438/2345 2336/2429/2336 2335/2428/2335
f 2336/2429/2336 2345/2438/2345 2346/2439/2346
f 2346/2439/2346 2337/2430/2337 2336/2429/2336
f 2337/2430/2337 2346/2439/2346 2347/2440/2347
f 2347/2440/2347 2338/2431/2338 2337/2430/2337
f 2338/2431/2338 2347/2440/2347 2348/2441/2348
f 2348/2441/2348 2339/2432/2339 2338/2431/2338
f 2339/2432/2339 2348/2441/2348 2349/2442/2349
f 2349/2442/2349 2340/2433/2340 2339/2432/2339
f 2340/2433/2340 2349/2442/2349 2350/2443/2350
f 2350/2443/2350 2341/2434/2341 2340/2433/2340
f 2341/2434/2341 2350/2443/2350 2351/2444/2351
f 2351/2444/2351 2241/2334/2241 2341/2434/2341
f 2241/2334/2241 2351/2444/2351 2251/2344/2251
f 2352/2445/2352 2343/2436/2343 2342/2435/2342
f 2343/2436/2343 2352/2445/2352 2353/2446/2353
f 2353/2446/2353 2344/2437/2344 2343/2436/2343
f 2344/2437/2344 2353/2446/2353 2354/2447/2354
f 2354/2447/2354 2345/2438/2345 2344/2437/2344
f 2345/2438/2345 2354/2447/2354 2355/2448/2355
f 2355/2448/2355 2346/2439/2346 2345/2438/2345
f 2346/2439/2346 2355/2448/2355 2356/2449/2356
f 2356/2449/2356 2347/2440/2347 2346/2439/2346
f 2347/2440/2347 2356/2449/2356 2357/2450/2357
f 2357/2450/2357 2348/2441/2348 2347/2440/2347
f 2348/2441/2348 2357/2450/2357 2358/2451/2358
f 2358/2451/2358 2349/2442/2349 2348/2441/2348
f 2349/2442/2349 2358/2451/2358 2359/2452/2359
f 2359/2452/2359 2350/2443/2350 2349/2442/2349
f 2350/2443/2350 2359/2452/2359 2360/2453/2360
f 2360/2453/2360 2351/2444/2351 2350/2443/2350
f 2351/2444/2351 2360/2453/2360 2361/2454/2361
f 2361/2454/2361 2251/2344/2251 2351/2444/2351
f 2251/2344/2251 2361/2454/2361 2261/2354/2261
f 2362/2455/2362 2353/2446/2353 2352/2445/2352
f 2353/2446/2353 2362/2455/2362 2363/2456/2363
f 2363/2456/2363 2354/2447/2354 2353/2446/2353
f 2354/2447/2354 2363/2456/2363 2364/2457/2364
f 2364/2457/2364 2355/2448/2355 2354/2447/2354
f 2355/2448/2355 2364/2457/2364 2365/2458/2365
f 2365/2458/2365 2356/2449/2356 2355/2448/2355
f 2356/2449/2356 2365/2458/2365 2366/2459/2366
f 2366/2459/2366 2357/2450/2357 2356/2449/2356
f 2357/2450/2357 2366/2459/2366 2367/2460/2367
f 2367/2460/2367 2358/2451/2358 2357/2450/2357
f 2358/2451/2358 2367/2460/2367 2368/2461/2368
f 2368/2461/2368 2359/2452/2359 2358/2451/2358
f 2359/2452/2359 2368/2461/2368 2369/2462/2369
f 2369/2462/2369 2360/2453/2360 2359/2452/2359
f 2360/2453/2360 2369/2462/2369 2370/2463/2370
f 2370/2463/2370 2361/2454/2361 2360/2453/2360
f 2361/2454/2361 2370/2463/2370 2371/2464/2371
f 2371/2464/2371 2261/2354/2261 2361/2454/2361
f 2261/2354/2261 2371/2464/2371 2271/2364/2271
f 2372/2465/2372 2363/2456/2363 2362/2455/2362
f 2363/2456/2363 2372/2465/2372 2373/2466/2373
f 2373/2466/2373 2364/2457/2364 2363/2456/2363
f 2364/2457/2364 2373/2466/2373 2374/2467/2374
f 2374/2467/2374 2365/2458/2365 2364/2457/2364
f 2365/2458/2365 2374/2467/2374 2375/2468/2375
f 2375/2468/2375 2366/2459/2366 2365/2458/2365
f 2366/2459/2366 2375/2468/2375 2376/2469/2376
f 2376/2469/2376 2367/2460/2367 2366/2459/2366
f 2367/2460/2367 2376/2469/2376 2377/2470/2377
f 2377/2470/2377 2368/2461/2368 2367/2460/2367
f 2368/2461/2368 2377/2470/2377 2378/2471/2378
f 2378/2471/2378 2369/2462/2369 2368/2461/2368
f 2369/2462/2369 2378/2471/2378 2379/2472/2379
f 2379/2472/2379 2370/2463/2370 2369/2462/2369
f 2370/2463/2370 2379/2472/2379 2380/2473/2380
f 2380/2473/2380 2371/2464/2371 2370/2463/2370
f 2371/2464/2371 2380/2473/2380 2381/2474/2381
f 2381/2474/2381 2271/2364/2271 2371/2464/2371
f 2271/2364/2271 2381/2474/2381 2281/2374/2281
f 2382/2475/2382 2373/2466/2373 2372/2465/2372
f 2373/2466/2373 2382/2475/2382 2383/2476/2383
f 2383/2476/2383 2374/2467/2374 2373/2466/2373
f 2374/2467/2374 2383/2476/2383 2384/2477/2384
f 2384/2477/2384 2375/2468/2375 2374/2467/2374
f 2375/2468/2375 2384/2477/2384 2385/2478/2385
f 2385/2478/2385 2376/2469/2376 2375/2468/2375
f 2376/2469/2376 2385/2478/2385 2386/2479/2386
f 2386/2479/2386 2377/2470/2377 2376/2469/2376
f 2377/2470/2377 2386/2479/2386 2387/2480/2387
f 2387/2480/2387 2378/2471/2378 2377/2470/2377
f 2378/2471/2378 2387/2480/2387 2388/2481/2388
f 2388/2481/2388 2379/2472/2379 2378/2471/2378
f 2379/2472/2379 2388/2481/2388 2389/2482/2389
f 2389/2482/2389 2380/2473/2380 2379/2472/2379
f 2380/2473/2380 2389/2482/2389 2390/2483/2390
f 2390/2483/2390 2381/2474/2381 2380/2473/2380
f 2381/2474/2381 2390/2483/2390 2391/2484/2391
f 2391/2484/2391 2281/2374/2281 2381/2474/2381
f 2281/2374/2281 2391/2484/2391 2291/2384/2291
f 2082/2485/2082 2073/2166/2073 1752/2165/1752
f 2073/2166/2073 2082/2485/2082 2392/2486/2392
f 2392/2486/2392 2074/2167/2074 2073/2166/2073
f 2074/2167/2074 2392/2486/2392 2393/2487/2393
f 2393/2487/2393 2075/2168/2075 2074/2167/2074
f 2075/2168/2075 2393/2487/2393 2394/2488/2394
f 2394/2488/2394 2076/2169/2076 2075/2168/2075
f 2076/2169/2076 2394/2488/2394 2395/2489/2395
f 2395/2489/2395 2077/2170/2077 2076/2169/2076
f 2077/2170/2077 2395/2489/2395 2396/2490/2396
f 2396/2490/2396 2078/2171/2078 2077/2170/2077
f 2078/2171/2078 2396/2490/2396 2397/2491/2397
f 2397/2491/2397 2079/2172/2079 2078/2171/2078
f 2079/2172/2079 2397/2491/2397 2398/2492/2398
f 2398/2492/2398 2080/2173/2080 2079/2172/2079
f 2080/2173/2080 2398/2492/2398 2399/2493/2399
f 2399/2493/2399 2081/2174/2081 2080/2173/2080
f 2081/2174/2081 2399/2493/2399 2400/2494/2400
f 2400/2494/2400 1973/2055/1973 2081/2174/2081
f 1973/2055/1973 2400/2494/2400 2292/2385/2292
f 2093/2495/2093 2392/2486/2392 2082/2485/2082
f 2392/2486/2392 2093/2495/2093 2401/2496/2401
f 2401/2496/2401 2393/2487/2393 2392/2486/2392
f 2393/2487/2393 2401/2496/2401 2402/2497/2402
f 2402/2497/2402 2394/2488/2394 2393/2487/2393
f 2394/2488/2394 2402/2497/2402 2403/2498/2403
f 2403/2498/2403 2395/2489/2395 2394/2488/2394
f 2395/2489/2395 2403/2498/2403 2404/2499/2404
f 2404/2499/2404 2396/2490/2396 2395/2489/2395
f 2396/2490/2396 2404/2499/2404 2405/2500/2405
f 2405/2500/2405 2397/2491/2397 2396/2490/2396
f 2397/2491/2397 2405/2500/2405 2406/2501/2406
f 2406/2501/2406 2398/2492/2398 2397/2491/2397
f 2398/2492/2398 2406/2501/2406 2407/2502/2407
f 2407/2502/2407 2399/2493/2399 2398/2492/2398
f 2399/2493/2399 2407/2502/2407 2408/2503/2408
f 2408/2503/2408 2400/2494/2400 2399/2493/2399
f 2400/2494/2400 2408/2503/2408 2409/2504/2409
f 2409/2504/2409 2292/2385/2292 2400/2494/2400
f 2292/2385/2292 2409/2504/2409 2302/2395/2302
f 2104/2505/2104 2401/2496/2401 2093/2495/2093
f 2401/2496/2401 2104/2505/2104 2410/2506/2410
f 2410/2506/2410 2402/2497/2402 2401/2496/2401
f 2402/2497/2402 2410/2506/2410 2411/2507/2411
f 2411/2507/2411 2403/2498/2403 2402/2497/2402
f 2403/2498/2403 2411/2507/2411 2412/2508/2412
f 2412/2508/2412 2404/2499/2404 2403/2498/2403
f 2404/2499/2404 2412/2508/2412 2413/2509/2413
f 2413/2509/2413 2405/2500/2405 2404/2499/2404
f 2405/2500/2405 2413/2509/2413 2414/2510/2414
f 2414/2510/2414 2406/2501/2406 2405/2500/2405
f 2406/2501/2406 2414/2510/2414 2415/2511/2415
f 2415/2511/2415 2407/2502/2407 2406/2501/2406
f 2407/2502/2407 2415/2511/2415 2416/2512/2416
f 2416/2512/2416 2408/2503/2408 2407/2502/2407
f 2408/2503/2408 2416/2512/2416 2417/2513/2417
f 2417/2513/2417 2409/2504/2409 2408/2503/2408
f 2409/2504/2409 2417/2513/2417 2418/2514/2418
f 2418/2514/2418 2302/2395/2302 2409/2504/2409
f 2302/2395/2302 2418/2514/2418 2312/2405/2312
f 2115/2515/2115 2410/2506/2410 2104/2505/2104
f 2410/2506/2410 2115/2515/2115 2419/2516/2419
f 2419/2516/2419 2411/2507/2411 2410/2506/2410
f 2411/2507/2411 2419/2516/2419 2420/2517/2420
f 2420/2517/2420 2412/2508/2412 2411/2507/2411
f 2412/2508/2412 2420/2517/2420 2421/2518/2421
f 2421/2518/2421 2413/2509/2413 2412/2508/2412
f 2413/2509/2413 2421/2518/2421 2422/2519/2422
f 2422/2519/2422 2414/2510/2414 2413/2509/2413
f 2414/2510/2414 2422/2519/2422 2423/2520/2423
f 2423/2520/2423 2415/2511/2415 2414/2510/2414
f 2415/2511/2415 2423/2520/2423 2424/2521/2424
f 2424/2521/2424 2416/2512/2416 2415/2511/2415
f 2416/2512/2416 2424/2521/2424 2425/2522/2425
f 2425/2522/2425 2417/2513/2417 2416/2512/2416
f 2417/2513/2417 2425/2522/2425 2426/2523/2426
f 2426/2523/2426 2418/2514/2418 2417/2513/2417
f 2418/2514/2418 2426/2523/2426 2427/2524/2427
f 2427/2524/2427 2312/2405/2312 2418/2514/2418
f 2312/2405/2312 2427/2524/2427 2322/2415/2322
f 2126/2525/2126 2419/2516/2419 2115/2515/2115
f 2419/2516/2419 2126/2525/2126 2428/2526/2428
f 2428/2526/2428 2420/2517/2420 2419/2516/2419
f 2420/2517/2420 2428/2526/2428 2429/2527/2429
f 2429/2527/2429 2421/2518/2421 2420/2517/2420
f 2421/2518/2421 2429/2527/2429 2430/2528/2430
f 2430/2528/2430 2422/2519/2422 2421/2518/2421
f 2422/2519/2422 2430/2528/2430 2431/2529/2431
f 2431/2529/2431 2423/2520/2423 2422/2519/2422
f 2423/2520/2423 2431/2529/2431 2432/2530/2432
f 2432/2530/2432 2424/2521/2424 2423/2520/2423
f 2424/2521/2424 2432/2530/2432 2433/2531/2433
f 2433/2531/2433 2425/2522/2425 2424/2521/2424
f 2425/2522/2425 2433/2531/2433 2434/2532/2434
f 2434/2532/2434 2426/2523/2426 2425/2522/2425
f 2426/2523/2426 2434/2532/2434 2435/2533/2435
f 2435/2533/2435 2427/2524/2427 2426/2523/2426
f 2427/2524/2427 2435/2533/2435 2436/2534/2436
f 2436/2534/2436 2322/2415/2322 2427/2524/2427
f 2322/2415/2322 2436/2534/2436 2332/2425/2332
f 2137/2535/2137 2428/2526/2428 2126/2525/2126
f 2428/2526/2428 2137/2535/2137 2437/2536/2437
f 2437/2536/2437 2429/2527/2429 2428/2526/2428
f 2429/2527/2429 2437/2536/2437 2438/2537/2438
f 2438/2537/2438 2430/2528/2430 2429/2527/2429
f 2430/2528/2430 2438/2537/2438 2439/2538/2439
f 2439/2538/2439 2431/2529/2431 2430/2528/2430
f 2431/2529/2431 2439/2538/2439 2440/2539/2440
f 2440/2539/2440 2432/2530/2432 2431/2529/2431
f 2432/2530/2432 2440/2539/2440 2441/2540/2441
f 2441/2540/2441 2433/2531/2433 2432/2530/2432
f 2433/2531/2433 2441/2540/2441 2442/2541/2442
f 2442/2541/2442 2434/2532/2434 2433/2531/2433
f 2434/2532/2434 2442/2541/2442 2443/2542/2443
f 2443/2542/2443 2435/2533/2435 2434/2532/2434
f 2435/2533/2435 2443/2542/2443 2444/2543/2444
f 2444/2543/2444 2436/2534/2436 2435/2533/2435
f 2436/2534/2436 2444/2543/2444 2445/2544/2445
f 2445/2544/2445 2332/2425/2332 2436/2534/2436
f 2332/2425/2332 2445/2544/2445 2342/2435/2342
f 2148/2545/2148 2437/2536/2437 2137/2535/2137
f 2437/2536/2437 2148/2545/2148 2446/2546/2446
f 2446/2546/2446 2438/2537/2438 2437/2536/2437
f 2438/2537/2438 2446/2546/2446 2447/2547/2447
f 2447/2547/2447 2439/2538/2439 2438/2537/2438
f 2439/2538/2439 2447/2547/2447 2448/2548/2448
f 2448/2548/2448 2440/2539/2440 2439/2538/2439
f 2440/2539/2440 2448/2548/2448 2449/2549/2449
f 2449/2549/2449 2441/2540/2441 2440/2539/2440
f 2441/2540/2441 2449/2549/2449 2450/2550/2450
f 2450/2550/2450 2442/2541/2442 2441/2540/2441
f 2442/2541/2442 2450/2550/2450 2451/2551/2451
f 2451/2551/2451 2443/2542/2443 2442/2541/2442
f 2443/2542/2443 2451/2551/2451 2452/2552/2452
f 2452/2552/2452 2444/2543/2444 2443/2542/2443
f 2444/2543/2444 2452/2552/2452 2453/2553/2453
f 2453/2553/2453 2445/2544/2445 2444/2543/2444
f 2445/2544/2445 2453/2553/2453 2454/2554/2454
f 2454/2554/2454 2342/2435/2342 2445/2544/2445
f 2342/2435/2342 2454/2554/2454 2352/2445/2352
f 2159/2555/2159 2446/2546/2446 2148/2545/2148
f 2446/2546/2446 2159/2555/2159 2455/2556/2455
f 2455/2556/2455 2447/2547/2447 2446/2546/2446
f 2447/2547/2447 2455/2556/2455 2456/2557/2456
f 2456/2557/2456 2448/2548/2448 2447/2547/2447
f 2448/2548/2448 2456/2557/2456 2457/2558/2457
f 2457/2558/2457 2449/2549/2449 2448/2548/2448
f 2449/2549/2449 2457/2558/2457 2458/2559/2458
f 2458/2559/2458 2450/2550/2450 2449/2549/2449
f 2450/2550/2450 2458/2559/2458 2459/2560/2459
f 2459/2560/2459 2451/2551/2451 2450/2550/2450
f 2451/2551/2451 2459/2560/2459 2460/2561/2460
f 2460/2561/2460 2452/2552/2452 2451/2551/2451
f 2452/2552/2452 2460/2561/2460 2461/2562/2461
f 2461/2562/2461 2453/2553/2453 2452/2552/2452
f 2453/2553/2453 2461/2562/2461 2462/2563/2462
f 2462/2563/2462 2454/2554/2454 2453/2553/2453
f 2454/2554/2454 2462/2563/2462 2463/2564/2463
f 2463/2564/2463 2352/2445/2352 2454/2554/2454
f 2352/2445/2352 2463/2564/2463 2362/2455/2362
f 2170/2565/2170 2455/2556/2455 2159/2555/2159
f 2455/2556/2455 2170/2565/2170 2464/2566/2464
f 2464/2566/2464 2456/2557/2456 2455/2556/2455
f 2456/2557/2456 2464/2566/2464 2465/2567/2465
f 2465/2567/2465 2457/2558/2457 2456/2557/2456
f 2457/2558/2457 2465/2567/2465 2466/2568/2466
f 2466/2568/2466 2458/2559/2458 2457/2558/2457
f 2458/2559/2458 2466/2568/2466 2467/2569/2467
f 2467/2569/2467 2459/2560/2459 2458/2559/2458
f 2459/2560/2459 2467/2569/2467 2468/2570/2468
f 2468/2570/2468 2460/2561/2460 2459/2560/2459
f 2460/2561/2460 2468/2570/2468 2469/2571/2469
f 2469/2571/2469 2461/2562/2461 2460/2561/2460
f 2461/2562/2461 2469/2571/2469 2470/2572/2470
f 2470/2572/2470 2462/2563/2462 2461/2562/2461
f 2462/2563/2462 2470/2572/2470 2471/2573/2471
f 2471/2573/2471 2463/2564/2463 2462/2563/2462
f 2463/2564/2463 2471/2573/2471 2472/2574/2472
f 2472/2574/2472 2362/2455/2362 2463/2564/2463
f 2362/2455/2362 2472/2574/2472 2372/2465/2372
f 2181/2575/2181 2464/2566/2464 2170/2565/2170
f 2464/2566/2464 2181/2575/2181 2473/2576/2473
f 2473/2576/2473 2465/2567/2465 2464/2566/2464
f 2465/2567/2465 2473/2576/2473 2474/2577/2474
f 2474/2577/2474 2466/2568/2466 2465/2567/2465
f 2466/2568/2466 2474/2577/2474 2475/2578/2475
f 2475/2578/2475 2467/2569/2467 2466/2568/2466
f 2467/2569/2467 2475/2578/2475 2476/2579/2476
f 2476/2579/2476 2468/2570/2468 2467/2569/2467
f 2468/2570/2468 2476/2579/2476 2477/2580/2477
f 2477/2580/2477 2469/2571/2469 2468/2570/2468
f 2469/2571/2469 2477/2580/2477 2478/2581/2478
f 2478/2581/2478 2470/2572/2470 2469/2571/2469
f 2470/2572/2470 2478/2581/2478 2479/2582/2479
f 2479/2582/2479 2471/2573/2471 2470/2572/2470
f 2471/2573/2471 2479/2582/2479 2480/2583/2480
f 2480/2583/2480 2472/2574/2472 2471/2573/2471
f 2472/2574/2472 2480/2583/2480 2481/2584/2481
f 2481/2584/2481 2372/2465/2372 2472/2574/2472
f 2372/2465/2372 2481/2584/2481 2382/2475/2382
f 2182/2275/2182 2482/2585/2482 2181/2274/2181
f 2482/2585/2482 2182/2275/2182 2483/2586/2483
f 2183/2276/2183 2483/2586/2483 2182/2275/2182
f 2483/2586/2483 2183/2276/2183 2484/2587/2484
f 2184/2277/2184 2484/2587/2484 2183/2276/2183
f 2484/2587/2484 2184/2277/2184 2485/2588/2485
f 2185/2278/2185 2485/2588/2485 2184/2277/2184
f 2485/2588/2485 2185/2278/2185 2486/2589/2486
f 2186/2279/2186 2486/2589/2486 2185/2278/2185
f 2486/2589/2486 2186/2279/2186 2487/2590/2487
f 2187/2280/2187 2487/2590/2487 2186/2279/2186
f 2487/2590/2487 2187/2280/2187 2488/2591/2488
f 2188/2281/2188 2488/2591/2488 2187/2280/2187
f 2488/2591/2488 2188/2281/2188 2489/2592/2489
f 2189/2282/2189 2489/2592/2489 2188/2281/2188
f 2489/2592/2489 2189/2282/2189 2490/2593/2490
f 2190/2283/2190 2490/2593/2490 2189/2282/2189
f 2490/2593/2490 2190/2283/2190 2491/2594/2491
f 2191/2284/2191 2491/2594/2491 2190/2283/2190
f 2491/2594/2491 2191/2284/2191 2492/2595/2492
f 2483/2586/2483 2493/2596/2493 2482/2585/2482
f 2493/2596/2493 2483/2586/2483 2494/2597/2494
f 2484/2587/2484 2494/2597/2494 2483/2586/2483
f 2494/2597/2494 2484/2587/2484 2495/2598/2495
f 2485/2588/2485 2495/2598/2495 2484/2587/2484
f 2495/2598/2495 2485/2588/2485 2496/2599/2496
f 2486/2589/2486 2496/2599/2496 2485/2588/2485
f 2496/2599/2496 2486/2589/2486 2497/2600/2497
f 2487/2590/2487 2497/2600/2497 2486/2589/2486
f 2497/2600/2497 2487/2590/2487 2498/2601/2498
f 2488/2591/2488 2498/2601/2498 2487/2590/2487
f 2498/2601/2498 2488/2591/2488 2499/2602/2499
f 2489/2592/2489 2499/2602/2499 2488/2591/2488
f 2499/2602/2499 2489/2592/2489 2500/2603/2500
f 2490/2593/2490 2500/2603/2500 2489/2592/2489
f 2500/2603/2500 2490/2593/2490 2501/2604/2501
f 2491/2594/2491 2501/2604/2501 2490/2593/2490
f 2501/2604/2501 2491/2594/2491 2502/2605/2502
f 2492/2595/2492 2502/2605/2502 2491/2594/2491
f 2502/2605/2502 2492/2595/2492 2503/2606/2503
f 2494/2597/2494 2504/2607/2504 2493/2596/2493
f 2504/2607/2504 2494/2597/2494 2505/2608/2505
f 2495/2598/2495 2505/2608/2505 2494/2597/2494
f 2505/2608/2505 2495/2598/2495 2506/2609/2506
f 2496/2599/2496 2506/2609/2506 2495/2598/2495
f 2506/2609/2506 2496/2599/2496 2507/2610/2507
f 2497/2600/2497 2507/2610/2507 2496/2599/2496
f 2507/2610/2507 2497/2600/2497 2508/2611/2508
f 2498/2601/2498 2508/2611/2508 2497/2600/2497
f 2508/2611/2508 2498/2601/2498 2509/2612/2509
f 2499/2602/2499 2509/2612/2509 2498/2601/2498
f 2509/2612/2509 2499/2602/2499 2510/2613/2510
f 2500/2603/2500 2510/2613/2510 2499/2602/2499
f 2510/2613/2510 2500/2603/2500 2511/2614/2511
f 2501/2604/2501 2511/2614/2511 2500/2603/2500
f 2511/2614/2511 2501/2604/2501 2512/2615/2512
f 2502/2605/2502 2512/2615/2512 2501/2604/2501
f 2512/2615/2512 2502/2605/2502 2513/2616/2513
f 2503/2606/2503 2513/2616/2513 2502/2605/2502
f 2513/2616/2513 2503/2606/2503 2514/2617/2514
f 2505/2608/2505 2515/2618/2515 2504/2607/2504
f 2515/2618/2515 2505/2608/2505 2516/2619/2516
f 2506/2609/2506 2516/2619/2516 2505/2608/2505
f 2516/2619/2516 2506/2609/2506 2517/2620/2517
f 2507/2610/2507 2517/2620/2517 2506/2609/2506
f 2517/2620/2517 2507/2610/2507 2518/2621/2518
f 2508/2611/2508 2518/2621/2518 2507/2610/2507
f 2518/2621/2518 2508/2611/2508 2519/2622/2519
f 2509/2612/2509 2519/2622/2519 2508/2611/2508
f 2519/2622/2519 2509/2612/2509 2520/2623/2520
f 2510/2613/2510 2520/2623/2520 2509/2612/2509
f 2520/2623/2520 2510/2613/2510 2521/2624/2521
f 2511/2614/2511 2521/2624/2521 2510/2613/2510
f 2521/2624/2521 2511/2614/2511 2522/2625/2522
f 2512/2615/2512 2522/2625/2522 2511/2614/2511
f 2522/2625/2522 2512/2615/2512 2523/2626/2523
f 2513/2616/2513 2523/2626/2523 2512/2615/2512
f 2523/2626/2523 2513/2616/2513 2524/2627/2524
f 2514/2617/2514 2524/2627/2524 2513/2616/2513
f 2524/2627/2524 2514/2617/2514 2525/2628/2525
f 2516/2619/2516 2526/2629/2526 2515/2618/2515
f 2526/2629/2526 2516/2619/2516 2527/2630/2527
f 2517/2620/2517 2527/2630/2527 2516/2619/2516
f 2527/2630/2527 2517/2620/2517 2528/2631/2528
f 2518/2621/2518 2528/2631/2528 2517/2620/2517
f 2528/2631/2528 2518/2621/2518 2529/2632/2529
f 2519/2622/2519 2529/2632/2529 2518/2621/2518
f 2529/2632/2529 2519/2622/2519 2530/2633/2530
f 2520/2623/2520 2530/2633/2530 2519/2622/2519
f 2530/2633/2530 2520/2623/2520 2531/2634/2531
f 2521/2624/2521 2531/2634/2531 2520/2623/2520
f 2531/2634/2531 2521/2624/2521 2532/2635/2532
f 2522/2625/2522 2532/2635/2532 2521/2624/2521
f 2532/2635/2532 2522/2625/2522 2533/2636/2533
f 2523/2626/2523 2533/2636/2533 2522/2625/2522
f 2533/2636/2533 2523/2626/2523 2534/2637/2534
f 2524/2627/2524 2534/2637/2534 2523/2626/2523
f 2534/2637/2534 2524/2627/2524 2535/2638/2535
f 2525/2628/2525 2535/2638/2535 2524/2627/2524
f 2535/2638/2535 2525/2628/2525 2536/2639/2536
f 2527/2630/2527 2537/2640/2537 2526/2629/2526
f 2537/2640/2537 2527/2630/2527 2538/2641/2538
f 2528/2631/2528 2538/2641/2538 2527/2630/2527
f 2538/2641/2538 2528/2631/2528 2539/2642/2539
f 2529/2632/2529 2539/2642/2539 2528/2631/2528
f 2539/2642/2539 2529/2632/2529 2540/2643/2540
f 2530/2633/2530 2540/2643/2540 2529/2632/2529
f 2540/2643/2540 2530/2633/2530 2541/2644/2541
f 2531/2634/2531 2541/2644/2541 2530/2633/2530
f 2541/2644/2541 2531/2634/2531 2542/2645/2542
f 2532/2635/2532 2542/2645/2542 2531/2634/2531
f 2542/2645/2542 2532/2635/2532 2543/2646/2543
f 2533/2636/2533 2543/2646/2543 2532/2635/2532
f 2543/2646/2543 2533/2636/2533 2544/2647/2544
f 2534/2637/2534 2544/2647/2544 2533/2636/2533
f 2544/2647/2544 2534/2637/2534 2545/2648/2545
f 2535/2638/2535 2545/2648/2545 2534/2637/2534
f 2545/2648/2545 2535/2638/2535 2546/2649/2546
f 2536/2639/2536 2546/2649/2546 2535/2638/2535
f 2546/2649/2546 2536/2639/2536 2547/2650/2547
f 2538/2641/2538 2548/2651/2548 2537/2640/2537
f 2548/2651/2548 2538/2641/2538 2549/2652/2549
f 2539/2642/2539 2549/2652/2549 2538/2641/2538
f 2549/2652/2549 2539/2642/2539 2550/2653/2550
f 2540/2643/2540 2550/2653/2550 2539/2642/2539
f 2550/2653/2550 2540/2643/2540 2551/2654/2551
f 2541/2644/2541 2551/2654/2551 2540/2643/2540
f 2551/2654/2551 2541/2644/2541 2552/2655/2552
f 2542/2645/2542 2552/2655/2552 2541/2644/2541
f 2552/2655/2552 2542/2645/2542 2553/2656/2553
f 2543/2646/2543 2553/2656/2553 2542/2645/2542
f 2553/2656/2553 2543/2646/2543 2554/2657/2554
f 2544/2647/2544 2554/2657/2554 2543/2646/2543
f 2554/2657/2554 2544/2647/2544 2555/2658/2555
f 2545/2648/2545 2555/2658/2555 2544/2647/2544
f 2555/2658/2555 2545/2648/2545 2556/2659/2556
f 2546/2649/2546 2556/2659/2556 2545/2648/2545
f 2556/2659/2556 2546/2649/2546 2557/2660/2557
f 2547/2650/2547 2557/2660/2557 2546/2649/2546
f 2557/2660/2557 2547/2650/2547 2558/2661/2558
f 2549/2652/2549 2559/2662/2559 2548/2651/2548
f 2559/2662/2559 2549/2652/2549 2560/2663/2560
f 2550/2653/2550 2560/2663/2560 2549/2652/2549
f 2560/2663/2560 2550/2653/2550 2561/2664/2561
f 2551/2654/2551 2561/2664/2561 2550/2653/2550
f 2561/2664/2561 2551/2654/2551 2562/2665/2562
f 2552/2655/2552 2562/2665/2562 2551/2654/2551
f 2562/2665/2562 2552/2655/2552 2563/2666/2563
f 2553/2656/2553 2563/2666/2563 2552/2655/2552
f 2563/2666/2563 2553/2656/2553 2564/2667/2564
f 2554/2657/2554 2564/2667/2564 2553/2656/2553
f 2564/2667/2564 2554/2657/2554 2565/2668/2565
f 2555/2658/2555 2565/2668/2565 2554/2657/2554
f 2565/2668/2565 2555/2658/2555 2566/2669/2566
f 2556/2659/2556 2566/2669/2566 2555/2658/2555
f 2566/2669/2566 2556/2659/2556 2567/2670/2567
f 2557/2660/2557 2567/2670/2567 2556/2659/2556
f 2567/2670/2567 2557/2660/2557 2568/2671/2568
f 2558/2661/2558 2568/2671/2568 2557/2660/2557
f 2568/2671/2568 2558/2661/2558 2569/2672/2569
f 2560/2663/2560 2570/2673/2570 2559/2662/2559
f 2570/2673/2570 2560/2663/2560 2571/2674/2571
f 2561/2664/2561 2571/2674/2571 2560/2663/2560
f 2571/2674/2571 2561/2664/2561 2572/2675/2572
f 2562/2665/2562 2572/2675/2572 2561/2664/2561
f 2572/2675/2572 2562/2665/2562 2573/2676/2573
f 2563/2666/2563 2573/2676/2573 2562/2665/2562
f 2573/2676/2573 2563/2666/2563 2574/2677/2574
f 2564/2667/2564 2574/2677/2574 2563/2666/2563
f 2574/2677/2574 2564/2667/2564 2575/2678/2575
f 2565/2668/2565 2575/2678/2575 2564/2667/2564
f 2575/2678/2575 2565/2668/2565 2576/2679/2576
f 2566/2669/2566 2576/2679/2576 2565/2668/2565
f 2576/2679/2576 2566/2669/2566 2577/2680/2577
f 2567/2670/2567 2577/2680/2577 2566/2669/2566
f 2577/2680/2577 2567/2670/2567 2578/2681/2578
f 2568/2671/2568 2578/2681/2578 2567/2670/2567
f 2578/2681/2578 2568/2671/2568 2579/2682/2579
f 2569/2672/2569 2579/2682/2579 2568/2671/2568
f 2579/2682/2579 2569/2672/2569 2580/2683/2580
f 2571/2674/2571 2581/2684/2581 2570/2673/2570
f 2581/2684/2581 2571/2674/2571 2582/2685/2582
f 2572/2675/2572 2582/2685/2582 2571/2674/2571
f 2582/2685/2582 2572/2675/2572 2583/2686/2583
f 2573/2676/2573 2583/2686/2583 2572/2675/2572
f 2583/2686/2583 2573/2676/2573 2584/2687/2584
f 2574/2677/2574 2584/2687/2584 2573/2676/2573
f 2584/2687/2584 2574/2677/2574 2585/2688/2585
f 2575/2678/2575 2585/2688/2585 2574/2677/2574
f 2585/2688/2585 2575/2678/2575 2586/2689/2586
f 2576/2679/2576 2586/2689/2586 2575/2678/2575
f 2586/2689/2586 2576/2679/2576 2587/2690/2587
f 2577/2680/2577 2587/2690/2587 2576/2679/2576
f 2587/2690/2587 2577/2680/2577 2588/2691/2588
f 2578/2681/2578 2588/2691/2588 2577/2680/2577
f 2588/2691/2588 2578/2681/2578 2589/2692/2589
f 2579/2682/2579 2589/2692/2589 2578/2681/2578
f 2589/2692/2589 2579/2682/2579 2590/2693/2590
f 2580/2683/2580 2590/2693/2590 2579/2682/2579
f 2590/2693/2590 2580/2683/2580 2591/2694/2591
f 2282/2375/2282 2492/2595/2492 2191/2284/2191
f 2492/2595/2492 2282/2375/2282 2592/2695/2592
f 2283/2376/2283 2592/2695/2592 2282/2375/2282
f 2592/2695/2592 2283/2376/2283 2593/2696/2593
f 2284/2377/2284 2593/2696/2593 2283/2376/2283
f 2593/2696/2593 2284/2377/2284 2594/2697/2594
f 2285/2378/2285 2594/2697/2594 2284/2377/2284
f 2594/2697/2594 2285/2378/2285 2595/2698/2595
f 2286/2379/2286 2595/2698/2595 2285/2378/2285
f 2595/2698/2595 2286/2379/2286 2596/2699/2596
f 2287/2380/2287 2596/2699/2596 2286/2379/2286
f 2596/2699/2596 2287/2380/2287 2597/2700/2597
f 2288/2381/2288 2597/2700/2597 2287/2380/2287
f 2597/2700/2597 2288/2381/2288 2598/2701/2598
f 2289/2382/2289 2598/2701/2598 2288/2381/2288
f 2598/2701/2598 2289/2382/2289 2599/2702/2599
f 2290/2383/2290 2599/2702/2599 2289/2382/2289
f 2599/2702/2599 2290/2383/2290 2600/2703/2600
f 2291/2384/2291 2600/2703/2600 2290/2383/2290
f 2600/2703/2600 2291/2384/2291 2601/2704/2601
f 2592/2695/2592 2503/2606/2503 2492/2595/2492
f 2503/2606/2503 2592/2695/2592 2602/2705/2602
f 2593/2696/2593 2602/2705/2602 2592/2695/2592
f 2602/2705/2602 2593/2696/2593 2603/2706/2603
f 2594/2697/2594 2603/2706/2603 2593/2696/2593
f 2603/2706/2603 2594/2697/2594 2604/2707/2604
f 2595/2698/2595 2604/2707/2604 2594/2697/2594
f 2604/2707/2604 2595/2698/2595 2605/2708/2605
f 2596/2699/2596 2605/2708/2605 2595/2698/2595
f 2605/2708/2605 2596/2699/2596 2606/2709/2606
f 2597/2700/2597 2606/2709/2606 2596/2699/2596
f 2606/2709/2606 2597/2700/2597 2607/2710/2607
f 2598/2701/2598 2607/2710/2607 2597/2700/2597
f 2607/2710/2607 2598/2701/2598 2608/2711/2608
f 2599/2702/2599 2608/2711/2608 2598/2701/2598
f 2608/2711/2608 2599/2702/2599 2609/2712/2609
f 2600/2703/2600 2609/2712/2609 2599/2702/2599
f 2609/2712/2609 2600/2703/2600 2610/2713/2610
f 2601/2704/2601 2610/2713/2610 2600/2703/2600
f 2610/2713/2610 2601/2704/2601 2611/2714/2611
f 2602/2705/2602 2514/2617/2514 2503/2606/2503
f 2514/2617/2514 2602/2705/2602 2612/2715/2612
f 2603/2706/2603 2612/2715/2612 2602/2705/2602
f 2612/2715/2612 2603/2706/2603 2613/2716/2613
f 2604/2707/2604 2613/2716/2613 2603/2706/2603
f 2613/2716/2613 2604/2707/2604 2614/2717/2614
f 2605/2708/2605 2614/2717/2614 2604/2707/2604
f 2614/2717/2614 2605/2708/2605 2615/2718/2615
f 2606/2709/2606 2615/2718/2615 2605/2708/2605
f 2615/2718/2615 2606/2709/2606 2616/2719/2616
f 2607/2710/2607 2616/2719/2616 2606/2709/2606
f 2616/2719/2616 2607/2710/2607 2617/2720/2617
f 2608/2711/2608 2617/2720/2617 2607/2710/2607
f 2617/2720/2617 2608/2711/2608 2618/2721/2618
f 2609/2712/2609 2618/2721/2618 2608/2711/2608
f 2618/2721/2618 2609/2712/2609 2619/2722/2619
f 2610/2713/2610 2619/2722/2619 2609/2712/2609
f 2619/2722/2619 2610/2713/2610 2620/2723/2620
f 2611/2714/2611 2620/2723/2620 2610/2713/2610
f 2620/2723/2620 2611/2714/2611 2621/2724/2621
f 2612/2715/2612 2525/2628/2525 2514/2617/2514
f 2525/2628/2525 2612/2715/2612 2622/2725/2622
f 2613/2716/2613 2622/2725/2622 2612/2715/2612
f 2622/2725/2622 2613/2716/2613 2623/2726/2623
f 2614/2717/2614 2623/2726/2623 2613/2716/2613
f 2623/2726/2623 2614/2717/2614 2624/2727/2624
f 2615/2718/2615 2624/2727/2624 2614/2717/2614
f 2624/2727/2624 2615/2718/2615 2625/2728/2625
f 2616/2719/2616 2625/2728/2625 2615/2718/2615
f 2625/2728/2625 2616/2719/2616 2626/2729/2626
f 2617/2720/2617 2626/2729/2626 2616/2719/2616
f 2626/2729/2626 2617/2720/2617 2627/2730/2627
f 2618/2721/2618 2627/2730/2627 2617/2720/2617
f 2627/2730/2627 2618/2721/2618 2628/2731/2628
f 2619/2722/2619 2628/2731/2628 2618/2721/2618
f 2628/2731/2628 2619/2722/2619 2629/2732/2629
f 2620/2723/2620 2629/2732/2629 2619/2722/2619
f 2629/2732/2629 2620/2723/2620 2630/2733/2630
f 2621/2724/2621 2630/2733/2630 2620/2723/2620
f 2630/2733/2630 2621/2724/2621 2631/2734/2631
f 2622/2725/2622 2536/2639/2536 2525/2628/2525
f 2536/2639/2536 2622/2725/2622 2632/2735/2632
f 2623/2726/2623 2632/2735/2632 2622/2725/2622
f 2632/2735/2632 2623/2726/2623 2633/2736/2633
f 2624/2727/2624 2633/2736/2633 2623/2726/2623
f 2633/2736/2633 2624/2727/2624 2634/2737/2634
f 2625/2728/2625 2634/2737/2634 2624/2727/2624
f 2634/2737/2634 2625/2728/2625 2635/2738/2635
f 2626/2729/2626 2635/2738/2635 2625/2728/2625
f 2635/2738/2635 2626/2729/2626 2636/2739/2636
f 2627/2730/2627 2636/2739/2636 2626/2729/2626
f 2636/2739/2636 2627/2730/2627 2637/2740/2637
f 2628/2731/2628 2637/2740/2637 2627/2730/2627
f 2637/2740/2637 2628/2731/2628 2638/2741/2638
f 2629/2732/2629 2638/2741/2638 2628/2731/2628
f 2638/2741/2638 2629/2732/2629 2639/2742/2639
f 2630/2733/2630 2639/2742/2639 2629/2732/2629
f 2639/2742/2639 2630/2733/2630 2640/2743/2640
f 2631/2734/2631 2640/2743/2640 2630/2733/2630
f 2640/2743/2640 2631/2734/2631 2641/2744/2641
f 2632/2735/2632 2547/2650/2547 2536/2639/2536
f 2547/2650/2547 2632/2735/2632 2642/2745/2642
f 2633/2736/2633 2642/2745/2642 2632/2735/2632
f 2642/2745/2642 2633/2736/2633 2643/2746/2643
f 2634/2737/2634 2643/2746/2643 2633/2736/2633
f 2643/2746/2643 2634/2737/2634 2644/2747/2644
f 2635/2738/2635 2644/2747/2644 2634/2737/2634
f 2644/2747/2644 2635/2738/2635 2645/2748/2645
f 2636/2739/2636 2645/2748/2645 2635/2738/2635
f 2645/2748/2645 2636/2739/2636 2646/2749/2646
f 2637/2740/2637 2646/2749/2646 2636/2739/2636
f 2646/2749/2646 2637/2740/2637 2647/2750/2647
f 2638/2741/2638 2647/2750/2647 2637/2740/2637
f 2647/2750/2647 2638/2741/2638 2648/2751/2648
f 2639/2742/2639 2648/2751/2648 2638/2741/2638
f 2648/2751/2648 2639/2742/2639 2649/2752/2649
f 2640/2743/2640 2649/2752/2649 2639/2742/2639
f 2649/2752/2649 2640/2743/2640 2650/2753/2650
f 2641/2744/2641 2650/2753/2650 2640/2743/2640
f 2650/2753/2650 2641/2744/2641 2651/2754/2651
f 2642/2745/2642 2558/2661/2558 2547/2650/2547
f 2558/2661/2558 2642/2745/2642 2652/2755/2652
f 2643/2746/2643 2652/2755/2652 2642/2745/2642
f 2652/2755/2652 2643/2746/2643 2653/2756/2653
f 2644/2747/2644 2653/2756/2653 2643/2746/2643
f 2653/2756/2653 2644/2747/2644 2654/2757/2654
f 2645/2748/2645 2654/2757/2654 2644/2747/2644
f 2654/2757/2654 2645/2748/2645 2655/2758/2655
f 2646/2749/2646 2655/2758/2655 2645/2748/2645
f 2655/2758/2655 2646/2749/2646 2656/2759/2656
f 2647/2750/2647 2656/2759/2656 2646/2749/2646
f 2656/2759/2656 2647/2750/2647 2657/2760/2657
f 2648/2751/2648 2657/2760/2657 2647/2750/2647
f 2657/2760/2657 2648/2751/2648 2658/2761/2658
f 2649/2752/2649 2658/2761/2658 2648/2751/2648
f 2658/2761/2658 2649/2752/2649 2659/2762/2659
f 2650/2753/2650 2659/2762/2659 2649/2752/2649
f 2659/2762/2659 2650/2753/2650 2660/2763/2660
f 2651/2754/2651 2660/2763/2660 2650/2753/2650
f 2660/2763/2660 2651/2754/2651 2661/2764/2661
f 2652/2755/2652 2569/2672/2569 2558/2661/2558
f 2569/2672/2569 2652/2755/2652 2662/2765/2662
f 2653/2756/2653 2662/2765/2662 2652/2755/2652
f 2662/2765/2662 2653/2756/2653 2663/2766/2663
f 2654/2757/2654 2663/2766/2663 2653/2756/2653
f 2663/2766/2663 2654/2757/2654 2664/2767/2664
f 2655/2758/2655 2664/2767/2664 2654/2757/2654
f 2664/2767/2664 2655/2758/2655 2665/2768/2665
f 2656/2759/2656 2665/2768/2665 2655/2758/2655
f 2665/2768/2665 2656/2759/2656 2666/2769/2666
f 2657/2760/2657 2666/2769/2666 2656/2759/2656
f 2666/2769/2666 2657/2760/2657 2667/2770/2667
f 2658/2761/2658 2667/2770/2667 2657/2760/2657
f 2667/2770/2667 2658/2761/2658 2668/2771/2668
f 2659/2762/2659 2668/2771/2668 2658/2761/2658
f 2668/2771/2668 2659/2762/2659 2669/2772/2669
f 2660/2763/2660 2669/2772/2669 2659/2762/2659
f 2669/2772/2669 2660/2763/2660 2670/2773/2670
f 2661/2764/2661 2670/2773/2670 2660/2763/2660
f 2670/2773/2670 2661/2764/2661 2671/2774/2671
f 2662/2765/2662 2580/2683/2580 2569/2672/2569
f 2580/2683/2580 2662/2765/2662 2672/2775/2672
f 2663/2766/2663 2672/2775/2672 2662/2765/2662
f 2672/2775/2672 2663/2766/2663 2673/2776/2673
f 2664/2767/2664 2673/2776/2673 2663/2766/2663
f 2673/2776/2673 2664/2767/2664 2674/2777/2674
f 2665/2768/2665 2674/2777/2674 2664/2767/2664
f 2674/2777/2674 2665/2768/2665 2675/2778/2675
f 2666/2769/2666 2675/2778/2675 2665/2768/2665
f 2675/2778/2675 2666/2769/2666 2676/2779/2676
f 2667/2770/2667 2676/2779/2676 2666/2769/2666
f 2676/2779/2676 2667/2770/2667 2677/2780/2677
f 2668/2771/2668 2677/2780/2677 2667/2770/2667
f 2677/2780/2677 2668/2771/2668 2678/2781/2678
f 2669/2772/2669 2678/2781/2678 2668/2771/2668
f 2678/2781/2678 2669/2772/2669 2679/2782/2679
f 2670/2773/2670 2679/2782/2679 2669/2772/2669
f 2679/2782/2679 2670/2773/2670 2680/2783/2680
f 2671/2774/2671 2680/2783/2680 2670/2773/2670
f 2680/2783/2680 2671/2774/2671 2681/2784/2681
f 2672/2775/2672 2591/2694/2591 2580/2683/2580
f 2591/2694/2591 2672/2775/2672 2682/2785/2682
f 2673/2776/2673 2682/2785/2682 2672/2775/2672
f 2682/2785/2682 2673/2776/2673 2683/2786/2683
f 2674/2777/2674 2683/2786/2683 2673/2776/2673
f 2683/2786/2683 2674/2777/2674 2684/2787/2684
f 2675/2778/2675 2684/2787/2684 2674/2777/2674
f 2684/2787/2684 2675/2778/2675 2685/2788/2685
f 2676/2779/2676 2685/2788/2685 2675/2778/2675
f 2685/2788/2685 2676/2779/2676 2686/2789/2686
f 2677/2780/2677 2686/2789/2686 2676/2779/2676
f 2686/2789/2686 2677/2780/2677 2687/2790/2687
f 2678/2781/2678 2687/2790/2687 2677/2780/2677
f 2687/2790/2687 2678/2781/2678 2688/2791/2688
f 2679/2782/2679 2688/2791/2688 2678/2781/2678
f 2688/2791/2688 2679/2782/2679 2689/2792/2689
f 2680/2783/2680 2689/2792/2689 2679/2782/2679
f 2689/2792/2689 2680/2783/2680 2690/2793/2690
f 2681/2784/2681 2690/2793/2690 2680/2783/2680
f 2690/2793/2690 2681/2784/2681 2691/2794/2691
f 2692/2795/2692 2383/2476/2383 2382/2475/2382
f 2383/2476/2383 2692/2795/2692 2693/2796/2693
f 2693/2796/2693 2384/2477/2384 2383/2476/2383
f 2384/2477/2384 2693/2796/2693 2694/2797/2694
f 2694/2797/2694 2385/2478/2385 2384/2477/2384
f 2385/2478/2385 2694/2797/2694 2695/2798/2695
f 2695/2798/2695 2386/2479/2386 2385/2478/2385
f 2386/2479/2386 2695/2798/2695 2696/2799/2696
f 2696/2799/2696 2387/2480/2387 2386/2479/2386
f 2387/2480/2387 2696/2799/2696 2697/2800/2697
f 2697/2800/2697 2388/2481/2388 2387/2480/2387
f 2388/2481/2388 2697/2800/2697 2698/2801/2698
f 2698/2801/2698 2389/2482/2389 2388/2481/2388
f 2389/2482/2389 2698/2801/2698 2699/2802/2699
f 2699/2802/2699 2390/2483/2390 2389/2482/2389
f 2390/2483/2390 2699/2802/2699 2700/2803/2700
f 2700/2803/2700 2391/2484/2391 2390/2483/2390
f 2391/2484/2391 2700/2803/2700 2701/2804/2701
f 2701/2804/2701 2291/2384/2291 2391/2484/2391
f 2291/2384/2291 2701/2804/2701 2601/2704/2601
f 2702/2805/2702 2693/2796/2693 2692/2795/2692
f 2693/2796/2693 2702/2805/2702 2703/2806/2703
f 2703/2806/2703 2694/2797/2694 2693/2796/2693
f 2694/2797/2694 2703/2806/2703 2704/2807/2704
f 2704/2807/2704 2695/2798/2695 2694/2797/2694
f 2695/2798/2695 2704/2807/2704 2705/2808/2705
f 2705/2808/2705 2696/2799/2696 2695/2798/2695
f 2696/2799/2696 2705/2808/2705 2706/2809/2706
f 2706/2809/2706 2697/2800/2697 2696/2799/2696
f 2697/2800/2697 2706/2809/2706 2707/2810/2707
f 2707/2810/2707 2698/2801/2698 2697/2800/2697
f 2698/2801/2698 2707/2810/2707 2708/2811/2708
f 2708/2811/2708 2699/2802/2699 2698/2801/2698
f 2699/2802/2699 2708/2811/2708 2709/2812/2709
f 2709/2812/2709 2700/2803/2700 2699/2802/2699
f 2700/2803/2700 2709/2812/2709 2710/2813/2710
f 2710/2813/2710 2701/2804/2701 2700/2803/2700
f 2701/2804/2701 2710/2813/2710 2711/2814/2711
f 2711/2814/2711 2601/2704/2601 2701/2804/2701
f 2601/2704/2601 2711/2814/2711 2611/2714/2611
f 2712/2815/2712 2703/2806/2703 2702/2805/2702
f 2703/2806/2703 2712/2815/2712 2713/2816/2713
f 2713/2816/2713 2704/2807/2704 2703/2806/2703
f 2704/2807/2704 2713/2816/2713 2714/2817/2714
f 2714/2817/2714 2705/2808/2705 2704/2807/2704
f 2705/2808/2705 2714/2817/2714 2715/2818/2715
f 2715/2818/2715 2706/2809/2706 2705/2808/2705
f 2706/2809/2706 2715/2818/2715 2716/2819/2716
f 2716/2819/2716 2707/2810/2707 2706/2809/2706
f 2707/2810/2707 2716/2819/2716 2717/2820/2717
f 2717/2820/2717 2708/2811/2708 2707/2810/2707
f 2708/2811/2708 2717/2820/2717 2718/2821/2718
f 2718/2821/2718 2709/2812/2709 2708/2811/2708
f 2709/2812/2709 2718/2821/2718 2719/2822/2719
f 2719/2822/2719 2710/2813/2710 2709/2812/2709
f 2710/2813/2710 2719/2822/2719 2720/2823/2720
f 2720/2823/2720 2711/2814/2711 2710/2813/2710
f 2711/2814/2711 2720/2823/2720 2721/2824/2721
f 2721/2824/2721 2611/2714/2611 2711/2814/2711
f 2611/2714/2611 2721/2824/2721 2621/2724/2621
f 2722/2825/2722 2713/2816/2713 2712/2815/2712
f 2713/2816/2713 2722/2825/2722 2723/2826/2723
f 2723/2826/2723 2714/2817/2714 2713/2816/2713
f 2714/2817/2714 2723/2826/2723 2724/2827/2724
f 2724/2827/2724 2715/2818/2715 2714/2817/2714
f 2715/2818/2715 2724/2827/2724 2725/2828/2725
f 2725/2828/2725 2716/2819/2716 2715/2818/2715
f 2716/2819/2716 2725/2828/2725 2726/2829/2726
f 2726/2829/2726 2717/2820/2717 2716/2819/2716
f 2717/2820/2717 2726/2829/2726 2727/2830/2727
f 2727/2830/2727 2718/2821/2718 2717/2820/2717
f 2718/2821/2718 2727/2830/2727 2728/2831/2728
f 2728/2831/2728 2719/2822/2719 2718/2821/2718
f 2719/2822/2719 2728/2831/2728 2729/2832/2729
f 2729/2832/2729 2720/2823/2720 2719/2822/2719
f 2720/2823/2720 2729/2832/2729 2730/2833/2730
f 2730/2833/2730 2721/2824/2721 2720/2823/2720
f 2721/2824/2721 2730/2833/2730 2731/2834/2731
f 2731/2834/2731 2621/2724/2621 2721/2824/2721
f 2621/2724/2621 2731/2834/2731 2631/2734/2631
f 2732/2835/2732 2723/2826/2723 2722/2825/2722
f 2723/2826/2723 2732/2835/2732 2733/2836/2733
f 2733/2836/2733 2724/2827/2724 2723/2826/2723
f 2724/2827/2724 2733/2836/2733 2734/2837/2734
f 2734/2837/2734 2725/2828/2725 2724/2827/2724
f 2725/2828/2725 2734/2837/2734 2735/2838/2735
f 2735/2838/2735 2726/2829/2726 2725/2828/2725
f 2726/2829/2726 2735/2838/2735 2736/2839/2736
f 2736/2839/2736 2727/2830/2727 2726/2829/2726
f 2727/2830/2727 2736/2839/2736 2737/2840/2737
f 2737/2840/2737 2728/2831/2728 2727/2830/2727
f 2728/2831/2728 2737/2840/2737 2738/2841/2738
f 2738/2841/2738 2729/2832/2729 2728/2831/2728
f 2729/2832/2729 2738/2841/2738 2739/2842/2739
f 2739/2842/2739 2730/2833/2730 2729/2832/2729
f 2730/2833/2730 2739/2842/2739 2740/2843/2740
f 2740/2843/2740 2731/2834/2731 2730/2833/2730
f 2731/2834/2731 2740/2843/2740 2741/2844/2741
f 2741/2844/2741 2631/2734/2631 2731/2834/2731
f 2631/2734/2631 2741/2844/2741 2641/2744/2641
f 2742/2845/2742 2733/2836/2733 2732/2835/2732
f 2733/2836/2733 2742/2845/2742 2743/2846/2743
f 2743/2846/2743 2734/2837/2734 2733/2836/2733
f 2734/2837/2734 2743/2846/2743 2744/2847/2744
f 2744/2847/2744 2735/2838/2735 2734/2837/2734
f 2735/2838/2735 2744/2847/2744 2745/2848/2745
f 2745/2848/2745 2736/2839/2736 2735/2838/2735
f 2736/2839/2736 2745/2848/2745 2746/2849/2746
f 2746/2849/2746 2737/2840/2737 2736/2839/2736
f 2737/2840/2737 2746/2849/2746 2747/2850/2747
f 2747/2850/2747 2738/2841/2738 2737/2840/2737
f 2738/2841/2738 2747/2850/2747 2748/2851/2748
f 2748/2851/2748 2739/2842/2739 2738/2841/2738
f 2739/2842/2739 2748/2851/2748 2749/2852/2749
f 2749/2852/2749 2740/2843/2740 2739/2842/2739
f 2740/2843/2740 2749/2852/2749 2750/2853/2750
f 2750/2853/2750 2741/2844/2741 2740/2843/2740
f 2741/2844/2741 2750/2853/2750 2751/2854/2751
f 2751/2854/2751 2641/2744/2641 2741/2844/2741
f 2641/2744/2641 2751/2854/2751 2651/2754/2651
f 2752/2855/2752 2743/2846/2743 2742/2845/2742
f 2743/2846/2743 2752/2855/2752 2753/2856/2753
f 2753/2856/2753 2744/2847/2744 2743/2846/2743
f 2744/2847/2744 2753/2856/2753 2754/2857/2754
f 2754/2857/2754 2745/2848/2745 2744/2847/2744
f 2745/2848/2745 2754/2857/2754 2755/2858/2755
f 2755/2858/2755 2746/2849/2746 2745/2848/2745
f 2746/2849/2746 2755/2858/2755 2756/2859/2756
f 2756/2859/2756 2747/2850/2747 2746/2849/2746
f 2747/2850/2747 2756/2859/2756 2757/2860/2757
f 2757/2860/2757 2748/2851/2748 2747/2850/2747
f 2748/2851/2748 2757/2860/2757 2758/2861/2758
f 2758/2861/2758 2749/2852/2749 2748/2851/2748
f 2749/2852/2749 2758/2861/2758 2759/2862/2759
f 2759/2862/2759 2750/2853/2750 2749/2852/2749
f 2750/2853/2750 2759/2862/2759 2760/2863/2760
f 2760/2863/2760 2751/2854/2751 2750/2853/2750
f 2751/2854/2751 2760/2863/2760 2761/2864/2761
f 2761/2864/2761 2651/2754/2651 2751/2854/2751
f 2651/2754/2651 2761/2864/2761 2661/2764/2661
f 2762/2865/2762 2753/2856/2753 2752/2855/2752
f 2753/2856/2753 2762/2865/2762 2763/2866/2763
f 2763/2866/2763 2754/2857/2754 2753/2856/2753
f 2754/2857/2754 2763/2866/2763 2764/2867/2764
f 2764/2867/2764 2755/2858/2755 2754/2857/2754
f 2755/2858/2755 2764/2867/2764 2765/2868/2765
f 2765/2868/2765 2756/2859/2756 2755/2858/2755
f 2756/2859/2756 2765/2868/2765 2766/2869/2766
f 2766/2869/2766 2757/2860/2757 2756/2859/2756
f 2757/2860/2757 2766/2869/2766 2767/2870/2767
f 2767/2870/2767 2758/2861/2758 2757/2860/2757
f 2758/2861/2758 2767/2870/2767 2768/2871/2768
f 2768/2871/2768 2759/2862/2759 2758/2861/2758
f 2759/2862/2759 2768/2871/2768 2769/2872/2769
f 2769/2872/2769 2760/2863/2760 2759/2862/2759
f 2760/2863/2760 2769/2872/2769 2770/2873/2770
f 2770/2873/2770 2761/2864/2761 2760/2863/2760
f 2761/2864/2761 2770/2873/2770 2771/2874/2771
f 2771/2874/2771 2661/2764/2661 2761/2864/2761
f 2661/2764/2661 2771/2874/2771 2671/2774/2671
f 2772/2875/2772 2763/2866/2763 2762/2865/2762
f 2763/2866/2763 2772/2875/2772 2773/2876/2773
f 2773/2876/2773 2764/2867/2764 2763/2866/2763
f 2764/2867/2764 2773/2876/2773 2774/2877/2774
f 2774/2877/2774 2765/2868/2765 2764/2867/2764
f 2765/2868/2765 2774/2877/2774 2775/2878/2775
f 2775/2878/2775 2766/2869/2766 2765/2868/2765
f 2766/2869/2766 2775/2878/2775 2776/2879/2776
f 2776/2879/2776 2767/2870/2767 2766/2869/2766
f 2767/2870/2767 2776/2879/2776 2777/2880/2777
f 2777/2880/2777 2768/2871/2768 2767/2870/2767
f 2768/2871/2768 2777/2880/2777 2778/2881/2778
f 2778/2881/2778 2769/2872/2769 2768/2871/2768
f 2769/2872/2769 2778/2881/2778 2779/2882/2779
f 2779/2882/2779 2770/2873/2770 2769/2872/2769
f 2770/2873/2770 2779/2882/2779 2780/2883/2780
f 2780/2883/2780 2771/2874/2771 2770/2873/2770
f 2771/2874/2771 2780/2883/2780 2781/2884/2781
f 2781/2884/2781 2671/2774/2671 2771/2874/2771
f 2671/2774/2671 2781/2884/2781 2681/2784/2681
f 2782/2885/2782 2773/2876/2773 2772/2875/2772
f 2773/2876/2773 2782/2885/2782 2783/2886/2783
f 2783/2886/2783 2774/2877/2774 2773/2876/2773
f 2774/2877/2774 2783/2886/2783 2784/2887/2784
f 2784/2887/2784 2775/2878/2775 2774/2877/2774
f 2775/2878/2775 2784/2887/2784 2785/2888/2785
f 2785/2888/2785 2776/2879/2776 2775/2878/2775
f 2776/2879/2776 2785/2888/2785 2786/2889/2786
f 2786/2889/2786 2777/2880/2777 2776/2879/2776
f 2777/2880/2777 2786/2889/2786 2787/2890/2787
f 2787/2890/2787 2778/2881/2778 2777/2880/2777
f 2778/2881/2778 2787/2890/2787 2788/2891/2788
f 2788/2891/2788 2779/2882/2779 2778/2881/2778
f 2779/2882/2779 2788/2891/2788 2789/2892/2789
f 2789/2892/2789 2780/2883/2780 2779/2882/2779
f 2780/2883/2780 2789/2892/2789 2790/2893/2790
f 2790/2893/2790 2781/2884/2781 2780/2883/2780
f 2781/2884/2781 2790/2893/2790 2791/2894/2791
f 2791/2894/2791 2681/2784/2681 2781/2884/2781
f 2681/2784/2681 2791/2894/2791 2691/2794/2691
f 2482/2895/2482 2473/2576/2473 2181/2575/2181
f 2473/2576/2473 2482/2895/2482 2792/2896/2792
f 2792/2896/2792 2474/2577/2474 2473/2576/2473
f 2474/2577/2474 2792/2896/2792 2793/2897/2793
f 2793/2897/2793 2475/2578/2475 2474/2577/2474
f 2475/2578/2475 2793/2897/2793 2794/2898/2794
f 2794/2898/2794 2476/2579/2476 2475/2578/2475
f 2476/2579/2476 2794/2898/2794 2795/2899/2795
f 2795/2899/2795 2477/2580/2477 2476/2579/2476
f 2477/2580/2477 2795/2899/2795 2796/2900/2796
f 2796/2900/2796 2478/2581/2478 2477/2580/2477
f 2478/2581/2478 2796/2900/2796 2797/2901/2797
f 2797/2901/2797 2479/2582/2479 2478/2581/2478
f 2479/2582/2479 2797/2901/2797 2798/2902/2798
f 2798/2902/2798 2480/2583/2480 2479/2582/2479
f 2480/2583/2480 2798/2902/2798 2799/2903/2799
f 2799/2903/2799 2481/2584/2481 2480/2583/2480
f 2481/2584/2481 2799/2903/2799 2800/2904/2800
f 2800/2904/2800 2382/2475/2382 2481/2584/2481
f 2382/2475/2382 2800/2904/2800 2692/2795/2692
f 2493/2905/2493 2792/2896/2792 2482/2895/2482
f 2792/2896/2792 2493/2905/2493 2801/2906/2801
f 2801/2906/2801 2793/2897/2793 2792/2896/2792
f 2793/2897/2793 2801/2906/2801 2802/2907/2802
f 2802/2907/2802 2794/2898/2794 2793/2897/2793
f 2794/2898/2794 2802/2907/2802 2803/2908/2803
f 2803/2908/2803 2795/2899/2795 2794/2898/2794
f 2795/2899/2795 2803/2908/2803 2804/2909/2804
f 2804/2909/2804 2796/2900/2796 2795/2899/2795
f 2796/2900/2796 2804/2909/2804 2805/2910/2805
f 2805/2910/2805 2797/2901/2797 2796/2900/2796
f 2797/2901/2797 2805/2910/2805 2806/2911/2806
f 2806/2911/2806 2798/2902/2798 2797/2901/2797
f 2798/2902/2798 2806/2911/2806 2807/2912/2807
f 2807/2912/2807 2799/2903/2799 2798/2902/2798
f 2799/2903/2799 2807/2912/2807 2808/2913/2808
f 2808/2913/2808 2800/2904/2800 2799/2903/2799
f 2800/2904/2800 2808/2913/2808 2809/2914/2809
f 2809/2914/2809 2692/2795/2692 2800/2904/2800
f 2692/2795/2692 2809/2914/2809 2702/2805/2702
f 2504/2915/2504 2801/2906/2801 2493/2905/2493
f 2801/2906/2801 2504/2915/2504 2810/2916/2810
f 2810/2916/2810 2802/2907/2802 2801/2906/2801
f 2802/2907/2802 2810/2916/2810 2811/2917/2811
f 2811/2917/2811 2803/2908/2803 2802/2907/2802
f 2803/2908/2803 2811/2917/2811 2812/2918/2812
f 2812/2918/2812 2804/2909/2804 2803/2908/2803
f 2804/2909/2804 2812/2918/2812 2813/2919/2813
f 2813/2919/2813 2805/2910/2805 2804/2909/2804
f 2805/2910/2805 2813/2919/2813 2814/2920/2814
f 2814/2920/2814 2806/2911/2806 2805/2910/2805
f 2806/2911/2806 2814/2920/2814 2815/2921/2815
f 2815/2921/2815 2807/2912/2807 2806/2911/2806
f 2807/2912/2807 2815/2921/2815 2816/2922/2816
f 2816/2922/2816 2808/2913/2808 2807/2912/2807
f 2808/2913/2808 2816/2922/2816 2817/2923/2817
f 2817/2923/2817 2809/2914/2809 2808/2913/2808
f 2809/2914/2809 2817/2923/2817 2818/2924/2818
f 2818/2924/2818 2702/2805/2702 2809/2914/2809
f 2702/2805/2702 2818/2924/2818 2712/2815/2712
f 2515/2925/2515 2810/2916/2810 2504/2915/2504
f 2810/2916/2810 2515/2925/2515 2819/2926/2819
f 2819/2926/2819 2811/2917/2811 2810/2916/2810
f 2811/2917/2811 2819/2926/2819 2820/2927/2820
f 2820/2927/2820 2812/2918/2812 2811/2917/2811
f 2812/2918/2812 2820/2927/2820 2821/2928/2821
f 2821/2928/2821 2813/2919/2813 2812/2918/2812
f 2813/2919/2813 2821/2928/2821 2822/2929/2822
f 2822/2929/2822 2814/2920/2814 2813/2919/2813
f 2814/2920/2814 2822/2929/2822 2823/2930/2823
f 2823/2930/2823 2815/2921/2815 2814/2920/2814
f 2815/2921/2815 2823/2930/2823 2824/2931/2824
f 2824/2931/2824 2816/2922/2816 2815/2921/2815
f 2816/2922/2816 2824/2931/2824 2825/2932/2825
f 2825/2932/2825 2817/2923/2817 2816/2922/2816
f 2817/2923/2817 2825/2932/2825 2826/2933/2826
f 2826/2933/2826 2818/2924/2818 2817/2923/2817
f 2818/2924/2818 2826/2933/2826 2827/2934/2827
f 2827/2934/2827 2712/2815/2712 2818/2924/2818
f 2712/2815/2712 2827/2934/2827 2722/2825/2722
f 2526/2935/2526 2819/2926/2819 2515/2925/2515
f 2819/2926/2819 2526/2935/2526 2828/2936/2828
f 2828/2936/2828 2820/2927/2820 2819/2926/2819
f 2820/2927/2820 2828/2936/2828 2829/2937/2829
f 2829/2937/2829 2821/2928/2821 2820/2927/2820
f 2821/2928/2821 2829/2937/2829 2830/2938/2830
f 2830/2938/2830 2822/2929/2822 2821/2928/2821
f 2822/2929/2822 2830/2938/2830 2831/2939/2831
f 2831/2939/2831 2823/2930/2823 2822/2929/2822
f 2823/2930/2823 2831/2939/2831 2832/2940/2832
f 2832/2940/2832 2824/2931/2824 2823/2930/2823
f 2824/2931/2824 2832/2940/2832 2833/2941/2833
f 2833/2941/2833 2825/2932/2825 2824/2931/2824
f 2825/2932/2825 2833/2941/2833 2834/2942/2834
f 2834/2942/2834 2826/2933/2826 2825/2932/2825
f 2826/2933/2826 2834/2942/2834 2835/2943/2835
f 2835/2943/2835 2827/2934/2827 2826/2933/2826
f 2827/2934/2827 2835/2943/2835 2836/2944/2836
f 2836/2944/2836 2722/2825/2722 2827/2934/2827
f 2722/2825/2722 2836/2944/2836 2732/2835/2732
f 2537/2945/2537 2828/2936/2828 2526/2935/2526
f 2828/2936/2828 2537/2945/2537 2837/2946/2837
f 2837/2946/2837 2829/2937/2829 2828/2936/2828
f 2829/2937/2829 2837/2946/2837 2838/2947/2838
f 2838/2947/2838 2830/2938/2830 2829/2937/2829
f 2830/2938/2830 2838/2947/2838 2839/2948/2839
f 2839/2948/2839 2831/2939/2831 2830/2938/2830
f 2831/2939/2831 2839/2948/2839 2840/2949/2840
f 2840/2949/2840 2832/2940/2832 2831/2939/2831
f 2832/2940/2832 2840/2949/2840 2841/2950/2841
f 2841/2950/2841 2833/2941/2833 2832/2940/2832
f 2833/2941/2833 2841/2950/2841 2842/2951/2842
f 2842/2951/2842 2834/2942/2834 2833/2941/2833
f 2834/2942/2834 2842/2951/2842 2843/2952/2843
f 2843/2952/2843 2835/2943/2835 2834/2942/2834
f 2835/2943/2835 2843/2952/2843 2844/2953/2844
f 2844/2953/2844 2836/2944/2836 2835/2943/2835
f 2836/2944/2836 2844/2953/2844 2845/2954/2845
f 2845/2954/2845 2732/2835/2732 2836/2944/2836
f 2732/2835/2732 2845/2954/2845 2742/2845/2742
f 2548/2955/2548 2837/2946/2837 2537/2945/2537
f 2837/2946/2837 2548/2955/2548 2846/2956/2846
f 2846/2956/2846 2838/2947/2838 2837/2946/2837
f 2838/2947/2838 2846/2956/2846 2847/2957/2847
f 2847/2957/2847 2839/2948/2839 2838/2947/2838
f 2839/2948/2839 2847/2957/2847 2848/2958/2848
f 2848/2958/2848 2840/2949/2840 2839/2948/2839
f 2840/2949/2840 2848/2958/2848 2849/2959/2849
f 2849/2959/2849 2841/2950/2841 2840/2949/2840
f 2841/2950/2841 2849/2959/2849 2850/2960/2850
f 2850/2960/2850 2842/2951/2842 2841/2950/2841
f 2842/2951/2842 2850/2960/2850 2851/2961/2851
f 2851/2961/2851 2843/2952/2843 2842/2951/2842
f 2843/2952/2843 2851/2961/2851 2852/2962/2852
f 2852/2962/2852 2844/2953/2844 2843/2952/2843
f 2844/2953/2844 2852/2962/2852 2853/2963/2853
f 2853/2963/2853 2845/2954/2845 2844/2953/2844
f 2845/2954/2845 2853/2963/2853 2854/2964/2854
f 2854/2964/2854 2742/2845/2742 2845/2954/2845
f 2742/2845/2742 2854/2964/2854 2752/2855/2752
f 2559/2965/2559 2846/2956/2846 2548/2955/2548
f 2846/2956/2846 2559/2965/2559 2855/2966/2855
f 2855/2966/2855 2847/2957/2847 2846/2956/2846
f 2847/2957/2847 2855/2966/2855 2856/2967/2856
f 2856/2967/2856 2848/2958/2848 2847/2957/2847
f 2848/2958/2848 2856/2967/2856 2857/2968/2857
f 2857/2968/2857 2849/2959/2849 2848/2958/2848
f 2849/2959/2849 2857/2968/2857 2858/2969/2858
f 2858/2969/2858 2850/2960/2850 2849/2959/2849
f 2850/2960/2850 2858/2969/2858 2859/2970/2859
f 2859/2970/2859 2851/2961/2851 2850/2960/2850
f 2851/2961/2851 2859/2970/2859 2860/2971/2860
f 2860/2971/2860 2852/2962/2852 2851/2961/2851
f 2852/2962/2852 2860/2971/2860 2861/2972/2861
f 2861/2972/2861 2853/2963/2853 2852/2962/2852
f 2853/2963/2853 2861/2972/2861 2862/2973/2862
f 2862/2973/2862 2854/2964/2854 2853/2963/2853
f 2854/2964/2854 2862/2973/2862 2863/2974/2863
f 2863/2974/2863 2752/2855/2752 2854/2964/2854
f 2752/2855/2752 2863/2974/2863 2762/2865/2762
f 2570/2975/2570 2855/2966/2855 2559/2965/2559
f 2855/2966/2855 2570/2975/2570 2864/2976/2864
f 2864/2976/2864 2856/2967/2856 2855/2966/2855
f 2856/2967/2856 2864/2976/2864 2865/2977/2865
f 2865/2977/2865 2857/2968/2857 2856/2967/2856
f 2857/2968/2857 2865/2977/2865 2866/2978/2866
f 2866/2978/2866 2858/2969/2858 2857/2968/2857
f 2858/2969/2858 2866/2978/2866 2867/2979/2867
f 2867/2979/2867 2859/2970/2859 2858/2969/2858
f 2859/2970/2859 2867/2979/2867 2868/2980/2868
f 2868/2980/2868 2860/2971/2860 2859/2970/2859
f 2860/2971/2860 2868/2980/2868 2869/2981/2869
f 2869/2981/2869 2861/2972/2861 2860/2971/2860
f 2861/2972/2861 2869/2981/2869 2870/2982/2870
f 2870/2982/2870 2862/2973/2862 2861/2972/2861
f 2862/2973/2862 2870/2982/2870 2871/2983/2871
f 2871/2983/2871 2863/2974/2863 2862/2973/2862
f 2863/2974/2863 2871/2983/2871 2872/2984/2872
f 2872/2984/2872 2762/2865/2762 2863/2974/2863
f 2762/2865/2762 2872/2984/2872 2772/2875/2772
f 2581/2985/2581 2864/2976/2864 2570/2975/2570
f 2864/2976/2864 2581/2985/2581 2873/2986/2873
f 2873/2986/2873 2865/2977/2865 2864/2976/2864
f 2865/2977/2865 2873/2986/2873 2874/2987/2874
f 2874/2987/2874 2866/2978/2866 2865/2977/2865
f 2866/2978/2866 2874/2987/2874 2875/2988/2875
f 2875/2988/2875 2867/2979/2867 2866/2978/2866
f 2867/2979/2867 2875/2988/2875 2876/2989/2876
f 2876/2989/2876 2868/2980/2868 2867/2979/2867
f 2868/2980/2868 2876/2989/2876 2877/2990/2877
f 2877/2990/2877 2869/2981/2869 2868/2980/2868
f 2869/2981/2869 2877/2990/2877 2878/2991/2878
f 2878/2991/2878 2870/2982/2870 2869/2981/2869
f 2870/2982/2870 2878/2991/2878 2879/2992/2879
f 2879/2992/2879 2871/2983/2871 2870/2982/2870
f 2871/2983/2871 2879/2992/2879 2880/2993/2880
f 2880/2993/2880 2872/2984/2872 2871/2983/2871
f 2872/2984/2872 2880/2993/2880 2881/2994/2881
f 2881/2994/2881 2772/2875/2772 2872/2984/2872
f 2772/2875/2772 2881/2994/2881 2782/2885/2782
