mtllib 796b3b0283794320bc74bbccf8578115.fbx.mtl
o crate002
usemtl Material_51
v -24.635859027099677 4.236613806015229 28.383781634602947
v 25.51990807890734 4.23661679553043 28.38377640294818
v 25.51990422762166 55.92769765067549 28.38376561934873
v -24.635859027099677 4.236613806015229 28.383781634602947
v 25.51990422762166 55.92769765067549 28.38376561934873
v -24.635862878385357 55.92769466116029 28.383770851003497
v 29.74106169372258 0.6795779471056415 31.506777849872954
v 29.74412814828522 59.42369220703324 31.508764495972784
v 25.519904507554884 55.92769835050868 31.51476618480304
v 29.74106169372258 0.6795779471056415 31.506777849872954
v 25.519904507554884 55.92769835050868 31.51476618480304
v 25.519908358840564 4.2366174953636175 31.51477696840249
v 29.74412814828522 59.42369220703324 31.508764495972784
v -28.8508704618615 59.549593628239755 31.514771100530524
v -24.635862598452132 55.927695360993475 31.51477141645781
v 29.74412814828522 59.42369220703324 31.508764495972784
v -24.635862598452132 55.927695360993475 31.51477141645781
v 25.519904507554884 55.92769835050868 31.51476618480304
v -28.8508704618615 59.549593628239755 31.514771100530524
v -28.79140449499277 0.6633589702504189 31.38652181088029
v -24.635858747166452 4.236614505848417 31.514782200057258
v -28.8508704618615 59.549593628239755 31.514771100530524
v -24.635858747166452 4.236614505848417 31.514782200057258
v -24.635862598452132 55.927695360993475 31.51477141645781
v -24.635858747166452 4.236614505848417 31.514782200057258
v 25.519908358840564 4.2366174953636175 31.51477696840249
v 25.51990807890734 4.23661679553043 28.38377640294818
v -24.635858747166452 4.236614505848417 31.514782200057258
v 25.51990807890734 4.23661679553043 28.38377640294818
v -24.635859027099677 4.236613806015229 28.383781634602947
v 25.519908358840564 4.2366174953636175 31.51477696840249
v 25.519904507554884 55.92769835050868 31.51476618480304
v 25.51990422762166 55.92769765067549 28.38376561934873
v 25.519908358840564 4.2366174953636175 31.51477696840249
v 25.51990422762166 55.92769765067549 28.38376561934873
v 25.51990807890734 4.23661679553043 28.38377640294818
v 25.519904507554884 55.92769835050868 31.51476618480304
v -24.635862598452132 55.927695360993475 31.51477141645781
v -24.635862878385357 55.92769466116029 28.383770851003497
v 25.519904507554884 55.92769835050868 31.51476618480304
v -24.635862878385357 55.92769466116029 28.383770851003497
v 25.51990422762166 55.92769765067549 28.38376561934873
v -24.635862598452132 55.927695360993475 31.51477141645781
v -24.635858747166452 4.236614505848417 31.514782200057258
v -24.635859027099677 4.236613806015229 28.383781634602947
v -24.635862598452132 55.927695360993475 31.51477141645781
v -24.635859027099677 4.236613806015229 28.383781634602947
v -24.635862878385357 55.92769466116029 28.383770851003497
v 25.519908358840564 4.2366174953636175 31.51477696840249
v -24.635858747166452 4.236614505848417 31.514782200057258
v -28.79140449499277 0.6633589702504189 31.38652181088029
v 25.519908358840564 4.2366174953636175 31.51477696840249
v -28.79140449499277 0.6633589702504189 31.38652181088029
v 29.74106169372258 0.6795779471056415 31.506777849872954
v 17.18758374868535 53.108332086063534 29.56391045055176
v -23.064358779535446 11.831952974562757 29.563938518869545
v 3.8315750074712374 28.64771762991252 29.46924188107619
v 17.18758374868535 53.108332086063534 29.56391045055176
v 3.8315750074712374 28.64771762991252 29.46924188107619
v 24.199180488516234 47.980524674976266 29.4692280940369
v 24.86917081193091 48.51963404076042 27.83603963966736
v 17.652566465877857 54.486729945450364 27.933470331897794
v 17.18758374868535 53.108332086063534 29.56391045055176
v 24.86917081193091 48.51963404076042 27.83603963966736
v 17.18758374868535 53.108332086063534 29.56391045055176
v 24.199180488516234 47.980524674976266 29.4692280940369
v -24.088544023677855 11.341928073255572 27.933498945331266
v -23.064358779535446 11.831952974562757 29.563938518869545
v 17.18758374868535 53.108332086063534 29.56391045055176
v -24.088544023677855 11.341928073255572 27.933498945331266
v 17.18758374868535 53.108332086063534 29.56391045055176
v 17.652566465877857 54.486729945450364 27.933470331897794
v -24.088544023677855 11.341928073255572 27.933498945331266
v -17.859993830320104 4.319239800836223 27.836070483725297
v -17.34420472664528 5.007351025192016 29.469256651041576
v -24.088544023677855 11.341928073255572 27.933498945331266
v -17.34420472664528 5.007351025192016 29.469256651041576
v -23.064358779535446 11.831952974562757 29.563938518869545
v 4.245807314951229 28.92193825431754 27.836055415993048
v 24.86917081193091 48.51963404076042 27.83603963966736
v 24.199180488516234 47.980524674976266 29.4692280940369
v 4.245807314951229 28.92193825431754 27.836055415993048
v 24.199180488516234 47.980524674976266 29.4692280940369
v 3.8315750074712374 28.64771762991252 29.46924188107619
v -23.064358779535446 11.831952974562757 29.563938518869545
v -17.34420472664528 5.007351025192016 29.469256651041576
v 3.8315750074712374 28.64771762991252 29.46924188107619
v -17.34420472664528 5.007351025192016 29.469256651041576
v -17.859993830320104 4.319239800836223 27.836070483725297
v 4.245807314951229 28.92193825431754 27.836055415993048
v -17.34420472664528 5.007351025192016 29.469256651041576
v 4.245807314951229 28.92193825431754 27.836055415993048
v 3.8315750074712374 28.64771762991252 29.46924188107619
v 27.329446835364987 4.9270096544933875 -24.417814682455834
v 27.329446913166603 55.08277581821826 -24.417821331066765
v 27.329451534708568 55.082787372075174 27.27325762522447
v 27.329446835364987 4.9270096544933875 -24.417814682455834
v 27.329451534708568 55.082787372075174 27.27325762522447
v 27.329451456907414 4.9270195693910885 27.273268088533065
v 30.460446644145495 59.498730211483284 -27.983977112015804
v 30.4604538195926 59.45499625145756 30.902259965378402
v 30.46045191354077 55.08278755869725 27.273257298635645
v 30.460446644145495 59.498730211483284 -27.983977112015804
v 30.46045191354077 55.08278755869725 27.273257298635645
v 30.460447291998804 55.08277600484033 -24.41782165765559
v 30.4604538195926 59.45499625145756 30.902259965378402
v 30.460452473605404 0.7120087756178904 30.895167346357667
v 30.460451835739615 4.927019756013162 27.27326776194424
v 30.4604538195926 59.45499625145756 30.902259965378402
v 30.460451835739615 4.927019756013162 27.27326776194424
v 30.46045191354077 55.08278755869725 27.273257298635645
v 30.460452473605404 0.7120087756178904 30.895167346357667
v 30.460445314180436 0.6075971475889065 -27.935319806111746
v 30.46044721419719 4.92700984111546 -24.41781500904466
v 30.460452473605404 0.7120087756178904 30.895167346357667
v 30.46044721419719 4.92700984111546 -24.41781500904466
v 30.460451835739615 4.927019756013162 27.27326776194424
v 30.46044721419719 4.92700984111546 -24.41781500904466
v 30.460447291998804 55.08277600484033 -24.41782165765559
v 27.329446913166603 55.08277581821826 -24.417821331066765
v 30.46044721419719 4.92700984111546 -24.41781500904466
v 27.329446913166603 55.08277581821826 -24.417821331066765
v 27.329446835364987 4.9270096544933875 -24.417814682455834
v 30.460447291998804 55.08277600484033 -24.41782165765559
v 30.46045191354077 55.08278755869725 27.273257298635645
v 27.329451534708568 55.082787372075174 27.27325762522447
v 30.460447291998804 55.08277600484033 -24.41782165765559
v 27.329451534708568 55.082787372075174 27.27325762522447
v 27.329446913166603 55.08277581821826 -24.417821331066765
v 30.46045191354077 55.08278755869725 27.273257298635645
v 30.460451835739615 4.927019756013162 27.27326776194424
v 27.329451456907414 4.9270195693910885 27.273268088533065
v 30.46045191354077 55.08278755869725 27.273257298635645
v 27.329451456907414 4.9270195693910885 27.273268088533065
v 27.329451534708568 55.082787372075174 27.27325762522447
v 30.460451835739615 4.927019756013162 27.27326776194424
v 30.46044721419719 4.92700984111546 -24.41781500904466
v 27.329446835364987 4.9270096544933875 -24.417814682455834
v 30.460451835739615 4.927019756013162 27.27326776194424
v 27.329446835364987 4.9270096544933875 -24.417814682455834
v 27.329451456907414 4.9270195693910885 27.273268088533065
v 30.460452473605404 0.7120087756178904 30.895167346357667
v 29.74106169372258 0.6795779471056415 31.506777849872954
v 29.74413252046914 0.004902357170957022 30.895167568589553
v 29.74106169372258 0.6795779471056415 31.506777849872954
v 30.460452473605404 0.7120087756178904 30.895167346357667
v 30.4604538195926 59.45499625145756 30.902259965378402
v 29.74106169372258 0.6795779471056415 31.506777849872954
v 30.4604538195926 59.45499625145756 30.902259965378402
v 29.74412814828522 59.42369220703324 31.508764495972784
v 29.74412725128055 0.004892462117945574 -28.039714519935295
v 30.460445314180436 0.6075971475889065 -27.935319806111746
v 30.460452473605404 0.7120087756178904 30.895167346357667
v 29.74412725128055 0.004892462117945574 -28.039714519935295
v 30.460452473605404 0.7120087756178904 30.895167346357667
v 29.74413252046914 0.004902357170957022 30.895167568589553
v 30.460447291998804 55.08277600484033 -24.41782165765559
v 30.46044721419719 4.92700984111546 -24.41781500904466
v 30.460445314180436 0.6075971475889065 -27.935319806111746
v 30.460447291998804 55.08277600484033 -24.41782165765559
v 30.460445314180436 0.6075971475889065 -27.935319806111746
v 30.460446644145495 59.498730211483284 -27.983977112015804
v 28.509597114359252 46.75046461258257 24.45389274329363
v 28.509607867058854 6.49851189380211 -16.822476198806356
v 28.414918955307353 33.394448987239414 -0.006718910238565315
v 28.509597114359252 46.75046461258257 24.45389274329363
v 28.414918955307353 33.394448987239414 -0.006718910238565315
v 28.41491153689564 53.76205919119913 19.326083596839506
v 26.781725267855155 54.43204642249324 19.865195726521748
v 26.879157517539582 47.21544435053243 25.83229173216286
v 28.509597114359252 46.75046461258257 24.45389274329363
v 26.781725267855155 54.43204642249324 19.865195726521748
v 28.509597114359252 46.75046461258257 24.45389274329363
v 28.41491153689564 53.76205919119913 19.326083596839506
v 26.879168214140492 5.47432717977069 -17.31250038902901
v 28.509607867058854 6.49851189380211 -16.822476198806356
v 28.509597114359252 46.75046461258257 24.45389274329363
v 26.879168214140492 5.47432717977069 -17.31250038902901
v 28.509597114359252 46.75046461258257 24.45389274329363
v 26.879157517539582 47.21544435053243 25.83229173216286
v 26.879168214140492 5.47432717977069 -17.31250038902901
v 26.781735943694493 11.702874153938804 -24.33518969487596
v 28.41492223410999 12.218663333181837 -23.647079611016405
v 26.879168214140492 5.47432717977069 -17.31250038902901
v 28.41492223410999 12.218663333181837 -23.647079611016405
v 28.509607867058854 6.49851189380211 -16.822476198806356
v 26.78173268163914 33.80867971868763 0.267502598075085
v 26.781725267855155 54.43204642249324 19.865195726521748
v 28.41491153689564 53.76205919119913 19.326083596839506
v 26.78173268163914 33.80867971868763 0.267502598075085
v 28.41491153689564 53.76205919119913 19.326083596839506
v 28.414918955307353 33.394448987239414 -0.006718910238565315
v 28.509607867058854 6.49851189380211 -16.822476198806356
v 28.41492223410999 12.218663333181837 -23.647079611016405
v 28.414918955307353 33.394448987239414 -0.006718910238565315
v 28.41492223410999 12.218663333181837 -23.647079611016405
v 26.781735943694493 11.702874153938804 -24.33518969487596
v 26.78173268163914 33.80867971868763 0.267502598075085
v 28.41492223410999 12.218663333181837 -23.647079611016405
v 26.78173268163914 33.80867971868763 0.267502598075085
v 28.414918955307353 33.394448987239414 -0.006718910238565315
v -24.635859851222634 3.1358905585299373 -24.41780888839544
v 25.519907254784382 3.135893548045138 -24.41781412005021
v 25.519911876326812 3.135903462942839 27.27326865093869
v -24.635859851222634 3.1358905585299373 -24.41780888839544
v 25.519911876326812 3.135903462942839 27.27326865093869
v -24.635855229680203 3.1359004734276383 27.273273882593458
v 29.74412725128055 0.004892462117945574 -28.039714519935295
v 29.74413252046914 0.004902357170957022 30.895167568589553
v 25.519912109604654 0.004901295830468191 27.27326930411662
v 29.74412725128055 0.004892462117945574 -28.039714519935295
v 25.519912109604654 0.004901295830468191 27.27326930411662
v 25.519907488062103 0.004893019892834747 -24.417813466872623
v 29.74413252046914 0.004902357170957022 30.895167568589553
v -28.850862266136325 0.004898864638837574 30.89517368052446
v -24.63585499640236 0.004898306315267597 27.27327453577139
v 29.74413252046914 0.004902357170957022 30.895167568589553
v -24.63585499640236 0.004898306315267597 27.27327453577139
v 25.519912109604654 0.004901295830468191 27.27326930411662
v -28.850862266136325 0.004898864638837574 30.89517368052446
v -28.850867535324916 0.004888969585826125 -28.039708408000386
v -24.635859617944913 0.004890030377634153 -24.417808235217855
v -28.850862266136325 0.004898864638837574 30.89517368052446
v -24.635859617944913 0.004890030377634153 -24.417808235217855
v -24.63585499640236 0.004898306315267597 27.27327453577139
v -24.635859617944913 0.004890030377634153 -24.417808235217855
v 25.519907488062103 0.004893019892834747 -24.417813466872623
v 25.519907254784382 3.135893548045138 -24.41781412005021
v -24.635859617944913 0.004890030377634153 -24.417808235217855
v 25.519907254784382 3.135893548045138 -24.41781412005021
v -24.635859851222634 3.1358905585299373 -24.41780888839544
v 25.519907488062103 0.004893019892834747 -24.417813466872623
v 25.519912109604654 0.004901295830468191 27.27326930411662
v 25.519911876326812 3.135903462942839 27.27326865093869
v 25.519907488062103 0.004893019892834747 -24.417813466872623
v 25.519911876326812 3.135903462942839 27.27326865093869
v 25.519907254784382 3.135893548045138 -24.41781412005021
v 25.519912109604654 0.004901295830468191 27.27326930411662
v -24.63585499640236 0.004898306315267597 27.27327453577139
v -24.635855229680203 3.1359004734276383 27.273273882593458
v 25.519912109604654 0.004901295830468191 27.27326930411662
v -24.635855229680203 3.1359004734276383 27.273273882593458
v 25.519911876326812 3.135903462942839 27.27326865093869
v -24.63585499640236 0.004898306315267597 27.27327453577139
v -24.635859617944913 0.004890030377634153 -24.417808235217855
v -24.635859851222634 3.1358905585299373 -24.41780888839544
v -24.63585499640236 0.004898306315267597 27.27327453577139
v -24.635859851222634 3.1358905585299373 -24.41780888839544
v -24.635855229680203 3.1359004734276383 27.273273882593458
v -28.850862266136325 0.004898864638837574 30.89517368052446
v -28.79140449499277 0.6633589702504189 31.38652181088029
v -29.55797173879056 0.663358804955943 30.851424760673545
v -28.79140449499277 0.6633589702504189 31.38652181088029
v -28.850862266136325 0.004898864638837574 30.89517368052446
v 29.74413252046914 0.004902357170957022 30.895167568589553
v -28.79140449499277 0.6633589702504189 31.38652181088029
v 29.74413252046914 0.004902357170957022 30.895167568589553
v 29.74106169372258 0.6795779471056415 31.506777849872954
v -29.557976990580457 0.6076001260542081 -27.93531354570313
v -28.850867535324916 0.004888969585826125 -28.039708408000386
v -28.850862266136325 0.004898864638837574 30.89517368052446
v -29.557976990580457 0.6076001260542081 -27.93531354570313
v -28.850862266136325 0.004898864638837574 30.89517368052446
v -29.55797173879056 0.663358804955943 30.851424760673545
v 25.519907488062103 0.004893019892834747 -24.417813466872623
v -24.635859617944913 0.004890030377634153 -24.417808235217855
v -28.850867535324916 0.004888969585826125 -28.039708408000386
v 25.519907488062103 0.004893019892834747 -24.417813466872623
v -28.850867535324916 0.004888969585826125 -28.039708408000386
v 29.74412725128055 0.004892462117945574 -28.039714519935295
v 17.18759091767505 1.955757666681473 24.453903269175026
v -23.064360283619635 1.9557329298094697 -16.82246987152477
v 3.8315772147901255 2.0504308484161213 -0.0067117144731161085
v 17.18759091767505 1.955757666681473 24.453903269175026
v 3.8315772147901255 2.0504308484161213 -0.0067117144731161085
v 24.199186818403682 2.0504396615593175 19.32609482445841
v 24.86917725452185 3.683628906386543 19.865206512961002
v 17.6525719777515 3.5861985508509515 25.83230179634071
v 17.18759091767505 1.955757666681473 24.453903269175026
v 24.86917725452185 3.683628906386543 19.865206512961002
v 17.18759091767505 1.955757666681473 24.453903269175026
v 24.199186818403682 2.0504396615593175 19.32609482445841
v -24.08854558378795 3.5861733075925613 -17.312494678782635
v -23.064360283619635 1.9557329298094697 -16.82246987152477
v 17.18759091767505 1.955757666681473 24.453903269175026
v -24.08854558378795 3.5861733075925613 -17.312494678782635
v 17.18759091767505 1.955757666681473 24.453903269175026
v 17.6525719777515 3.5861985508509515 25.83230179634071
v -24.08854558378795 3.5861733075925613 -17.312494678782635
v -17.85999654008665 3.683601729331835 -24.33518336542984
v -17.344207347957997 2.0504144684482153 -23.647072716705264
v -24.08854558378795 3.5861733075925613 -17.312494678782635
v -17.344207347957997 2.0504144684482153 -23.647072716705264
v -23.064360283619635 1.9557329298094697 -16.82246987152477
v 4.245809591555111 3.6836134629510346 0.26750932598494853
v 24.86917725452185 3.683628906386543 19.865206512961002
v 24.199186818403682 2.0504396615593175 19.32609482445841
v 4.245809591555111 3.6836134629510346 0.26750932598494853
v 24.199186818403682 2.0504396615593175 19.32609482445841
v 3.8315772147901255 2.0504308484161213 -0.0067117144731161085
v -23.064360283619635 1.9557329298094697 -16.82246987152477
v -17.344207347957997 2.0504144684482153 -23.647072716705264
v 3.8315772147901255 2.0504308484161213 -0.0067117144731161085
v -17.344207347957997 2.0504144684482153 -23.647072716705264
v -17.85999654008665 3.683601729331835 -24.33518336542984
v 4.245809591555111 3.6836134629510346 0.26750932598494853
v -17.344207347957997 2.0504144684482153 -23.647072716705264
v 4.245809591555111 3.6836134629510346 0.26750932598494853
v 3.8315772147901255 2.0504308484161213 -0.0067117144731161085
v 25.53833394892926 57.03109277139782 -24.410720491623945
v -24.617433157077755 57.03108978188262 -24.410715259969177
v -24.61742853553545 57.03110133574039 27.28036751101938
v 25.53833394892926 57.03109277139782 -24.410720491623945
v -24.61742853553545 57.03110133574039 27.28036751101938
v 25.538338570472057 57.03109776941532 27.28036227936598
v -28.838586778360956 60.15409436494691 -27.967754785046477
v -28.8416523575384 60.1561004705399 30.776361919680234
v -24.617428768813408 60.162105090595325 27.28036685784112
v -28.838586778360956 60.15409436494691 -27.967754785046477
v -24.617428768813408 60.162105090595325 27.28036685784112
v -24.617433390355714 60.16209353673756 -24.41071591314744
v -28.8416523575384 60.1561004705399 30.776361919680234
v 29.753346254574417 60.16209602922137 30.902259891622958
v 25.538338337194585 60.16209496842998 27.280361626189087
v -28.8416523575384 60.1561004705399 30.776361919680234
v 25.538338337194585 60.16209496842998 27.280361626189087
v -24.617428768813408 60.162105090595325 27.28036685784112
v 29.753346254574417 60.16209602922137 30.902259891622958
v 29.75333908283317 60.15609082911375 -27.983977175394852
v 25.53833371565179 60.16208997041249 -24.41072114480084
v 29.753346254574417 60.16209602922137 30.902259891622958
v 25.53833371565179 60.16208997041249 -24.41072114480084
v 25.538338337194585 60.16209496842998 27.280361626189087
v 25.53833371565179 60.16208997041249 -24.41072114480084
v -24.617433390355714 60.16209353673756 -24.41071591314744
v -24.617433157077755 57.03108978188262 -24.410715259969177
v 25.53833371565179 60.16208997041249 -24.41072114480084
v -24.617433157077755 57.03108978188262 -24.410715259969177
v 25.53833394892926 57.03109277139782 -24.410720491623945
v -24.617433390355714 60.16209353673756 -24.41071591314744
v -24.617428768813408 60.162105090595325 27.28036685784112
v -24.61742853553545 57.03110133574039 27.28036751101938
v -24.617433390355714 60.16209353673756 -24.41071591314744
v -24.61742853553545 57.03110133574039 27.28036751101938
v -24.617433157077755 57.03108978188262 -24.410715259969177
v -24.617428768813408 60.162105090595325 27.28036685784112
v 25.538338337194585 60.16209496842998 27.280361626189087
v 25.538338570472057 57.03109776941532 27.28036227936598
v -24.617428768813408 60.162105090595325 27.28036685784112
v 25.538338570472057 57.03109776941532 27.28036227936598
v -24.61742853553545 57.03110133574039 27.28036751101938
v 25.538338337194585 60.16209496842998 27.280361626189087
v 25.53833371565179 60.16208997041249 -24.41072114480084
v 25.53833394892926 57.03109277139782 -24.410720491623945
v 25.538338337194585 60.16209496842998 27.280361626189087
v 25.53833394892926 57.03109277139782 -24.410720491623945
v 25.538338570472057 57.03109776941532 27.28036227936598
v 29.753346254574417 60.16209602922137 30.902259891622958
v 29.74412814828522 59.42369220703324 31.508764495972784
v 30.4604538195926 59.45499625145756 30.902259965378402
v 29.74412814828522 59.42369220703324 31.508764495972784
v 29.753346254574417 60.16209602922137 30.902259891622958
v -28.8416523575384 60.1561004705399 30.776361919680234
v 29.74412814828522 59.42369220703324 31.508764495972784
v -28.8416523575384 60.1561004705399 30.776361919680234
v -28.8508704618615 59.549593628239755 31.514771100530524
v 30.460446644145495 59.498730211483284 -27.983977112015804
v 29.75333908283317 60.15609082911375 -27.983977175394852
v 29.753346254574417 60.16209602922137 30.902259891622958
v 30.460446644145495 59.498730211483284 -27.983977112015804
v 29.753346254574417 60.16209602922137 30.902259891622958
v 30.4604538195926 59.45499625145756 30.902259965378402
v -24.617433390355714 60.16209353673756 -24.41071591314744
v 25.53833371565179 60.16208997041249 -24.41072114480084
v 29.75333908283317 60.15609082911375 -27.983977175394852
v -24.617433390355714 60.16209353673756 -24.41071591314744
v 29.75333908283317 60.15609082911375 -27.983977175394852
v -28.838586778360956 60.15409436494691 -27.967754785046477
v -16.28510808102551 58.2112442326866 24.460999898603582
v 23.966833832130213 58.21125051757926 -16.815381639313024
v -2.9291011362247183 58.1165601162038 0.00038216817760151515
v -16.28510808102551 58.2112442326866 24.460999898603582
v -2.9291011362247183 58.1165601162038 0.00038216817760151515
v -23.296704898677724 58.116563223420144 19.33319295612414
v -23.966695238395022 56.48337237576474 19.87230546581761
v -16.750090801973347 56.58080048191922 25.839399203045602
v -16.28510808102551 58.2112442326866 24.460999898603582
v -23.966695238395022 56.48337237576474 19.87230546581761
v -16.28510808102551 58.2112442326866 24.460999898603582
v -23.296704898677724 58.116563223420144 19.33319295612414
v 24.991019044675085 56.58081299378823 -17.305405979960433
v 23.966833832130213 58.21125051757926 -16.815381639313024
v -16.28510808102551 58.2112442326866 24.460999898603582
v 24.991019044675085 56.58081299378823 -17.305405979960433
v -16.28510808102551 58.2112442326866 24.460999898603582
v -16.750090801973347 56.58080048191922 25.839399203045602
v 24.991019044675085 56.58081299378823 -17.305405979960433
v 18.76246874521973 56.483378154742525 -24.32809332657929
v 18.24667967613452 58.1165692060256 -23.639983251672334
v 24.991019044675085 56.58081299378823 -17.305405979960433
v 18.24667967613452 58.1165692060256 -23.639983251672334
v 23.966833832130213 58.21125051757926 -16.815381639313024
v -3.343333463954962 56.48337578042534 0.27460397646851786
v -23.966695238395022 56.48337237576474 19.87230546581761
v -23.296704898677724 58.116563223420144 19.33319295612414
v -3.343333463954962 56.48337578042534 0.27460397646851786
v -23.296704898677724 58.116563223420144 19.33319295612414
v -2.9291011362247183 58.1165601162038 0.00038216817760151515
v 23.966833832130213 58.21125051757926 -16.815381639313024
v 18.24667967613452 58.1165692060256 -23.639983251672334
v -2.9291011362247183 58.1165601162038 0.00038216817760151515
v 18.24667967613452 58.1165692060256 -23.639983251672334
v 18.76246874521973 56.483378154742525 -24.32809332657929
v -3.343333463954962 56.48337578042534 0.27460397646851786
v 18.24667967613452 58.1165692060256 -23.639983251672334
v -3.343333463954962 56.48337578042534 0.27460397646851786
v -2.9291011362247183 58.1165601162038 0.00038216817760151515
v -26.18339465080492 4.229499866608166 -22.680307784819636
v -26.183393981227848 4.2295110772952915 27.475456588657533
v -26.183395925163993 55.92058783504201 27.47545343445338
v -26.18339465080492 4.229499866608166 -22.680307784819636
v -26.183395925163993 55.92058783504201 27.47545343445338
v -26.183396594742067 55.920583180193866 -22.680316661071135
v -29.55797173879056 0.663358804955943 30.851424760673545
v -29.557976143595056 59.54249341788999 30.650454222581633
v -29.557976250592578 55.92059395728466 26.435458577469642
v -29.55797173879056 0.663358804955943 30.851424760673545
v -29.557976250592578 55.92059395728466 26.435458577469642
v -29.55797621400461 4.2295122826576375 26.435461731675012
v -29.557976143595056 59.54249341788999 30.650454222581633
v -29.557977566874474 59.54248687878816 -27.93532393312994
v -29.55797692017016 55.92058274659626 -23.720311518053514
v -29.557976143595056 59.54249341788999 30.650454222581633
v -29.55797692017016 55.92058274659626 -23.720311518053514
v -29.557976250592578 55.92059395728466 26.435458577469642
v -29.557977566874474 59.54248687878816 -27.93532393312994
v -29.557976990580457 0.6076001260542081 -27.93531354570313
v -29.55797688358168 4.229501071970512 -23.72030264180216
v -29.557977566874474 59.54248687878816 -27.93532393312994
v -29.55797688358168 4.229501071970512 -23.72030264180216
v -29.55797692017016 55.92058274659626 -23.720311518053514
v -29.55797688358168 4.229501071970512 -23.72030264180216
v -29.55797621400461 4.2295122826576375 26.435461731675012
v -26.183393981227848 4.2295110772952915 27.475456588657533
v -29.55797688358168 4.229501071970512 -23.72030264180216
v -26.183393981227848 4.2295110772952915 27.475456588657533
v -26.18339465080492 4.229499866608166 -22.680307784819636
v -29.55797621400461 4.2295122826576375 26.435461731675012
v -29.557976250592578 55.92059395728466 26.435458577469642
v -26.183395925163993 55.92058783504201 27.47545343445338
v -29.55797621400461 4.2295122826576375 26.435461731675012
v -26.183395925163993 55.92058783504201 27.47545343445338
v -26.183393981227848 4.2295110772952915 27.475456588657533
v -29.557976250592578 55.92059395728466 26.435458577469642
v -29.55797692017016 55.92058274659626 -23.720311518053514
v -26.183396594742067 55.920583180193866 -22.680316661071135
v -29.557976250592578 55.92059395728466 26.435458577469642
v -26.183396594742067 55.920583180193866 -22.680316661071135
v -26.183395925163993 55.92058783504201 27.47545343445338
v -29.55797692017016 55.92058274659626 -23.720311518053514
v -29.55797688358168 4.229501071970512 -23.72030264180216
v -26.18339465080492 4.229499866608166 -22.680307784819636
v -29.55797692017016 55.92058274659626 -23.720311518053514
v -26.18339465080492 4.229499866608166 -22.680307784819636
v -26.183396594742067 55.920583180193866 -22.680316661071135
v -29.557976990580457 0.6076001260542081 -27.93531354570313
v -28.84165704798082 0.6076000106997523 -28.642419267554498
v -28.850867535324916 0.004888969585826125 -28.039708408000386
v -28.8508704618615 59.549593628239755 31.514771100530524
v -28.8416523575384 60.1561004705399 30.776361919680234
v -29.557976143595056 59.54249341788999 30.650454222581633
v -29.557977566874474 59.54248687878816 -27.93532393312994
v -28.838586778360956 60.15409436494691 -27.967754785046477
v -28.841657624274838 59.54248676343371 -28.642429654981306
v -28.838586778360956 60.15409436494691 -27.967754785046477
v -29.557977566874474 59.54248687878816 -27.93532393312994
v -29.557976143595056 59.54249341788999 30.650454222581633
v -28.838586778360956 60.15409436494691 -27.967754785046477
v -29.557976143595056 59.54249341788999 30.650454222581633
v -28.8416523575384 60.1561004705399 30.776361919680234
v -28.8508704618615 59.549593628239755 31.514771100530524
v -29.557976143595056 59.54249341788999 30.650454222581633
v -29.55797173879056 0.663358804955943 30.851424760673545
v -28.8508704618615 59.549593628239755 31.514771100530524
v -29.55797173879056 0.663358804955943 30.851424760673545
v -28.79140449499277 0.6633589702504189 31.38652181088029
v -28.84165704798082 0.6076000106997523 -28.642419267554498
v -29.557976990580457 0.6076001260542081 -27.93531354570313
v -29.557977566874474 59.54248687878816 -27.93532393312994
v -28.84165704798082 0.6076000106997523 -28.642419267554498
v -29.557977566874474 59.54248687878816 -27.93532393312994
v -28.841657624274838 59.54248676343371 -28.642429654981306
v -29.55797621400461 4.2295122826576375 26.435461731675012
v -29.55797688358168 4.229501071970512 -23.72030264180216
v -29.557976990580457 0.6076001260542081 -27.93531354570313
v -29.55797621400461 4.2295122826576375 26.435461731675012
v -29.557976990580457 0.6076001260542081 -27.93531354570313
v -29.55797173879056 0.663358804955943 30.851424760673545
v -27.607121617584127 53.10122360147484 18.103133856295067
v -27.607137399846817 11.824839531120169 -22.14880362818617
v -27.512445929392097 28.640606982906974 4.747127359595326
v -27.607121617584127 53.10122360147484 18.103133856295067
v -27.512445929392097 28.640606982906974 4.747127359595326
v -27.51243601205015 47.973417366484156 25.114727885633698
v -25.87924972499256 48.51252730447898 25.784714337649117
v -25.97668199329615 54.479621998690504 18.568110670003662
v -27.607121617584127 53.10122360147484 18.103133856295067
v -25.87924972499256 48.51252730447898 25.784714337649117
v -27.607121617584127 53.10122360147484 18.103133856295067
v -27.51243601205015 47.973417366484156 25.114727885633698
v -25.976697769491977 11.334814923549338 -23.172988891952823
v -27.607137399846817 11.824839531120169 -22.14880362818617
v -27.607121617584127 53.10122360147484 18.103133856295067
v -25.976697769491977 11.334814923549338 -23.172988891952823
v -27.607121617584127 53.10122360147484 18.103133856295067
v -25.97668199329615 54.479621998690504 18.568110670003662
v -25.976697769491977 11.334814923549338 -23.172988891952823
v -25.87926551087944 4.312126060693152 -16.944439294329147
v -27.51245178335548 5.000236907202327 -16.42865022785736
v -25.976697769491977 11.334814923549338 -23.172988891952823
v -27.51245178335548 5.000236907202327 -16.42865022785736
v -27.607137399846817 11.824839531120169 -22.14880362818617
v -25.879259645465158 28.914828137600576 5.161357484885946
v -25.87924972499256 48.51252730447898 25.784714337649117
v -27.51243601205015 47.973417366484156 25.114727885633698
v -25.879259645465158 28.914828137600576 5.161357484885946
v -27.51243601205015 47.973417366484156 25.114727885633698
v -27.512445929392097 28.640606982906974 4.747127359595326
v -27.607137399846817 11.824839531120169 -22.14880362818617
v -27.51245178335548 5.000236907202327 -16.42865022785736
v -27.512445929392097 28.640606982906974 4.747127359595326
v -27.51245178335548 5.000236907202327 -16.42865022785736
v -25.87926551087944 4.312126060693152 -16.944439294329147
v -25.879259645465158 28.914828137600576 5.161357484885946
v -27.51245178335548 5.000236907202327 -16.42865022785736
v -25.879259645465158 28.914828137600576 5.161357484885946
v -27.512445929392097 28.640606982906974 4.747127359595326
v 25.538330155148756 4.229499038738697 -25.51142512996167
v -24.617436950858504 4.229499327143632 -25.511419898307583
v -24.617436987447103 55.92058264072944 -25.51142877455928
v 25.538330155148756 4.229499038738697 -25.51142512996167
v -24.617436987447103 55.92058264072944 -25.51142877455928
v 25.538330118559912 55.920585630244645 -25.51143400621405
v -28.850867535324916 0.004888969585826125 -28.039708408000386
v -28.84165704798082 0.6076000106997523 -28.642419267554498
v 29.75333773862513 0.6075969473916011 -28.64242537948804
v -28.850867535324916 0.004888969585826125 -28.039708408000386
v 29.75333773862513 0.6075969473916011 -28.64242537948804
v 29.74412725128055 0.004892462117945574 -28.039714519935295
v -28.84165704798082 0.6076000106997523 -28.642419267554498
v -28.841657624274838 59.54248676343371 -28.642429654981306
v -24.6174372673805 55.92058194089583 -28.64243124736225
v -28.84165704798082 0.6076000106997523 -28.642419267554498
v -24.6174372673805 55.92058194089583 -28.64243124736225
v -24.61743723079173 4.229498627310445 -28.64242046376189
v -28.841657624274838 59.54248676343371 -28.642429654981306
v 29.753337162331604 59.54247714428528 -28.64243576691348
v 25.538329838626517 55.92058493041103 -28.642436479017018
v -28.841657624274838 59.54248676343371 -28.642429654981306
v 25.538329838626517 55.92058493041103 -28.642436479017018
v -24.6174372673805 55.92058194089583 -28.64243124736225
v 29.753337162331604 59.54247714428528 -28.64243576691348
v 29.75333773862513 0.6075969473916011 -28.64242537948804
v 25.53832987521553 4.229498338905509 -28.642425695415977
v 29.753337162331604 59.54247714428528 -28.64243576691348
v 25.53832987521553 4.229498338905509 -28.642425695415977
v 25.538329838626517 55.92058493041103 -28.642436479017018
v 25.53832987521553 4.229498338905509 -28.642425695415977
v -24.61743723079173 4.229498627310445 -28.64242046376189
v -24.617436950858504 4.229499327143632 -25.511419898307583
v 25.53832987521553 4.229498338905509 -28.642425695415977
v -24.617436950858504 4.229499327143632 -25.511419898307583
v 25.538330155148756 4.229499038738697 -25.51142512996167
v -24.61743723079173 4.229498627310445 -28.64242046376189
v -24.6174372673805 55.92058194089583 -28.64243124736225
v -24.617436987447103 55.92058264072944 -25.51142877455928
v -24.61743723079173 4.229498627310445 -28.64242046376189
v -24.617436987447103 55.92058264072944 -25.51142877455928
v -24.617436950858504 4.229499327143632 -25.511419898307583
v -24.6174372673805 55.92058194089583 -28.64243124736225
v 25.538329838626517 55.92058493041103 -28.642436479017018
v 25.538330118559912 55.920585630244645 -25.51143400621405
v -24.6174372673805 55.92058194089583 -28.64243124736225
v 25.538330118559912 55.920585630244645 -25.51143400621405
v -24.617436987447103 55.92058264072944 -25.51142877455928
v 25.538329838626517 55.92058493041103 -28.642436479017018
v 25.53832987521553 4.229498338905509 -28.642425695415977
v 25.538330155148756 4.229499038738697 -25.51142512996167
v 25.538329838626517 55.92058493041103 -28.642436479017018
v 25.538330155148756 4.229499038738697 -25.51142512996167
v 25.538330118559912 55.920585630244645 -25.51143400621405
v 29.75333773862513 0.6075969473916011 -28.64242537948804
v 30.460445314180436 0.6075971475889065 -27.935319806111746
v 29.74412725128055 0.004892462117945574 -28.039714519935295
v 29.753337162331604 59.54247714428528 -28.64243576691348
v 29.75333908283317 60.15609082911375 -27.983977175394852
v 30.460446644145495 59.498730211483284 -27.983977112015804
v 29.75333908283317 60.15609082911375 -27.983977175394852
v 29.753337162331604 59.54247714428528 -28.64243576691348
v -28.841657624274838 59.54248676343371 -28.642429654981306
v 29.75333908283317 60.15609082911375 -27.983977175394852
v -28.841657624274838 59.54248676343371 -28.642429654981306
v -28.838586778360956 60.15409436494691 -27.967754785046477
v 30.460445314180436 0.6075971475889065 -27.935319806111746
v 29.75333773862513 0.6075969473916011 -28.64242537948804
v 29.753337162331604 59.54247714428528 -28.64243576691348
v 30.460445314180436 0.6075971475889065 -27.935319806111746
v 29.753337162331604 59.54247714428528 -28.64243576691348
v 30.460446644145495 59.498730211483284 -27.983977112015804
v -24.61743723079173 4.229498627310445 -28.64242046376189
v 25.53832987521553 4.229498338905509 -28.642425695415977
v 29.75333773862513 0.6075969473916011 -28.64242537948804
v -24.61743723079173 4.229498627310445 -28.64242046376189
v 29.75333773862513 0.6075969473916011 -28.64242537948804
v -28.84165704798082 0.6076000106997523 -28.642419267554498
v -16.28511608839279 53.10121754184139 -26.69157433678013
v 23.96683068313932 11.824838311856944 -26.691585183250837
v -2.929106801703975 28.64060144225371 -26.59689174684324
v -16.28511608839279 53.10121754184139 -26.69157433678013
v -2.929106801703975 28.64060144225371 -26.59689174684324
v -23.296712064120758 47.97340933723358 -26.596889840777195
v -23.966702467869116 48.512522631161325 -24.96369970399376
v -16.75009710363392 54.47961607466191 -25.061132885890224
v -16.28511608839279 53.10121754184139 -26.69157433678013
v -23.966702467869116 48.512522631161325 -24.96369970399376
v -16.28511608839279 53.10121754184139 -26.69157433678013
v -23.296712064120758 47.97340933723358 -26.596889840777195
v 24.991016000301062 11.334814261505487 -25.06114540525842
v 23.96683068313932 11.824838311856944 -26.691585183250837
v -16.28511608839279 53.10121754184139 -26.69157433678013
v 24.991016000301062 11.334814261505487 -25.06114540525842
v -16.28511608839279 53.10121754184139 -26.69157433678013
v -16.75009710363392 54.47961607466191 -25.061132885890224
v 24.991016000301062 11.334814261505487 -25.06114540525842
v 18.762466853405478 4.312125290139805 -24.963714013558523
v 18.24667764719415 5.000235722917563 -26.596900467977004
v 24.991016000301062 11.334814261505487 -25.06114540525842
v 18.24667764719415 5.000235722917563 -26.596900467977004
v 23.96683068313932 11.824838311856944 -26.691585183250837
v -3.3433389116278476 28.91482274736878 -24.96370921087135
v -23.966702467869116 48.512522631161325 -24.96369970399376
v -23.296712064120758 47.97340933723358 -26.596889840777195
v -3.3433389116278476 28.91482274736878 -24.96370921087135
v -23.296712064120758 47.97340933723358 -26.596889840777195
v -2.929106801703975 28.64060144225371 -26.59689174684324
v 23.96683068313932 11.824838311856944 -26.691585183250837
v 18.24667764719415 5.000235722917563 -26.596900467977004
v -2.929106801703975 28.64060144225371 -26.59689174684324
v 18.24667764719415 5.000235722917563 -26.596900467977004
v 18.762466853405478 4.312125290139805 -24.963714013558523
v -3.3433389116278476 28.91482274736878 -24.96370921087135
v 18.24667764719415 5.000235722917563 -26.596900467977004
v -3.3433389116278476 28.91482274736878 -24.96370921087135
v -2.929106801703975 28.64060144225371 -26.59689174684324
vt 0.46588248014450073 0.46111422777175903
vt 0.46588248014450073 0.013303875923156738
vt 0.018072213977575302 0.013303875923156738
vt 0.46588248014450073 0.46111422777175903
vt 0.018072213977575302 0.013303875923156738
vt 0.018072213977575302 0.46111422777175903
vt 0.7270079255104065 0.4752551317214966
vt 0.7271474599838257 0.9837945625185966
vt 0.7570294737815857 0.9557609967887402
vt 0.7270079255104065 0.4752551317214966
vt 0.7570294737815857 0.9557609967887402
vt 0.757222592830658 0.5092401206493378
vt 0.006039539817720652 0.9832396507263184
vt 0.5031127333641052 0.9861524356529117
vt 0.4711858332157135 0.9534976184368134
vt 0.006039539817720652 0.9832396507263184
vt 0.4711858332157135 0.9534976184368134
vt 0.036509569734334946 0.9527696259319782
vt 0.006155288778245449 0.9834253713488579
vt 0.5025294423103333 0.9853674424812198
vt 0.47141560912132263 0.9539578221738338
vt 0.006155288778245449 0.9834253713488579
vt 0.47141560912132263 0.9539578221738338
vt 0.036588020622730255 0.9527611322700977
vt 0.7570560574531555 0.5093008577823639
vt 0.7570560574531555 0.9561189487576485
vt 0.7817419171333313 0.9528398588299751
vt 0.7570560574531555 0.5093008577823639
vt 0.7817419171333313 0.9528398588299751
vt 0.7817419171333313 0.5060214102268219
vt 0.757222592830658 0.5092401206493378
vt 0.7570294737815857 0.9557609967887402
vt 0.7807375192642212 0.9522859305143356
vt 0.757222592830658 0.5092401206493378
vt 0.7807375192642212 0.9522859305143356
vt 0.7816067934036255 0.5061972439289093
vt 0.036509569734334946 0.9527696259319782
vt 0.4711858332157135 0.9534976184368134
vt 0.4711858332157135 0.9308637157082558
vt 0.036509569734334946 0.9527696259319782
vt 0.4711858332157135 0.9308637157082558
vt 0.036509569734334946 0.9301357269287109
vt 0.036588020622730255 0.9527611322700977
vt 0.47141560912132263 0.9539578221738338
vt 0.4715254008769989 0.9307357296347618
vt 0.036588020622730255 0.9527611322700977
vt 0.4715254008769989 0.9307357296347618
vt 0.03628746420145035 0.9286269024014473
vt 0.7570560574531555 0.9561189487576485
vt 0.7570560574531555 0.5093008577823639
vt 0.7270776629447937 0.4752916097640991
vt 0.7570560574531555 0.9561189487576485
vt 0.7270776629447937 0.4752916097640991
vt 0.7271594405174255 0.9837755095213652
vt 0.8148415088653564 0.4923088550567627
vt 0.8016965389251709 0.9571032971143723
vt 0.8681901693344116 0.7194331288337708
vt 0.8148415088653564 0.4923088550567627
vt 0.8681901693344116 0.7194331288337708
vt 0.8830908536911011 0.4947495460510254
vt 0.8836718201637268 0.4812696576118469
vt 0.8107324838638306 0.4767908453941345
vt 0.8148415088653564 0.4923088550567627
vt 0.8836718201637268 0.4812696576118469
vt 0.8148415088653564 0.4923088550567627
vt 0.8830908536911011 0.4947495460510254
vt 0.7889834642410278 0.9648705571889877
vt 0.8016965389251709 0.9571032971143723
vt 0.8148415088653564 0.4923088550567627
vt 0.7889834642410278 0.9648705571889877
vt 0.8148415088653564 0.4923088550567627
vt 0.8020801544189453 0.48183947801589966
vt 0.7965574860572815 0.9713127482682467
vt 0.8702744841575623 0.9916815049946308
vt 0.8715169429779053 0.9770069904625416
vt 0.7965574860572815 0.9713127482682467
vt 0.8715169429779053 0.9770069904625416
vt 0.8016965389251709 0.9571032971143723
vt 0.8804283142089844 0.7159828245639801
vt 0.8956224918365479 0.48879915475845337
vt 0.8830908536911011 0.4947495460510254
vt 0.8804283142089844 0.7159828245639801
vt 0.8830908536911011 0.4947495460510254
vt 0.8681901693344116 0.7194331288337708
vt 0.8016965389251709 0.9571032971143723
vt 0.8715169429779053 0.9770069904625416
vt 0.8681901693344116 0.7194331288337708
vt 0.8715169429779053 0.9770069904625416
vt 0.8837815523147583 0.9837922565639019
vt 0.8804283142089844 0.7159828245639801
vt 0.8715169429779053 0.9770069904625416
vt 0.8804283142089844 0.7159828245639801
vt 0.8681901693344116 0.7194331288337708
vt 0.9281286001205444 0.4604725241661072
vt 0.9281286001205444 0.012662172317504883
vt 0.48031821846961975 0.012662172317504883
vt 0.9281286001205444 0.4604725241661072
vt 0.48031821846961975 0.012662172317504883
vt 0.48031821846961975 0.4604725241661072
vt 0.9895697832107544 0.5136773884296417
vt 0.9884660243988037 0.005321085453033447
vt 0.9576712250709534 0.03634464740753174
vt 0.9895697832107544 0.5136773884296417
vt 0.9576712250709534 0.03634464740753174
vt 0.9572153091430664 0.4822276830673218
vt 0.7159545421600342 0.9832790400832891
vt 0.7166775465011597 0.47749632596969604
vt 0.6804810762405396 0.5150664150714874
vt 0.7159545421600342 0.9832790400832891
vt 0.6804810762405396 0.5150664150714874
vt 0.6802514791488647 0.9464246481657028
vt 0.5729513764381409 0.4705600142478943
vt 0.572689950466156 0.977979589253664
vt 0.6019566655158997 0.9481318593025208
vt 0.5729513764381409 0.4705600142478943
vt 0.6019566655158997 0.9481318593025208
vt 0.604065477848053 0.5019695162773132
vt 0.9458525776863098 0.5143530368804932
vt 0.9420925378799438 0.9516031555831432
vt 0.9694931507110596 0.9522093236446381
vt 0.9458525776863098 0.5143530368804932
vt 0.9694931507110596 0.9522093236446381
vt 0.9718627333641052 0.5140877068042755
vt 0.9572153091430664 0.4822276830673218
vt 0.9576712250709534 0.03634464740753174
vt 0.9340014457702637 0.03634440898895264
vt 0.9572153091430664 0.4822276830673218
vt 0.9340014457702637 0.03634440898895264
vt 0.9340014457702637 0.4822276830673218
vt 0.6802514791488647 0.9464246481657028
vt 0.6804810762405396 0.5150664150714874
vt 0.6533063650131226 0.514607161283493
vt 0.6802514791488647 0.9464246481657028
vt 0.6533063650131226 0.514607161283493
vt 0.6533063650131226 0.9462440684437752
vt 0.604065477848053 0.5019695162773132
vt 0.6019566655158997 0.9481318593025208
vt 0.6251786351203918 0.948241651058197
vt 0.604065477848053 0.5019695162773132
vt 0.6251786351203918 0.948241651058197
vt 0.6272874474525452 0.5020793676376343
vt 0.7166775465011597 0.47749632596969604
vt 0.7270079255104065 0.4752551317214966
vt 0.7228052616119385 0.47103333473205566
vt 0.7270079255104065 0.4752551317214966
vt 0.7166775465011597 0.47749632596969604
vt 0.7159545421600342 0.9832790400832891
vt 0.7270079255104065 0.4752551317214966
vt 0.7159545421600342 0.9832790400832891
vt 0.7271474599838257 0.9837945625185966
vt 0.5637616515159607 0.9779974818229675
vt 0.572689950466156 0.977979589253664
vt 0.5729513764381409 0.4705600142478943
vt 0.5637616515159607 0.9779974818229675
vt 0.5729513764381409 0.4705600142478943
vt 0.5649062395095825 0.47083717584609985
vt 0.9420925378799438 0.9516031555831432
vt 0.9458525776863098 0.5143530368804932
vt 0.9085820913314819 0.47697335481643677
vt 0.9420925378799438 0.9516031555831432
vt 0.9085820913314819 0.47697335481643677
vt 0.9045091271400452 0.9879274964332581
vt 0.8137582540512085 0.4923088550567627
vt 0.800613284111023 0.9571032971143723
vt 0.8671069145202637 0.7194331288337708
vt 0.8137582540512085 0.4923088550567627
vt 0.8671069145202637 0.7194331288337708
vt 0.8820075988769531 0.4947495460510254
vt 0.8825885653495789 0.4812696576118469
vt 0.8096492290496826 0.4767908453941345
vt 0.8137582540512085 0.4923088550567627
vt 0.8825885653495789 0.4812696576118469
vt 0.8137582540512085 0.4923088550567627
vt 0.8820075988769531 0.4947495460510254
vt 0.7879002094268799 0.9648705571889877
vt 0.800613284111023 0.9571032971143723
vt 0.8137582540512085 0.4923088550567627
vt 0.7879002094268799 0.9648705571889877
vt 0.8137582540512085 0.4923088550567627
vt 0.8022348880767822 0.4821208715438843
vt 0.7964557409286499 0.971416063606739
vt 0.8691912293434143 0.9916815049946308
vt 0.8704336881637573 0.9770069904625416
vt 0.7964557409286499 0.971416063606739
vt 0.8704336881637573 0.9770069904625416
vt 0.800613284111023 0.9571032971143723
vt 0.8803523778915405 0.7157813608646393
vt 0.8945392370223999 0.48879915475845337
vt 0.8820075988769531 0.4947495460510254
vt 0.8803523778915405 0.7157813608646393
vt 0.8820075988769531 0.4947495460510254
vt 0.8671069145202637 0.7194331288337708
vt 0.800613284111023 0.9571032971143723
vt 0.8704336881637573 0.9770069904625416
vt 0.8671069145202637 0.7194331288337708
vt 0.8704336881637573 0.9770069904625416
vt 0.883731484413147 0.98355383425951
vt 0.8803523778915405 0.7157813608646393
vt 0.8704336881637573 0.9770069904625416
vt 0.8803523778915405 0.7157813608646393
vt 0.8671069145202637 0.7194331288337708
vt 0.46782904863357544 0.9172209054231644
vt 0.46782904863357544 0.4694105386734009
vt 0.020018737763166428 0.4694105386734009
vt 0.46782904863357544 0.9172209054231644
vt 0.020018737763166428 0.4694105386734009
vt 0.020018737763166428 0.9172209054231644
vt 0.5637616515159607 0.9779974818229675
vt 0.5649062395095825 0.47083717584609985
vt 0.5341737270355225 0.5004279613494873
vt 0.5637616515159607 0.9779974818229675
vt 0.5341737270355225 0.5004279613494873
vt 0.5332608819007874 0.9455963373184204
vt 0.7161810398101807 0.9835161380469799
vt 0.7165619730949402 0.47775381803512573
vt 0.6808220148086548 0.5149435698986053
vt 0.7161810398101807 0.9835161380469799
vt 0.6808220148086548 0.5149435698986053
vt 0.6803106069564819 0.9463856443762779
vt 0.006155288778245449 0.9834253713488579
vt 0.5025294423103333 0.9853674424812198
vt 0.47141560912132263 0.9539578221738338
vt 0.006155288778245449 0.9834253713488579
vt 0.47141560912132263 0.9539578221738338
vt 0.036588020622730255 0.9527611322700977
vt 0.9457610249519348 0.5141990482807159
vt 0.9421301484107971 0.9516107141971588
vt 0.9694594740867615 0.952176570892334
vt 0.9457610249519348 0.5141990482807159
vt 0.9694594740867615 0.952176570892334
vt 0.9718629717826843 0.514129638671875
vt 0.5332608819007874 0.9455963373184204
vt 0.5341737270355225 0.5004279613494873
vt 0.5100468993186951 0.5006559491157532
vt 0.5332608819007874 0.9455963373184204
vt 0.5100468993186951 0.5006559491157532
vt 0.5100468993186951 0.9455963373184204
vt 0.6803106069564819 0.9463856443762779
vt 0.6808220148086548 0.5149435698986053
vt 0.6533394455909729 0.5145120322704315
vt 0.6803106069564819 0.9463856443762779
vt 0.6533394455909729 0.5145120322704315
vt 0.6531270742416382 0.9457652270793915
vt 0.036588020622730255 0.9527611322700977
vt 0.47141560912132263 0.9539578221738338
vt 0.4715254008769989 0.9307357296347618
vt 0.036588020622730255 0.9527611322700977
vt 0.4715254008769989 0.9307357296347618
vt 0.03628746420145035 0.9286269024014473
vt 0.7165619730949402 0.47775381803512573
vt 0.7270776629447937 0.4752916097640991
vt 0.7229975461959839 0.4710625410079956
vt 0.7270776629447937 0.4752916097640991
vt 0.7165619730949402 0.47775381803512573
vt 0.7161810398101807 0.9835161380469799
vt 0.7270776629447937 0.4752916097640991
vt 0.7161810398101807 0.9835161380469799
vt 0.7271594405174255 0.9837755095213652
vt 0.5024945139884949 0.9927841681055725
vt 0.5025294423103333 0.9853674424812198
vt 0.006155288778245449 0.9834253713488579
vt 0.5024945139884949 0.9927841681055725
vt 0.006155288778245449 0.9834253713488579
vt 0.006043294910341501 0.9903797022998333
vt 0.9421301484107971 0.9516107141971588
vt 0.9457610249519348 0.5141990482807159
vt 0.9086471199989319 0.4769436717033386
vt 0.9421301484107971 0.9516107141971588
vt 0.9086471199989319 0.4769436717033386
vt 0.9045107364654541 0.987938828766346
vt 0.8148415088653564 0.4918718934059143
vt 0.8016965389251709 0.9566663205623627
vt 0.8681901693344116 0.7189961373806
vt 0.8148415088653564 0.4918718934059143
vt 0.8681901693344116 0.7189961373806
vt 0.8830908536911011 0.494312584400177
vt 0.8836718201637268 0.48083269596099854
vt 0.8107324838638306 0.47635388374328613
vt 0.8148415088653564 0.4918718934059143
vt 0.8836718201637268 0.48083269596099854
vt 0.8148415088653564 0.4918718934059143
vt 0.8830908536911011 0.494312584400177
vt 0.7889834642410278 0.9644335806369781
vt 0.8016965389251709 0.9566663205623627
vt 0.8148415088653564 0.4918718934059143
vt 0.7889834642410278 0.9644335806369781
vt 0.8148415088653564 0.4918718934059143
vt 0.8020801544189453 0.48140251636505127
vt 0.7964025139808655 0.9711857195943594
vt 0.8702744841575623 0.9912445275112987
vt 0.8715169429779053 0.976570013910532
vt 0.7964025139808655 0.9711857195943594
vt 0.8715169429779053 0.976570013910532
vt 0.8016965389251709 0.9566663205623627
vt 0.8804283142089844 0.7155458331108093
vt 0.8956224918365479 0.488362193107605
vt 0.8830908536911011 0.494312584400177
vt 0.8804283142089844 0.7155458331108093
vt 0.8830908536911011 0.494312584400177
vt 0.8681901693344116 0.7189961373806
vt 0.8016965389251709 0.9566663205623627
vt 0.8715169429779053 0.976570013910532
vt 0.8681901693344116 0.7189961373806
vt 0.8715169429779053 0.976570013910532
vt 0.8837815523147583 0.9833552800118923
vt 0.8804283142089844 0.7155458331108093
vt 0.8715169429779053 0.976570013910532
vt 0.8804283142089844 0.7155458331108093
vt 0.8681901693344116 0.7189961373806
vt 0.46588248014450073 0.46111422777175903
vt 0.46588248014450073 0.013303875923156738
vt 0.018072213977575302 0.013303875923156738
vt 0.46588248014450073 0.46111422777175903
vt 0.018072213977575302 0.013303875923156738
vt 0.018072213977575302 0.46111422777175903
vt 0.7270079255104065 0.4752551317214966
vt 0.7271474599838257 0.9837945625185966
vt 0.7570294737815857 0.9557609967887402
vt 0.7270079255104065 0.4752551317214966
vt 0.7570294737815857 0.9557609967887402
vt 0.757222592830658 0.5092401206493378
vt 0.006039539817720652 0.9832396507263184
vt 0.5031127333641052 0.9861524356529117
vt 0.4711858332157135 0.9534976184368134
vt 0.006039539817720652 0.9832396507263184
vt 0.4711858332157135 0.9534976184368134
vt 0.036509569734334946 0.9527696259319782
vt 0.006155288778245449 0.9834253713488579
vt 0.5025294423103333 0.9853674424812198
vt 0.47141560912132263 0.9539578221738338
vt 0.006155288778245449 0.9834253713488579
vt 0.47141560912132263 0.9539578221738338
vt 0.036588020622730255 0.9527611322700977
vt 0.7570560574531555 0.5093008577823639
vt 0.7570560574531555 0.9561189487576485
vt 0.7817419171333313 0.9528398588299751
vt 0.7570560574531555 0.5093008577823639
vt 0.7817419171333313 0.9528398588299751
vt 0.7817419171333313 0.5060214102268219
vt 0.757222592830658 0.5092401206493378
vt 0.7570294737815857 0.9557609967887402
vt 0.7807375192642212 0.9522859305143356
vt 0.757222592830658 0.5092401206493378
vt 0.7807375192642212 0.9522859305143356
vt 0.7816067934036255 0.5061972439289093
vt 0.036509569734334946 0.9527696259319782
vt 0.4711858332157135 0.9534976184368134
vt 0.4711858332157135 0.9308637157082558
vt 0.036509569734334946 0.9527696259319782
vt 0.4711858332157135 0.9308637157082558
vt 0.036509569734334946 0.9301357269287109
vt 0.036588020622730255 0.9527611322700977
vt 0.47141560912132263 0.9539578221738338
vt 0.4715254008769989 0.9307357296347618
vt 0.036588020622730255 0.9527611322700977
vt 0.4715254008769989 0.9307357296347618
vt 0.03628746420145035 0.9286269024014473
vt 0.5031127333641052 0.9861524356529117
vt 0.50311279296875 0.993380636908114
vt 0.5093722939491272 0.9897663369774818
vt 0.50311279296875 0.993380636908114
vt 0.5031127333641052 0.9861524356529117
vt 0.006039539817720652 0.9832396507263184
vt 0.50311279296875 0.993380636908114
vt 0.006039539817720652 0.9832396507263184
vt 0.006039740983396769 0.9904680550098419
vt 0.5024945139884949 0.9927841681055725
vt 0.5025294423103333 0.9853674424812198
vt 0.006155288778245449 0.9834253713488579
vt 0.5024945139884949 0.9927841681055725
vt 0.006155288778245449 0.9834253713488579
vt 0.006043294910341501 0.9903797022998333
vt 0.7570560574531555 0.9561189487576485
vt 0.7570560574531555 0.5093008577823639
vt 0.7270776629447937 0.4752916097640991
vt 0.7570560574531555 0.9561189487576485
vt 0.7270776629447937 0.4752916097640991
vt 0.7271594405174255 0.9837755095213652
vt 0.8148415088653564 0.4923088550567627
vt 0.8016965389251709 0.9571032971143723
vt 0.8681901693344116 0.7194331288337708
vt 0.8148415088653564 0.4923088550567627
vt 0.8681901693344116 0.7194331288337708
vt 0.8830908536911011 0.4947495460510254
vt 0.8836718201637268 0.4812696576118469
vt 0.8107324838638306 0.4767908453941345
vt 0.8148415088653564 0.4923088550567627
vt 0.8836718201637268 0.4812696576118469
vt 0.8148415088653564 0.4923088550567627
vt 0.8830908536911011 0.4947495460510254
vt 0.7889834642410278 0.9648705571889877
vt 0.8016965389251709 0.9571032971143723
vt 0.8148415088653564 0.4923088550567627
vt 0.7889834642410278 0.9648705571889877
vt 0.8148415088653564 0.4923088550567627
vt 0.8020801544189453 0.48183947801589966
vt 0.7965574860572815 0.9713127482682467
vt 0.8702744841575623 0.9916815049946308
vt 0.8715169429779053 0.9770069904625416
vt 0.7965574860572815 0.9713127482682467
vt 0.8715169429779053 0.9770069904625416
vt 0.8016965389251709 0.9571032971143723
vt 0.8804283142089844 0.7159828245639801
vt 0.8956224918365479 0.48879915475845337
vt 0.8830908536911011 0.4947495460510254
vt 0.8804283142089844 0.7159828245639801
vt 0.8830908536911011 0.4947495460510254
vt 0.8681901693344116 0.7194331288337708
vt 0.8016965389251709 0.9571032971143723
vt 0.8715169429779053 0.9770069904625416
vt 0.8681901693344116 0.7194331288337708
vt 0.8715169429779053 0.9770069904625416
vt 0.8837815523147583 0.9837922565639019
vt 0.8804283142089844 0.7159828245639801
vt 0.8715169429779053 0.9770069904625416
vt 0.8804283142089844 0.7159828245639801
vt 0.8681901693344116 0.7194331288337708
vt 0.9281286001205444 0.4604725241661072
vt 0.9281286001205444 0.012662172317504883
vt 0.48031821846961975 0.012662172317504883
vt 0.9281286001205444 0.4604725241661072
vt 0.48031821846961975 0.012662172317504883
vt 0.48031821846961975 0.4604725241661072
vt 0.9895697832107544 0.5136773884296417
vt 0.9884660243988037 0.005321085453033447
vt 0.9576712250709534 0.03634464740753174
vt 0.9895697832107544 0.5136773884296417
vt 0.9576712250709534 0.03634464740753174
vt 0.9572153091430664 0.4822276830673218
vt 0.7159545421600342 0.9832790400832891
vt 0.7166775465011597 0.47749632596969604
vt 0.6804810762405396 0.5150664150714874
vt 0.7159545421600342 0.9832790400832891
vt 0.6804810762405396 0.5150664150714874
vt 0.6802514791488647 0.9464246481657028
vt 0.5729513764381409 0.4705600142478943
vt 0.572689950466156 0.977979589253664
vt 0.6019566655158997 0.9481318593025208
vt 0.5729513764381409 0.4705600142478943
vt 0.6019566655158997 0.9481318593025208
vt 0.604065477848053 0.5019695162773132
vt 0.9458525776863098 0.5143530368804932
vt 0.9420925378799438 0.9516031555831432
vt 0.9694931507110596 0.9522093236446381
vt 0.9458525776863098 0.5143530368804932
vt 0.9694931507110596 0.9522093236446381
vt 0.9718627333641052 0.5140877068042755
vt 0.9572153091430664 0.4822276830673218
vt 0.9576712250709534 0.03634464740753174
vt 0.9340014457702637 0.03634440898895264
vt 0.9572153091430664 0.4822276830673218
vt 0.9340014457702637 0.03634440898895264
vt 0.9340014457702637 0.4822276830673218
vt 0.6802514791488647 0.9464246481657028
vt 0.6804810762405396 0.5150664150714874
vt 0.6533063650131226 0.514607161283493
vt 0.6802514791488647 0.9464246481657028
vt 0.6533063650131226 0.514607161283493
vt 0.6533063650131226 0.9462440684437752
vt 0.604065477848053 0.5019695162773132
vt 0.6019566655158997 0.9481318593025208
vt 0.6251786351203918 0.948241651058197
vt 0.604065477848053 0.5019695162773132
vt 0.6251786351203918 0.948241651058197
vt 0.6272874474525452 0.5020793676376343
vt 0.572689950466156 0.977979589253664
vt 0.5637616515159607 0.9779974818229675
vt 0.5725691914558411 0.9863356351852417
vt 0.7202349305152893 0.9896235996857285
vt 0.7271474599838257 0.9837945625185966
vt 0.7159545421600342 0.9832790400832891
vt 0.7166775465011597 0.47749632596969604
vt 0.7270079255104065 0.4752551317214966
vt 0.7228052616119385 0.47103333473205566
vt 0.7270079255104065 0.4752551317214966
vt 0.7166775465011597 0.47749632596969604
vt 0.7159545421600342 0.9832790400832891
vt 0.7270079255104065 0.4752551317214966
vt 0.7159545421600342 0.9832790400832891
vt 0.7271474599838257 0.9837945625185966
vt 0.995880126953125 0.005321085453033447
vt 0.9884660243988037 0.005321085453033447
vt 0.9895697832107544 0.5136773884296417
vt 0.995880126953125 0.005321085453033447
vt 0.9895697832107544 0.5136773884296417
vt 0.9964144825935364 0.5136277973651886
vt 0.5637616515159607 0.9779974818229675
vt 0.572689950466156 0.977979589253664
vt 0.5729513764381409 0.4705600142478943
vt 0.5637616515159607 0.9779974818229675
vt 0.5729513764381409 0.4705600142478943
vt 0.5649062395095825 0.47083717584609985
vt 0.9420925378799438 0.9516031555831432
vt 0.9458525776863098 0.5143530368804932
vt 0.9085820913314819 0.47697335481643677
vt 0.9420925378799438 0.9516031555831432
vt 0.9085820913314819 0.47697335481643677
vt 0.9045091271400452 0.9879274964332581
vt 0.8137582540512085 0.4923088550567627
vt 0.800613284111023 0.9571032971143723
vt 0.8671069145202637 0.7194331288337708
vt 0.8137582540512085 0.4923088550567627
vt 0.8671069145202637 0.7194331288337708
vt 0.8820075988769531 0.4947495460510254
vt 0.8825885653495789 0.4812696576118469
vt 0.8096492290496826 0.4767908453941345
vt 0.8137582540512085 0.4923088550567627
vt 0.8825885653495789 0.4812696576118469
vt 0.8137582540512085 0.4923088550567627
vt 0.8820075988769531 0.4947495460510254
vt 0.7879002094268799 0.9648705571889877
vt 0.800613284111023 0.9571032971143723
vt 0.8137582540512085 0.4923088550567627
vt 0.7879002094268799 0.9648705571889877
vt 0.8137582540512085 0.4923088550567627
vt 0.8022348880767822 0.4821208715438843
vt 0.7964557409286499 0.971416063606739
vt 0.8691912293434143 0.9916815049946308
vt 0.8704336881637573 0.9770069904625416
vt 0.7964557409286499 0.971416063606739
vt 0.8704336881637573 0.9770069904625416
vt 0.800613284111023 0.9571032971143723
vt 0.8803523778915405 0.7157813608646393
vt 0.8945392370223999 0.48879915475845337
vt 0.8820075988769531 0.4947495460510254
vt 0.8803523778915405 0.7157813608646393
vt 0.8820075988769531 0.4947495460510254
vt 0.8671069145202637 0.7194331288337708
vt 0.800613284111023 0.9571032971143723
vt 0.8704336881637573 0.9770069904625416
vt 0.8671069145202637 0.7194331288337708
vt 0.8704336881637573 0.9770069904625416
vt 0.883731484413147 0.98355383425951
vt 0.8803523778915405 0.7157813608646393
vt 0.8704336881637573 0.9770069904625416
vt 0.8803523778915405 0.7157813608646393
vt 0.8671069145202637 0.7194331288337708
vt 0.46782904863357544 0.9172209054231644
vt 0.46782904863357544 0.4694105386734009
vt 0.020018737763166428 0.4694105386734009
vt 0.46782904863357544 0.9172209054231644
vt 0.020018737763166428 0.4694105386734009
vt 0.020018737763166428 0.9172209054231644
vt 0.8979210257530212 0.9904055474326015
vt 0.9045107364654541 0.987938828766346
vt 0.9086471199989319 0.4769436717033386
vt 0.8979210257530212 0.9904055474326015
vt 0.9086471199989319 0.4769436717033386
vt 0.9008660912513733 0.47433894872665405
vt 0.5637616515159607 0.9779974818229675
vt 0.5649062395095825 0.47083717584609985
vt 0.5341737270355225 0.5004279613494873
vt 0.5637616515159607 0.9779974818229675
vt 0.5341737270355225 0.5004279613494873
vt 0.5332608819007874 0.9455963373184204
vt 0.7161810398101807 0.9835161380469799
vt 0.7165619730949402 0.47775381803512573
vt 0.6808220148086548 0.5149435698986053
vt 0.7161810398101807 0.9835161380469799
vt 0.6808220148086548 0.5149435698986053
vt 0.6803106069564819 0.9463856443762779
vt 0.006155288778245449 0.9834253713488579
vt 0.5025294423103333 0.9853674424812198
vt 0.47141560912132263 0.9539578221738338
vt 0.006155288778245449 0.9834253713488579
vt 0.47141560912132263 0.9539578221738338
vt 0.036588020622730255 0.9527611322700977
vt 0.9457610249519348 0.5141990482807159
vt 0.9421301484107971 0.9516107141971588
vt 0.9694594740867615 0.952176570892334
vt 0.9457610249519348 0.5141990482807159
vt 0.9694594740867615 0.952176570892334
vt 0.9718629717826843 0.514129638671875
vt 0.5332608819007874 0.9455963373184204
vt 0.5341737270355225 0.5004279613494873
vt 0.5100468993186951 0.5006559491157532
vt 0.5332608819007874 0.9455963373184204
vt 0.5100468993186951 0.5006559491157532
vt 0.5100468993186951 0.9455963373184204
vt 0.6803106069564819 0.9463856443762779
vt 0.6808220148086548 0.5149435698986053
vt 0.6533394455909729 0.5145120322704315
vt 0.6803106069564819 0.9463856443762779
vt 0.6533394455909729 0.5145120322704315
vt 0.6531270742416382 0.9457652270793915
vt 0.036588020622730255 0.9527611322700977
vt 0.47141560912132263 0.9539578221738338
vt 0.4715254008769989 0.9307357296347618
vt 0.036588020622730255 0.9527611322700977
vt 0.4715254008769989 0.9307357296347618
vt 0.03628746420145035 0.9286269024014473
vt 0.5025294423103333 0.9853674424812198
vt 0.5024945139884949 0.9927841681055725
vt 0.5090890526771545 0.9947773478925228
vt 0.7165619730949402 0.47775381803512573
vt 0.7270776629447937 0.4752916097640991
vt 0.7229975461959839 0.4710625410079956
vt 0.7270776629447937 0.4752916097640991
vt 0.7165619730949402 0.47775381803512573
vt 0.7161810398101807 0.9835161380469799
vt 0.7270776629447937 0.4752916097640991
vt 0.7161810398101807 0.9835161380469799
vt 0.7271594405174255 0.9837755095213652
vt 0.5024945139884949 0.9927841681055725
vt 0.5025294423103333 0.9853674424812198
vt 0.006155288778245449 0.9834253713488579
vt 0.5024945139884949 0.9927841681055725
vt 0.006155288778245449 0.9834253713488579
vt 0.006043294910341501 0.9903797022998333
vt 0.9421301484107971 0.9516107141971588
vt 0.9457610249519348 0.5141990482807159
vt 0.9086471199989319 0.4769436717033386
vt 0.9421301484107971 0.9516107141971588
vt 0.9086471199989319 0.4769436717033386
vt 0.9045107364654541 0.987938828766346
vt 0.8148415088653564 0.4918718934059143
vt 0.8016965389251709 0.9566663205623627
vt 0.8681901693344116 0.7189961373806
vt 0.8148415088653564 0.4918718934059143
vt 0.8681901693344116 0.7189961373806
vt 0.8830908536911011 0.494312584400177
vt 0.8836718201637268 0.48083269596099854
vt 0.8107324838638306 0.47635388374328613
vt 0.8148415088653564 0.4918718934059143
vt 0.8836718201637268 0.48083269596099854
vt 0.8148415088653564 0.4918718934059143
vt 0.8830908536911011 0.494312584400177
vt 0.7889834642410278 0.9644335806369781
vt 0.8016965389251709 0.9566663205623627
vt 0.8148415088653564 0.4918718934059143
vt 0.7889834642410278 0.9644335806369781
vt 0.8148415088653564 0.4918718934059143
vt 0.8020801544189453 0.48140251636505127
vt 0.7964025139808655 0.9711857195943594
vt 0.8702744841575623 0.9912445275112987
vt 0.8715169429779053 0.976570013910532
vt 0.7964025139808655 0.9711857195943594
vt 0.8715169429779053 0.976570013910532
vt 0.8016965389251709 0.9566663205623627
vt 0.8804283142089844 0.7155458331108093
vt 0.8956224918365479 0.488362193107605
vt 0.8830908536911011 0.494312584400177
vt 0.8804283142089844 0.7155458331108093
vt 0.8830908536911011 0.494312584400177
vt 0.8681901693344116 0.7189961373806
vt 0.8016965389251709 0.9566663205623627
vt 0.8715169429779053 0.976570013910532
vt 0.8681901693344116 0.7189961373806
vt 0.8715169429779053 0.976570013910532
vt 0.8837815523147583 0.9833552800118923
vt 0.8804283142089844 0.7155458331108093
vt 0.8715169429779053 0.976570013910532
vt 0.8804283142089844 0.7155458331108093
vt 0.8681901693344116 0.7189961373806
vn 1.0430812735773789e-7 2.0861625782409167e-7 0.9999999999999729
vn 1.0430812735773789e-7 2.0861625782409167e-7 0.9999999999999729
vn 1.0430812735773789e-7 2.0861625782409167e-7 0.9999999999999729
vn 1.0430812735773789e-7 2.0861625782409167e-7 0.9999999999999729
vn 1.0430812735773789e-7 2.0861625782409167e-7 0.9999999999999729
vn 1.0430812735773789e-7 2.0861625782409167e-7 0.9999999999999729
vn 0.31187042949606214 -0.3294410241879244 0.8911820503061949
vn 0.3115139452222038 0.34015267523677145 0.8872740385367789
vn 0.0008505848232257565 0.00041604010329459614 0.999999551707945
vn 0.31187042949606214 -0.3294410241879244 0.8911820503061949
vn 0.0008505848232257565 0.00041604010329459614 0.999999551707945
vn 0.00027143362304864703 -0.009607503855834719 0.9999538100299676
vn 0.3115139452222038 0.34015267523677145 0.8872740385367789
vn -0.34066493339437354 0.36009784470102446 0.8684911890152277
vn -0.0076360099961953615 -0.00016233964730689817 0.9999708320732044
vn 0.3115139452222038 0.34015267523677145 0.8872740385367789
vn -0.0076360099961953615 -0.00016233964730689817 0.9999708320732044
vn 0.0008505848232257565 0.00041604010329459614 0.999999551707945
vn -0.34066493339437354 0.36009784470102446 0.8684911890152277
vn -0.31186627838651476 -0.3137995532567827 0.8968106069740636
vn -0.008216976546269114 -0.010141778863728442 0.9999148091802208
vn -0.34066493339437354 0.36009784470102446 0.8684911890152277
vn -0.008216976546269114 -0.010141778863728442 0.9999148091802208
vn -0.0076360099961953615 -0.00016233964730689817 0.9999708320732044
vn -5.9604638558143394e-8 0.9999999999999732 -2.235174206832762e-7
vn -5.9604638558143394e-8 0.9999999999999732 -2.235174206832762e-7
vn -5.9604638558143394e-8 0.9999999999999732 -2.235174206832762e-7
vn -5.9604638558143394e-8 0.9999999999999732 -2.235174206832762e-7
vn -5.9604638558143394e-8 0.9999999999999732 -2.235174206832762e-7
vn -5.9604638558143394e-8 0.9999999999999732 -2.235174206832762e-7
vn -0.9999999999999931 -7.450578809464932e-8 8.940697160397718e-8
vn -0.9999999999999931 -7.450578809464932e-8 8.940697160397718e-8
vn -0.9999999999999931 -7.450578809464932e-8 8.940697160397718e-8
vn -0.9999999999999931 -7.450578809464932e-8 8.940697160397718e-8
vn -0.9999999999999931 -7.450578809464932e-8 8.940697160397718e-8
vn -0.9999999999999931 -7.450578809464932e-8 8.940697160397718e-8
vn 5.9604638558143394e-8 -0.9999999999999732 2.235174206832762e-7
vn 5.9604638558143394e-8 -0.9999999999999732 2.235174206832762e-7
vn 5.9604638558143394e-8 -0.9999999999999732 2.235174206832762e-7
vn 5.9604638558143394e-8 -0.9999999999999732 2.235174206832762e-7
vn 5.9604638558143394e-8 -0.9999999999999732 2.235174206832762e-7
vn 5.9604638558143394e-8 -0.9999999999999732 2.235174206832762e-7
vn 0.9999999999999931 7.450578809464932e-8 -8.940697160397718e-8
vn 0.9999999999999931 7.450578809464932e-8 -8.940697160397718e-8
vn 0.9999999999999931 7.450578809464932e-8 -8.940697160397718e-8
vn 0.9999999999999931 7.450578809464932e-8 -8.940697160397718e-8
vn 0.9999999999999931 7.450578809464932e-8 -8.940697160397718e-8
vn 0.9999999999999931 7.450578809464932e-8 -8.940697160397718e-8
vn 0.00027143362304864703 -0.009607503855834719 0.9999538100299676
vn -0.008216976546269114 -0.010141778863728442 0.9999148091802208
vn -0.31186627838651476 -0.3137995532567827 0.8968106069740636
vn 0.00027143362304864703 -0.009607503855834719 0.9999538100299676
vn -0.31186627838651476 -0.3137995532567827 0.8968106069740636
vn 0.31187042949606214 -0.3294410241879244 0.8911820503061949
vn 0.008522854077890104 -0.008523619866973232 0.9999273517924842
vn 0.00807126029271566 -0.007348659670227077 0.9999404242045314
vn 0.008476574808173138 -0.008403208586473341 0.9999287643452276
vn 0.008522854077890104 -0.008523619866973232 0.9999273517924842
vn 0.008476574808173138 -0.008403208586473341 0.9999287643452276
vn 0.008522854077890104 -0.008523619866973232 0.9999273517924842
vn 0.5140103795830746 0.6494688635450072 0.5603423283729514
vn 0.5140103795830746 0.6494688635450072 0.5603423283729514
vn 0.5140103795830746 0.6494688635450072 0.5603423283729514
vn 0.5140103795830746 0.6494688635450072 0.5603423283729514
vn 0.5140103795830746 0.6494688635450072 0.5603423283729514
vn 0.5140103577416949 0.6494689013736403 0.5603423045628196
vn -0.6846305660637865 0.6649393184939939 0.29855768409458566
vn -0.6846305660637865 0.6649393184939939 0.29855768409458566
vn -0.6846305660637865 0.6649393184939939 0.29855768409458566
vn -0.6846305660637865 0.6649393184939939 0.29855768409458566
vn -0.6846305660637865 0.6649393184939939 0.29855768409458566
vn -0.684630595758946 0.6649392821050581 0.29855769704423996
vn -0.6477427930110249 -0.5660065275405357 0.5099665527108436
vn -0.6477428173530927 -0.5660064824162775 0.5099665718752849
vn -0.6477427410504621 -0.5660065319895786 0.5099666137714941
vn -0.6477427930110249 -0.5660065275405357 0.5099665527108436
vn -0.6477427410504621 -0.5660065319895786 0.5099666137714941
vn -0.6477428173530927 -0.5660064824162775 0.5099665718752849
vn 0.7105109142704341 -0.7016578878671541 0.0533895972675963
vn 0.6878548584021881 -0.7242606520303283 0.04798126397990557
vn 0.6878548582879865 -0.7242606519100814 0.04798126743217706
vn 0.7105109142704341 -0.7016578878671541 0.0533895972675963
vn 0.6878548582879865 -0.7242606519100814 0.04798126743217706
vn 0.7211140893419354 -0.6905523007779759 0.055964185358091306
vn 0.00807126029271566 -0.007348659670227077 0.9999404242045314
vn 0.008001227069483313 -0.007166448499916029 0.9999423095265451
vn 0.008476574808173138 -0.008403208586473341 0.9999287643452276
vn 0.7429431175647385 -0.6665362204889695 0.061359521180228825
vn 0.7429431175647385 -0.6665362204889695 0.061359521180228825
vn 0.7105109142704341 -0.7016578878671541 0.0533895972675963
vn 0.7429431175647385 -0.6665362204889695 0.061359521180228825
vn 0.7105109142704341 -0.7016578878671541 0.0533895972675963
vn 0.7211140893419354 -0.6905523007779759 0.055964185358091306
vn 0.999999999999996 -1.5512149969521234e-9 -8.940695580967486e-8
vn 0.999999999999996 -1.5512149969521234e-9 -8.940695580967486e-8
vn 0.999999999999996 -1.5512149969521234e-9 -8.940695580967486e-8
vn 0.999999999999996 -1.5512149969521234e-9 -8.940695580967486e-8
vn 0.999999999999996 -1.5512149969521234e-9 -8.940695580967486e-8
vn 0.999999999999996 -1.5512149969521234e-9 -8.940695580967486e-8
vn 0.8674840683099084 0.3605434877287239 -0.3427532416840102
vn 0.8545935578959435 0.35789649824473563 0.3762711088389709
vn 0.9999999999999694 -7.317632419726021e-8 -2.3723133849728896e-7
vn 0.8674840683099084 0.3605434877287239 -0.3427532416840102
vn 0.9999999999999694 -7.317632419726021e-8 -2.3723133849728896e-7
vn 0.9999999999999678 -7.283210431838053e-8 -2.4290310351582217e-7
vn 0.8545935578959435 0.35789649824473563 0.3762711088389709
vn 0.8549513116245818 -0.3626010457665467 0.37091607724714976
vn 0.9999999999999691 -7.680602544447836e-8 -2.3624395334837313e-7
vn 0.8545935578959435 0.35789649824473563 0.3762711088389709
vn 0.9999999999999691 -7.680602544447836e-8 -2.3624395334837313e-7
vn 0.9999999999999694 -7.317632419726021e-8 -2.3723133849728896e-7
vn 0.8549513116245818 -0.3626010457665467 0.37091607724714976
vn 0.8664611938335895 -0.37344789793017513 -0.3313331663326267
vn 0.9999999999999678 -7.608072152880415e-8 -2.4255875958962e-7
vn 0.8549513116245818 -0.3626010457665467 0.37091607724714976
vn 0.9999999999999678 -7.608072152880415e-8 -2.4255875958962e-7
vn 0.9999999999999691 -7.680602544447836e-8 -2.3624395334837313e-7
vn 1.0430813189108791e-7 1.3255925019913906e-7 0.9999999999999859
vn 1.0430813189108791e-7 1.3255925019913906e-7 0.9999999999999859
vn 1.0430813189108791e-7 1.3255925019913906e-7 0.9999999999999859
vn 1.0430813189108791e-7 1.3255925019913906e-7 0.9999999999999859
vn 1.0430813189108791e-7 1.3255925019913906e-7 0.9999999999999859
vn 1.0430813189108791e-7 1.3255925019913906e-7 0.9999999999999859
vn 5.9604638558143394e-8 -0.9999999999999732 2.235174206832762e-7
vn 5.9604638558143394e-8 -0.9999999999999732 2.235174206832762e-7
vn 5.9604638558143394e-8 -0.9999999999999732 2.235174206832762e-7
vn 5.9604638558143394e-8 -0.9999999999999732 2.235174206832762e-7
vn 5.9604638558143394e-8 -0.9999999999999732 2.235174206832762e-7
vn 5.9604638558143394e-8 -0.9999999999999732 2.235174206832762e-7
vn -1.0430812735773789e-7 -2.0861625782409167e-7 -0.9999999999999729
vn -1.0430812735773789e-7 -2.0861625782409167e-7 -0.9999999999999729
vn -1.0430812735773789e-7 -2.0861625782409167e-7 -0.9999999999999729
vn -1.0430812735773789e-7 -2.0861625782409167e-7 -0.9999999999999729
vn -1.0430812735773789e-7 -2.0861625782409167e-7 -0.9999999999999729
vn -1.0430812735773789e-7 -2.0861625782409167e-7 -0.9999999999999729
vn -5.9604635250863593e-8 0.9999999999999799 -1.9181059321345138e-7
vn -5.9604635250863593e-8 0.9999999999999799 -1.9181059321345138e-7
vn -5.9604635250863593e-8 0.9999999999999799 -1.9181059321345138e-7
vn -5.9604635250863593e-8 0.9999999999999799 -1.9181059321345138e-7
vn -5.9604635250863593e-8 0.9999999999999799 -1.9181059321345138e-7
vn -5.9604635250863593e-8 0.9999999999999799 -1.9181059321345138e-7
vn 0.8549513116245818 -0.3626010457665467 0.37091607724714976
vn 0.31187042949606214 -0.3294410241879244 0.8911820503061949
vn 0.3161745615497301 -0.8801640800735393 0.35404073039289735
vn 0.31187042949606214 -0.3294410241879244 0.8911820503061949
vn 0.8549513116245818 -0.3626010457665467 0.37091607724714976
vn 0.8545935578959435 0.35789649824473563 0.3762711088389709
vn 0.31187042949606214 -0.3294410241879244 0.8911820503061949
vn 0.8545935578959435 0.35789649824473563 0.3762711088389709
vn 0.3115139452222038 0.34015267523677145 0.8872740385367789
vn 0.3143391504458523 -0.8871462726956605 -0.3378792526024299
vn 0.8664611938335895 -0.37344789793017513 -0.3313331663326267
vn 0.8549513116245818 -0.3626010457665467 0.37091607724714976
vn 0.3143391504458523 -0.8871462726956605 -0.3378792526024299
vn 0.8549513116245818 -0.3626010457665467 0.37091607724714976
vn 0.3161745615497301 -0.8801640800735393 0.35404073039289735
vn 0.9999999999999678 -7.283210431838053e-8 -2.4290310351582217e-7
vn 0.9999999999999678 -7.608072152880415e-8 -2.4255875958962e-7
vn 0.8664611938335895 -0.37344789793017513 -0.3313331663326267
vn 0.9999999999999678 -7.283210431838053e-8 -2.4290310351582217e-7
vn 0.8664611938335895 -0.37344789793017513 -0.3313331663326267
vn 0.8674840683099084 0.3605434877287239 -0.3427532416840102
vn 0.9999273483900364 0.00852285542225094 -0.008524017663168007
vn 0.9999401844546408 0.008079952920245489 -0.007371694081102674
vn 0.9999286910035098 0.008478880673244933 -0.008409607038153423
vn 0.9999273483900364 0.00852285542225094 -0.008524017663168007
vn 0.9999286910035098 0.008478880673244933 -0.008409607038153423
vn 0.9999273483979744 0.008522855422318792 -0.00852401673192203
vn 0.5603425005393422 0.5140106013755578 0.649468539471201
vn 0.5603424707260262 0.5140105933175897 0.6494685715705973
vn 0.5603424707260262 0.5140105933175897 0.6494685715705973
vn 0.5603425005393422 0.5140106013755578 0.649468539471201
vn 0.5603424707260262 0.5140105933175897 0.6494685715705973
vn 0.5603424610881028 0.5140106179390423 0.6494685603996946
vn 0.2985588710406847 -0.6846302682887492 0.6649390921473839
vn 0.298558873237677 -0.6846302083536068 0.6649391528709568
vn 0.29855888538399517 -0.6846302371666455 0.664939117750948
vn 0.2985588710406847 -0.6846302682887492 0.6649390921473839
vn 0.29855888538399517 -0.6846302371666455 0.664939117750948
vn 0.2985588986646514 -0.6846302026476581 0.66493914732912
vn 0.5099662686895036 -0.6477430170732748 -0.5660065270221857
vn 0.5099662686895036 -0.6477430170732748 -0.5660065270221857
vn 0.5099662686895036 -0.6477430170732748 -0.5660065270221857
vn 0.5099662686895036 -0.6477430170732748 -0.5660065270221857
vn 0.5099662686895036 -0.6477430170732748 -0.5660065270221857
vn 0.5099662686895036 -0.6477430170732748 -0.5660065270221857
vn 0.05338915357251143 0.7105155585655155 -0.7016532187036159
vn 0.04797931547993896 0.6878547709067838 -0.7242608642104394
vn 0.0479793141437438 0.6878547368130212 -0.724260896678942
vn 0.05338915357251143 0.7105155585655155 -0.7016532187036159
vn 0.0479793141437438 0.6878547368130212 -0.724260896678942
vn 0.0561154815151643 0.7217391841180077 -0.6898866594180482
vn 0.9999401844546408 0.008079952920245489 -0.007371694081102674
vn 0.9999423054837236 0.008001264899396017 -0.007166970343548541
vn 0.9999286910035098 0.008478880673244933 -0.008409607038153423
vn 0.061358478767831105 0.7429429823095528 -0.6665364672096232
vn 0.06135848102265653 0.7429430096114545 -0.6665364365704746
vn 0.05338915357251143 0.7105155585655155 -0.7016532187036159
vn 0.061358478767831105 0.7429429823095528 -0.6665364672096232
vn 0.05338915357251143 0.7105155585655155 -0.7016532187036159
vn 0.0561154815151643 0.7217391841180077 -0.6898866594180482
vn 5.960463525086391e-8 -0.9999999999999799 1.9181059626625235e-7
vn 5.960463525086391e-8 -0.9999999999999799 1.9181059626625235e-7
vn 5.960463525086391e-8 -0.9999999999999799 1.9181059626625235e-7
vn 5.960463525086391e-8 -0.9999999999999799 1.9181059626625235e-7
vn 5.960463525086391e-8 -0.9999999999999799 1.9181059626625235e-7
vn 5.960463525086391e-8 -0.9999999999999799 1.9181059626625235e-7
vn 0.3143391504458523 -0.8871462726956605 -0.3378792526024299
vn 0.3161745615497301 -0.8801640800735393 0.35404073039289735
vn 5.96046290959311e-8 -0.9999999999999791 1.948502640907812e-7
vn 0.3143391504458523 -0.8871462726956605 -0.3378792526024299
vn 5.96046290959311e-8 -0.9999999999999791 1.948502640907812e-7
vn 5.960462909593005e-8 -0.9999999999999791 1.9485026103798024e-7
vn 0.3161745615497301 -0.8801640800735393 0.35404073039289735
vn -0.30804527905773915 -0.8746899984050509 0.3741998299577538
vn 5.960464205572103e-8 -0.9999999999999791 1.9483670049605114e-7
vn 0.3161745615497301 -0.8801640800735393 0.35404073039289735
vn 5.960464205572103e-8 -0.9999999999999791 1.9483670049605114e-7
vn 5.96046290959311e-8 -0.9999999999999791 1.948502640907812e-7
vn -0.30804527905773915 -0.8746899984050509 0.3741998299577538
vn -0.31361751876785593 -0.8871802285815897 -0.33846018072413186
vn 5.9604642055721535e-8 -0.9999999999999791 1.9483669133764822e-7
vn -0.30804527905773915 -0.8746899984050509 0.3741998299577538
vn 5.9604642055721535e-8 -0.9999999999999791 1.9483669133764822e-7
vn 5.960464205572103e-8 -0.9999999999999791 1.9483670049605114e-7
vn 1.0430812735773789e-7 2.0861625782409167e-7 0.9999999999999729
vn 1.0430812735773789e-7 2.0861625782409167e-7 0.9999999999999729
vn 1.0430812735773789e-7 2.0861625782409167e-7 0.9999999999999729
vn 1.0430812735773789e-7 2.0861625782409167e-7 0.9999999999999729
vn 1.0430812735773789e-7 2.0861625782409167e-7 0.9999999999999729
vn 1.0430812735773789e-7 2.0861625782409167e-7 0.9999999999999729
vn -0.9999999999999931 -7.450578809464932e-8 8.940697160397718e-8
vn -0.9999999999999931 -7.450578809464932e-8 8.940697160397718e-8
vn -0.9999999999999931 -7.450578809464932e-8 8.940697160397718e-8
vn -0.9999999999999931 -7.450578809464932e-8 8.940697160397718e-8
vn -0.9999999999999931 -7.450578809464932e-8 8.940697160397718e-8
vn -0.9999999999999931 -7.450578809464932e-8 8.940697160397718e-8
vn -1.0430812735773789e-7 -2.0861625782409167e-7 -0.9999999999999729
vn -1.0430812735773789e-7 -2.0861625782409167e-7 -0.9999999999999729
vn -1.0430812735773789e-7 -2.0861625782409167e-7 -0.9999999999999729
vn -1.0430812735773789e-7 -2.0861625782409167e-7 -0.9999999999999729
vn -1.0430812735773789e-7 -2.0861625782409167e-7 -0.9999999999999729
vn -1.0430812735773789e-7 -2.0861625782409167e-7 -0.9999999999999729
vn 0.9999999999999931 7.450578809464932e-8 -8.940697160397718e-8
vn 0.9999999999999931 7.450578809464932e-8 -8.940697160397718e-8
vn 0.9999999999999931 7.450578809464932e-8 -8.940697160397718e-8
vn 0.9999999999999931 7.450578809464932e-8 -8.940697160397718e-8
vn 0.9999999999999931 7.450578809464932e-8 -8.940697160397718e-8
vn 0.9999999999999931 7.450578809464932e-8 -8.940697160397718e-8
vn -0.30804527905773915 -0.8746899984050509 0.3741998299577538
vn -0.31186627838651476 -0.3137995532567827 0.8968106069740636
vn -0.8590073647783472 -0.3557322144584439 0.3681860112131516
vn -0.31186627838651476 -0.3137995532567827 0.8968106069740636
vn -0.30804527905773915 -0.8746899984050509 0.3741998299577538
vn 0.3161745615497301 -0.8801640800735393 0.35404073039289735
vn -0.31186627838651476 -0.3137995532567827 0.8968106069740636
vn 0.3161745615497301 -0.8801640800735393 0.35404073039289735
vn 0.31187042949606214 -0.3294410241879244 0.8911820503061949
vn -0.8661640949258298 -0.374785531539689 -0.33059879916574236
vn -0.31361751876785593 -0.8871802285815897 -0.33846018072413186
vn -0.30804527905773915 -0.8746899984050509 0.3741998299577538
vn -0.8661640949258298 -0.374785531539689 -0.33059879916574236
vn -0.30804527905773915 -0.8746899984050509 0.3741998299577538
vn -0.8590073647783472 -0.3557322144584439 0.3681860112131516
vn 5.960462909593005e-8 -0.9999999999999791 1.9485026103798024e-7
vn 5.9604642055721535e-8 -0.9999999999999791 1.9483669133764822e-7
vn -0.31361751876785593 -0.8871802285815897 -0.33846018072413186
vn 5.960462909593005e-8 -0.9999999999999791 1.9485026103798024e-7
vn -0.31361751876785593 -0.8871802285815897 -0.33846018072413186
vn 0.3143391504458523 -0.8871462726956605 -0.3378792526024299
vn 0.008522966198389605 -0.999927348688601 -0.008523871876436682
vn 0.008075925892234673 -0.9999402978261819 -0.007360720363517452
vn 0.008477376285724337 -0.9999287403966856 -0.008405249550610111
vn 0.008522966198389605 -0.999927348688601 -0.008523871876436682
vn 0.008477376285724337 -0.9999287403966856 -0.008405249550610111
vn 0.008522966198389605 -0.999927348688601 -0.008523871876436682
vn 0.5140103884107244 -0.5603423604312079 0.6494688288996159
vn 0.5140103884107244 -0.5603423604312079 0.6494688288996159
vn 0.5140103884107244 -0.5603423604312079 0.6494688288996159
vn 0.5140103884107244 -0.5603423604312079 0.6494688288996159
vn 0.5140103884107244 -0.5603423604312079 0.6494688288996159
vn 0.5140103884107244 -0.5603423604312079 0.6494688288996159
vn -0.6846303372821034 -0.29855830841221703 0.6649392737318416
vn -0.6846303174721392 -0.29855826549752235 0.6649393133971764
vn -0.6846303442881564 -0.2985582771916439 0.6649392805363796
vn -0.6846303372821034 -0.29855830841221703 0.6649392737318416
vn -0.6846303442881564 -0.2985582771916439 0.6649392805363796
vn -0.6846303442881564 -0.2985582771916439 0.6649392805363796
vn -0.6477430314409188 -0.5099661898863612 -0.5660065815805648
vn -0.6477430414770725 -0.5099662312697205 -0.5660065328091093
vn -0.6477430414770725 -0.5099662312697205 -0.5660065328091093
vn -0.6477430314409188 -0.5099661898863612 -0.5660065815805648
vn -0.6477430414770725 -0.5099662312697205 -0.5660065328091093
vn -0.6477430314409188 -0.5099661898863612 -0.5660065815805648
vn 0.7116009659188339 -0.05365246691942248 -0.7005322819805256
vn 0.6878547089987267 -0.0479807396063315 -0.7242608286626487
vn 0.6878547389700755 -0.04798073302890348 -0.7242608006335963
vn 0.7116009659188339 -0.05365246691942248 -0.7005322819805256
vn 0.6878547389700755 -0.04798073302890348 -0.7242608006335963
vn 0.7203562583320843 -0.055778726112616334 -0.6913577907242047
vn 0.008075925892234673 -0.9999402978261819 -0.007360720363517452
vn 0.008001236967432292 -0.9999423098536345 -0.007166391809609462
vn 0.008477376285724337 -0.9999287403966856 -0.008405249550610111
vn 0.7429429952668745 -0.06135903923385743 -0.6665364011726465
vn 0.7429429952668745 -0.06135903923385743 -0.6665364011726465
vn 0.7116009659188339 -0.05365246691942248 -0.7005322819805256
vn 0.7429429952668745 -0.06135903923385743 -0.6665364011726465
vn 0.7116009659188339 -0.05365246691942248 -0.7005322819805256
vn 0.7203562583320843 -0.055778726112616334 -0.6913577907242047
vn 5.750168707843227e-9 0.9999999999999872 -1.6010377769240266e-7
vn 5.750168707843227e-9 0.9999999999999872 -1.6010377769240266e-7
vn 5.750168707843227e-9 0.9999999999999872 -1.6010377769240266e-7
vn 5.750168707843227e-9 0.9999999999999872 -1.6010377769240266e-7
vn 5.750168707843227e-9 0.9999999999999872 -1.6010377769240266e-7
vn 5.750168707843227e-9 0.9999999999999872 -1.6010377769240266e-7
vn -0.30341137414958247 0.8987802008508614 -0.31644223579533065
vn -0.31730387553879547 0.8914684659329863 0.32342267207966174
vn -0.0008250476974020534 0.9999995673157114 0.0004297262932405087
vn -0.30341137414958247 0.8987802008508614 -0.31644223579533065
vn -0.0008250476974020534 0.9999995673157114 0.0004297262932405087
vn -0.0008086915004205246 0.9999991467628823 -0.0010259101153035908
vn -0.31730387553879547 0.8914684659329863 0.32342267207966174
vn 0.31445057099110924 0.8867284936258972 0.33887079690541755
vn 0.0003155988086533295 0.9999998665989499 0.0004089003231854174
vn -0.31730387553879547 0.8914684659329863 0.32342267207966174
vn 0.0003155988086533295 0.9999998665989499 0.0004089003231854174
vn -0.0008250476974020534 0.9999995673157114 0.0004297262932405087
vn 0.31445057099110924 0.8867284936258972 0.33887079690541755
vn 0.31995157736967456 0.8932840783126356 -0.31571275484497363
vn 0.0003338614384011355 0.9999994013053315 -0.0010420775011251878
vn 0.31445057099110924 0.8867284936258972 0.33887079690541755
vn 0.0003338614384011355 0.9999994013053315 -0.0010420775011251878
vn 0.0003155988086533295 0.9999998665989499 0.0004089003231854174
vn 1.0430812735773789e-7 2.0861625782409167e-7 0.9999999999999729
vn 1.0430812735773789e-7 2.0861625782409167e-7 0.9999999999999729
vn 1.0430812735773789e-7 2.0861625782409167e-7 0.9999999999999729
vn 1.0430812735773789e-7 2.0861625782409167e-7 0.9999999999999729
vn 1.0430812735773789e-7 2.0861625782409167e-7 0.9999999999999729
vn 1.0430812735773789e-7 2.0861625782409167e-7 0.9999999999999729
vn 0.9999999999999931 7.450578809464932e-8 -8.940697160397718e-8
vn 0.9999999999999931 7.450578809464932e-8 -8.940697160397718e-8
vn 0.9999999999999931 7.450578809464932e-8 -8.940697160397718e-8
vn 0.9999999999999931 7.450578809464932e-8 -8.940697160397718e-8
vn 0.9999999999999931 7.450578809464932e-8 -8.940697160397718e-8
vn 0.9999999999999931 7.450578809464932e-8 -8.940697160397718e-8
vn -1.0430812735773789e-7 -2.0861625782409167e-7 -0.9999999999999729
vn -1.0430812735773789e-7 -2.0861625782409167e-7 -0.9999999999999729
vn -1.0430812735773789e-7 -2.0861625782409167e-7 -0.9999999999999729
vn -1.0430812735773789e-7 -2.0861625782409167e-7 -0.9999999999999729
vn -1.0430812735773789e-7 -2.0861625782409167e-7 -0.9999999999999729
vn -1.0430812735773789e-7 -2.0861625782409167e-7 -0.9999999999999729
vn -0.9999999999999931 -7.450578809464932e-8 8.940697160397718e-8
vn -0.9999999999999931 -7.450578809464932e-8 8.940697160397718e-8
vn -0.9999999999999931 -7.450578809464932e-8 8.940697160397718e-8
vn -0.9999999999999931 -7.450578809464932e-8 8.940697160397718e-8
vn -0.9999999999999931 -7.450578809464932e-8 8.940697160397718e-8
vn -0.9999999999999931 -7.450578809464932e-8 8.940697160397718e-8
vn 0.31445057099110924 0.8867284936258972 0.33887079690541755
vn 0.3115139452222038 0.34015267523677145 0.8872740385367789
vn 0.8545935578959435 0.35789649824473563 0.3762711088389709
vn 0.3115139452222038 0.34015267523677145 0.8872740385367789
vn 0.31445057099110924 0.8867284936258972 0.33887079690541755
vn -0.31730387553879547 0.8914684659329863 0.32342267207966174
vn 0.3115139452222038 0.34015267523677145 0.8872740385367789
vn -0.31730387553879547 0.8914684659329863 0.32342267207966174
vn -0.34066493339437354 0.36009784470102446 0.8684911890152277
vn 0.8674840683099084 0.3605434877287239 -0.3427532416840102
vn 0.31995157736967456 0.8932840783126356 -0.31571275484497363
vn 0.31445057099110924 0.8867284936258972 0.33887079690541755
vn 0.8674840683099084 0.3605434877287239 -0.3427532416840102
vn 0.31445057099110924 0.8867284936258972 0.33887079690541755
vn 0.8545935578959435 0.35789649824473563 0.3762711088389709
vn -0.0008086915004205246 0.9999991467628823 -0.0010259101153035908
vn 0.0003338614384011355 0.9999994013053315 -0.0010420775011251878
vn 0.31995157736967456 0.8932840783126356 -0.31571275484497363
vn -0.0008086915004205246 0.9999991467628823 -0.0010259101153035908
vn 0.31995157736967456 0.8932840783126356 -0.31571275484497363
vn -0.30341137414958247 0.8987802008508614 -0.31644223579533065
vn -0.00852284874401149 0.9999273464446724 -0.008524252542165607
vn -0.008075740505789714 0.9999402981025692 -0.007360886212132523
vn -0.008477251605932021 0.9999287384353717 -0.008405608619022457
vn -0.00852284874401149 0.9999273464446724 -0.008524252542165607
vn -0.008477251605932021 0.9999287384353717 -0.008405608619022457
vn -0.00852284794383356 0.9999273464583143 -0.008524251741987897
vn -0.5140102602602974 0.5603422364770239 0.6494690372658796
vn -0.5140102602602974 0.5603422364770239 0.6494690372658796
vn -0.5140102602602974 0.5603422364770239 0.6494690372658796
vn -0.5140102602602974 0.5603422364770239 0.6494690372658796
vn -0.5140102602602974 0.5603422364770239 0.6494690372658796
vn -0.5140102831365683 0.560342265619148 0.6494689940179323
vn 0.6846305382951673 0.29855827884259023 0.6649390800428407
vn 0.6846305453012147 0.29855824762201333 0.6649390868473848
vn 0.6846305382951673 0.29855827884259023 0.6649390800428407
vn 0.6846305382951673 0.29855827884259023 0.6649390800428407
vn 0.6846305382951673 0.29855827884259023 0.6649390800428407
vn 0.6846305453012147 0.29855824762201333 0.6649390868473848
vn 0.647742924904272 0.5099659962985147 -0.566006877922629
vn 0.6477429148681086 0.5099659549151354 -0.5660069266940647
vn 0.6477429148681086 0.5099659549151354 -0.5660069266940647
vn 0.647742924904272 0.5099659962985147 -0.566006877922629
vn 0.6477429148681086 0.5099659549151354 -0.5660069266940647
vn 0.6477428804457097 0.5099660400803524 -0.5660068893544135
vn -0.7116011036705028 0.053652095995477614 -0.7005321704605822
vn -0.6878549173970273 0.04798022056104942 -0.7242606651252308
vn -0.6878549175400653 0.04798021623700603 -0.7242606652758385
vn -0.7116011036705028 0.053652095995477614 -0.7005321704605822
vn -0.6878549175400653 0.04798021623700603 -0.7242606652758385
vn -0.7203563335757717 0.05577841525967204 -0.6913577374040092
vn -0.008075740505789714 0.9999402981025692 -0.007360886212132523
vn -0.00800104242036192 0.9999423104765508 -0.0071665220996587975
vn -0.008477251605932021 0.9999287384353717 -0.008405608619022457
vn -0.7429430605253242 0.06135888562161801 -0.6665363425744596
vn -0.7429430603277904 0.06135888993849481 -0.6665363423972416
vn -0.7116011036705028 0.053652095995477614 -0.7005321704605822
vn -0.7429430605253242 0.06135888562161801 -0.6665363425744596
vn -0.7116011036705028 0.053652095995477614 -0.7005321704605822
vn -0.7203563335757717 0.05577841525967204 -0.6913577374040092
vn -0.9999999999999991 -3.760680775064555e-8 1.3349968968657594e-8
vn -0.9999999999999991 -3.760680361615748e-8 1.3349961863229735e-8
vn -0.9999999999999991 -3.760680775064555e-8 1.3349968968657594e-8
vn -0.9999999999999991 -3.760680775064555e-8 1.3349968968657594e-8
vn -0.9999999999999991 -3.760680775064555e-8 1.3349968968657594e-8
vn -0.9999999999999991 -3.760680775064555e-8 1.3349968968657594e-8
vn -0.8590073647783472 -0.3557322144584439 0.3681860112131516
vn -0.8628392896570041 0.3919962951176321 0.31913518270201224
vn -0.9999999999999605 -5.685428626818925e-8 2.752018880242044e-7
vn -0.8590073647783472 -0.3557322144584439 0.3681860112131516
vn -0.9999999999999605 -5.685428626818925e-8 2.752018880242044e-7
vn -0.9999999999999047 -3.264221461485916e-7 2.8977347361664933e-7
vn -0.8628392896570041 0.3919962951176321 0.31913518270201224
vn -0.8585302180447618 0.3880106753028515 -0.33522168867040664
vn -0.9999999999999978 -4.002303003933121e-8 5.4326586497250686e-8
vn -0.8628392896570041 0.3919962951176321 0.31913518270201224
vn -0.9999999999999978 -4.002303003933121e-8 5.4326586497250686e-8
vn -0.9999999999999605 -5.685428626818925e-8 2.752018880242044e-7
vn -0.8585302180447618 0.3880106753028515 -0.33522168867040664
vn -0.8661640949258298 -0.374785531539689 -0.33059879916574236
vn -0.9999999999999507 -3.058584312760298e-7 7.203521902319034e-8
vn -0.8585302180447618 0.3880106753028515 -0.33522168867040664
vn -0.9999999999999507 -3.058584312760298e-7 7.203521902319034e-8
vn -0.9999999999999978 -4.002303003933121e-8 5.4326586497250686e-8
vn 4.260732637206917e-7 0.9999999999998842 -2.2351742716703412e-7
vn 4.260732148758732e-7 0.9999999999998842 -2.2351742716702975e-7
vn 4.260732637206917e-7 0.9999999999998842 -2.2351742716703412e-7
vn 4.260732637206917e-7 0.9999999999998842 -2.2351742716703412e-7
vn 4.260732637206917e-7 0.9999999999998842 -2.2351742716703412e-7
vn 4.260732148758732e-7 0.9999999999998842 -2.2351742716702975e-7
vn 0.2945157988283287 -5.235386755018994e-8 -0.9556466105420501
vn 0.29451582604561166 -5.235386487022086e-8 -0.9556466021540957
vn 0.29451582604561166 -5.235386487022086e-8 -0.9556466021540957
vn 0.2945157988283287 -5.235386755018994e-8 -0.9556466105420501
vn 0.29451582604561166 -5.235386487022086e-8 -0.9556466021540957
vn 0.2945157988283287 -5.235386755018994e-8 -0.9556466105420501
vn -8.916105003557586e-7 -0.99999999999959 1.581626357052664e-7
vn -8.916105003557586e-7 -0.99999999999959 1.581626357052664e-7
vn -8.916105003557586e-7 -0.99999999999959 1.581626357052664e-7
vn -8.916105003557586e-7 -0.99999999999959 1.581626357052664e-7
vn -8.916105003557586e-7 -0.99999999999959 1.581626357052664e-7
vn -8.916105003557586e-7 -0.99999999999959 1.581626357052664e-7
vn -0.2945157988283377 1.5815417052733114e-7 0.9556466105420356
vn -0.2945157988283377 1.5815416846008622e-7 0.9556466105420356
vn -0.2945158260456207 1.581541648514806e-7 0.9556466021540811
vn -0.2945157988283377 1.5815417052733114e-7 0.9556466105420356
vn -0.2945158260456207 1.581541648514806e-7 0.9556466021540811
vn -0.2945157988283377 1.5815417052733114e-7 0.9556466105420356
vn -0.8661640949258298 -0.374785531539689 -0.33059879916574236
vn -0.33688742382351927 -0.354893249195131 -0.8720995616013547
vn -0.31361751876785593 -0.8871802285815897 -0.33846018072413186
vn -0.34066493339437354 0.36009784470102446 0.8684911890152277
vn -0.31730387553879547 0.8914684659329863 0.32342267207966174
vn -0.8628392896570041 0.3919962951176321 0.31913518270201224
vn -0.8585302180447618 0.3880106753028515 -0.33522168867040664
vn -0.30341137414958247 0.8987802008508614 -0.31644223579533065
vn -0.3340378821249346 0.37633036018689103 -0.864172525198003
vn -0.30341137414958247 0.8987802008508614 -0.31644223579533065
vn -0.8585302180447618 0.3880106753028515 -0.33522168867040664
vn -0.8628392896570041 0.3919962951176321 0.31913518270201224
vn -0.30341137414958247 0.8987802008508614 -0.31644223579533065
vn -0.8628392896570041 0.3919962951176321 0.31913518270201224
vn -0.31730387553879547 0.8914684659329863 0.32342267207966174
vn -0.34066493339437354 0.36009784470102446 0.8684911890152277
vn -0.8628392896570041 0.3919962951176321 0.31913518270201224
vn -0.8590073647783472 -0.3557322144584439 0.3681860112131516
vn -0.34066493339437354 0.36009784470102446 0.8684911890152277
vn -0.8590073647783472 -0.3557322144584439 0.3681860112131516
vn -0.31186627838651476 -0.3137995532567827 0.8968106069740636
vn -0.33688742382351927 -0.354893249195131 -0.8720995616013547
vn -0.8661640949258298 -0.374785531539689 -0.33059879916574236
vn -0.8585302180447618 0.3880106753028515 -0.33522168867040664
vn -0.33688742382351927 -0.354893249195131 -0.8720995616013547
vn -0.8585302180447618 0.3880106753028515 -0.33522168867040664
vn -0.3340378821249346 0.37633036018689103 -0.864172525198003
vn -0.9999999999999047 -3.264221461485916e-7 2.8977347361664933e-7
vn -0.9999999999999507 -3.058584312760298e-7 7.203521902319034e-8
vn -0.8661640949258298 -0.374785531539689 -0.33059879916574236
vn -0.9999999999999047 -3.264221461485916e-7 2.8977347361664933e-7
vn -0.8661640949258298 -0.374785531539689 -0.33059879916574236
vn -0.8590073647783472 -0.3557322144584439 0.3681860112131516
vn -0.9999273485812443 -0.008523940329233405 0.008522910333117034
vn -0.9999404201828024 -0.007349104357055399 0.008071353652852187
vn -0.9999287610604344 -0.0084035398999138 0.008476633842235654
vn -0.9999273485812443 -0.008523940329233405 0.008522910333117034
vn -0.9999287610604344 -0.0084035398999138 0.008476633842235654
vn -0.9999273485766254 -0.00852394087110468 0.008522910333077786
vn -0.5603416634138213 0.6494691301309102 0.5140107676397747
vn -0.5603417019814698 0.6494691096711906 0.5140107514473026
vn -0.5603417019814698 0.6494691096711906 0.5140107514473026
vn -0.5603416634138213 0.6494691301309102 0.5140107676397747
vn -0.5603417019814698 0.6494691096711906 0.5140107514473026
vn -0.5603416796063057 0.6494691488989388 0.5140107262737541
vn -0.29855912095337694 0.6649388505194724 -0.6846303939830524
vn -0.29855912095337694 0.6649388505194724 -0.6846303939830524
vn -0.29855912095337694 0.6649388505194724 -0.6846303939830524
vn -0.29855912095337694 0.6649388505194724 -0.6846303939830524
vn -0.29855912095337694 0.6649388505194724 -0.6846303939830524
vn -0.29855913241040494 0.6649388760361284 -0.6846303642040399
vn -0.509966438229053 -0.5660066987447644 -0.6477427335416639
vn -0.5099663960142496 -0.5660067152125294 -0.6477427523875199
vn -0.5099664151787027 -0.5660066700882743 -0.6477427767295955
vn -0.509966438229053 -0.5660066987447644 -0.6477427335416639
vn -0.5099664151787027 -0.5660066700882743 -0.6477427767295955
vn -0.5099664151787027 -0.5660066700882743 -0.6477427767295955
vn -0.053388394876815244 -0.7016578287057328 0.7105110630443653
vn -0.04797988576096346 -0.7242605660796348 0.6878550450381037
vn -0.04797988576096346 -0.7242605660796348 0.6878550450381037
vn -0.053388394876815244 -0.7016578287057328 0.7105110630443653
vn -0.04797988576096346 -0.7242605660796348 0.6878550450381037
vn -0.055963068643458166 -0.690552211522624 0.7211142614795665
vn -0.9999404201828024 -0.007349104357055399 0.008071353652852187
vn -0.99994230540044 -0.0071669127156288506 0.008001326926199218
vn -0.9999287610604344 -0.0084035398999138 0.008476633842235654
vn -0.06135858658751299 -0.6665361814372645 0.7429432297874535
vn -0.06135858658751299 -0.6665361814372645 0.7429432297874535
vn -0.053388394876815244 -0.7016578287057328 0.7105110630443653
vn -0.06135858658751299 -0.6665361814372645 0.7429432297874535
vn -0.053388394876815244 -0.7016578287057328 0.7105110630443653
vn -0.055963068643458166 -0.690552211522624 0.7211142614795665
vn -1.0430812835132569e-7 -1.717172676829901e-7 -0.9999999999999798
vn -1.0430812835132569e-7 -1.717172676829901e-7 -0.9999999999999798
vn -1.0430812835132569e-7 -1.717172676829901e-7 -0.9999999999999798
vn -1.0430812835132569e-7 -1.717172676829901e-7 -0.9999999999999798
vn -1.0430812835132569e-7 -1.717172676829901e-7 -0.9999999999999798
vn -1.043081283513258e-7 -1.717172676829901e-7 -0.9999999999999798
vn -0.31361751876785593 -0.8871802285815897 -0.33846018072413186
vn -0.33688742382351927 -0.354893249195131 -0.8720995616013547
vn 0.3361838033989279 -0.3559962649330102 -0.8719215043144523
vn -0.31361751876785593 -0.8871802285815897 -0.33846018072413186
vn 0.3361838033989279 -0.3559962649330102 -0.8719215043144523
vn 0.3143391504458523 -0.8871462726956605 -0.3378792526024299
vn -0.33688742382351927 -0.354893249195131 -0.8720995616013547
vn -0.3340378821249346 0.37633036018689103 -0.864172525198003
vn -2.1713751925707008e-7 6.343023525662573e-8 -0.9999999999999744
vn -0.33688742382351927 -0.354893249195131 -0.8720995616013547
vn -2.1713751925707008e-7 6.343023525662573e-8 -0.9999999999999744
vn -2.1713751776629775e-7 -1.999995445171141e-7 -0.9999999999999565
vn -0.3340378821249346 0.37633036018689103 -0.864172525198003
vn 0.33232100647138846 0.37940201517331157 -0.8634910882807499
vn 8.820278257183138e-9 6.331245220846617e-8 -0.9999999999999978
vn -0.3340378821249346 0.37633036018689103 -0.864172525198003
vn 8.820278257183138e-9 6.331245220846617e-8 -0.9999999999999978
vn -2.1713751925707008e-7 6.343023525662573e-8 -0.9999999999999744
vn 0.33232100647138846 0.37940201517331157 -0.8634910882807499
vn 0.3361838033989279 -0.3559962649330102 -0.8719215043144523
vn 8.820301056989448e-9 -1.9999554771870763e-7 -0.99999999999998
vn 0.33232100647138846 0.37940201517331157 -0.8634910882807499
vn 8.820301056989448e-9 -1.9999554771870763e-7 -0.99999999999998
vn 8.820278257183138e-9 6.331245220846617e-8 -0.9999999999999978
vn 5.750162093284271e-9 0.999999999999975 -2.2351742652645026e-7
vn 5.750162093284271e-9 0.999999999999975 -2.2351742652645026e-7
vn 5.750162093284271e-9 0.999999999999975 -2.2351742652645026e-7
vn 5.750162093284271e-9 0.999999999999975 -2.2351742652645026e-7
vn 5.750162093284271e-9 0.999999999999975 -2.2351742652645026e-7
vn 5.750162093284271e-9 0.999999999999975 -2.2351742652645026e-7
vn 0.999999999999996 7.078039421700833e-10 -8.940695510884197e-8
vn 0.999999999999996 7.078039421700833e-10 -8.940695510884197e-8
vn 0.999999999999996 7.078039421700833e-10 -8.940695510884197e-8
vn 0.999999999999996 7.078039421700833e-10 -8.940695510884197e-8
vn 0.999999999999996 7.078039421700833e-10 -8.940695510884197e-8
vn 0.999999999999996 7.078039421700833e-10 -8.940695510884197e-8
vn 5.9604638558143394e-8 -0.9999999999999732 2.235174206832762e-7
vn 5.9604638558143394e-8 -0.9999999999999732 2.235174206832762e-7
vn 5.9604638558143394e-8 -0.9999999999999732 2.235174206832762e-7
vn 5.9604638558143394e-8 -0.9999999999999732 2.235174206832762e-7
vn 5.9604638558143394e-8 -0.9999999999999732 2.235174206832762e-7
vn 5.9604638558143394e-8 -0.9999999999999732 2.235174206832762e-7
vn -0.999999999999996 -7.078204801282986e-10 8.940695510884566e-8
vn -0.999999999999996 -7.078204801282986e-10 8.940695510884566e-8
vn -0.999999999999996 -7.078204801282986e-10 8.940695510884566e-8
vn -0.999999999999996 -7.078204801282986e-10 8.940695510884566e-8
vn -0.999999999999996 -7.078204801282986e-10 8.940695510884566e-8
vn -0.999999999999996 -7.078204801282986e-10 8.940695510884566e-8
vn 0.3361838033989279 -0.3559962649330102 -0.8719215043144523
vn 0.8664611938335895 -0.37344789793017513 -0.3313331663326267
vn 0.3143391504458523 -0.8871462726956605 -0.3378792526024299
vn 0.33232100647138846 0.37940201517331157 -0.8634910882807499
vn 0.31995157736967456 0.8932840783126356 -0.31571275484497363
vn 0.8674840683099084 0.3605434877287239 -0.3427532416840102
vn 0.31995157736967456 0.8932840783126356 -0.31571275484497363
vn 0.33232100647138846 0.37940201517331157 -0.8634910882807499
vn -0.3340378821249346 0.37633036018689103 -0.864172525198003
vn 0.31995157736967456 0.8932840783126356 -0.31571275484497363
vn -0.3340378821249346 0.37633036018689103 -0.864172525198003
vn -0.30341137414958247 0.8987802008508614 -0.31644223579533065
vn 0.8664611938335895 -0.37344789793017513 -0.3313331663326267
vn 0.3361838033989279 -0.3559962649330102 -0.8719215043144523
vn 0.33232100647138846 0.37940201517331157 -0.8634910882807499
vn 0.8664611938335895 -0.37344789793017513 -0.3313331663326267
vn 0.33232100647138846 0.37940201517331157 -0.8634910882807499
vn 0.8674840683099084 0.3605434877287239 -0.3427532416840102
vn -2.1713751776629775e-7 -1.999995445171141e-7 -0.9999999999999565
vn 8.820301056989448e-9 -1.9999554771870763e-7 -0.99999999999998
vn 0.3361838033989279 -0.3559962649330102 -0.8719215043144523
vn -2.1713751776629775e-7 -1.999995445171141e-7 -0.9999999999999565
vn 0.3361838033989279 -0.3559962649330102 -0.8719215043144523
vn -0.33688742382351927 -0.354893249195131 -0.8720995616013547
vn -0.008523057918595407 -0.008524306010867976 -0.9999273442059425
vn -0.008071368377193355 -0.007349046104639975 -0.9999404204920769
vn -0.008476769353558233 -0.008403863296965965 -0.9999287571937375
vn -0.008523057918595407 -0.008524306010867976 -0.9999273442059425
vn -0.008476769353558233 -0.008403863296965965 -0.9999287571937375
vn -0.008523058849802102 -0.008524306552671685 -0.9999273441933862
vn -0.5140104809641717 0.649468708673082 -0.5603424148799553
vn -0.5140105189980352 0.6494686913041843 -0.5603424001224615
vn -0.5140104614395076 0.6494686896124635 -0.5603424548825601
vn -0.5140104809641717 0.649468708673082 -0.5603424148799553
vn -0.5140104614395076 0.6494686896124635 -0.5603424548825601
vn -0.5140104809641717 0.649468708673082 -0.5603424148799553
vn 0.6846304009248927 0.6649390604999451 -0.298558637374421
vn 0.6846303471792409 0.6649391279693002 -0.29855861035424597
vn 0.6846304066533998 0.6649390660636918 -0.2985586118468961
vn 0.6846304009248927 0.6649390604999451 -0.298558637374421
vn 0.6846304066533998 0.6649390660636918 -0.2985586118468961
vn 0.6846304066533998 0.6649390660636918 -0.2985586118468961
vn 0.6477428731337789 -0.5660066548472222 -0.5099663096451126
vn 0.6477428974758411 -0.566006609722967 -0.509966328809574
vn 0.6477428211732157 -0.5660066592962986 -0.5099663707057623
vn 0.6477428731337789 -0.5660066548472222 -0.5099663096451126
vn 0.6477428211732157 -0.5660066592962986 -0.5099663707057623
vn 0.6477428974758411 -0.566006609722967 -0.509966328809574
vn -0.7105109642560171 -0.701657908612947 -0.05338865940338272
vn -0.6878549098785455 -0.7242606742090175 -0.04798019122802454
vn -0.6878549098785455 -0.7242606742090175 -0.04798019122802454
vn -0.7105109642560171 -0.701657908612947 -0.05338865940338272
vn -0.6878549098785455 -0.7242606742090175 -0.04798019122802454
vn -0.7211141645818351 -0.6905522924783275 -0.055963318275170926
vn -0.008071368377193355 -0.007349046104639975 -0.9999404204920769
vn -0.008001320278287595 -0.007166788323519233 -0.9999423063451862
vn -0.008476769353558233 -0.008403863296965965 -0.9999287571937375
vn -0.7429431049223469 -0.6665363012601702 -0.06135879684897825
vn -0.7429431049223469 -0.6665363012601702 -0.06135879684897825
vn -0.7105109642560171 -0.701657908612947 -0.05338865940338272
vn -0.7429431049223469 -0.6665363012601702 -0.06135879684897825
vn -0.7105109642560171 -0.701657908612947 -0.05338865940338272
vn -0.7211141645818351 -0.6905522924783275 -0.055963318275170926
f 1/1/1 2/2/2 3/3/3
f 4/4/4 5/5/5 6/6/6
f 7/7/7 8/8/8 9/9/9
f 10/10/10 11/11/11 12/12/12
f 13/13/13 14/14/14 15/15/15
f 16/16/16 17/17/17 18/18/18
f 19/19/19 20/20/20 21/21/21
f 22/22/22 23/23/23 24/24/24
f 25/25/25 26/26/26 27/27/27
f 28/28/28 29/29/29 30/30/30
f 31/31/31 32/32/32 33/33/33
f 34/34/34 35/35/35 36/36/36
f 37/37/37 38/38/38 39/39/39
f 40/40/40 41/41/41 42/42/42
f 43/43/43 44/44/44 45/45/45
f 46/46/46 47/47/47 48/48/48
f 49/49/49 50/50/50 51/51/51
f 52/52/52 53/53/53 54/54/54
f 55/55/55 56/56/56 57/57/57
f 58/58/58 59/59/59 60/60/60
f 61/61/61 62/62/62 63/63/63
f 64/64/64 65/65/65 66/66/66
f 67/67/67 68/68/68 69/69/69
f 70/70/70 71/71/71 72/72/72
f 73/73/73 74/74/74 75/75/75
f 76/76/76 77/77/77 78/78/78
f 79/79/79 80/80/80 81/81/81
f 82/82/82 83/83/83 84/84/84
f 85/85/85 86/86/86 87/87/87
f 88/88/88 89/89/89 90/90/90
f 91/91/91 92/92/92 93/93/93
f 94/94/94 95/95/95 96/96/96
f 97/97/97 98/98/98 99/99/99
f 100/100/100 101/101/101 102/102/102
f 103/103/103 104/104/104 105/105/105
f 106/106/106 107/107/107 108/108/108
f 109/109/109 110/110/110 111/111/111
f 112/112/112 113/113/113 114/114/114
f 115/115/115 116/116/116 117/117/117
f 118/118/118 119/119/119 120/120/120
f 121/121/121 122/122/122 123/123/123
f 124/124/124 125/125/125 126/126/126
f 127/127/127 128/128/128 129/129/129
f 130/130/130 131/131/131 132/132/132
f 133/133/133 134/134/134 135/135/135
f 136/136/136 137/137/137 138/138/138
f 139/139/139 140/140/140 141/141/141
f 142/142/142 143/143/143 144/144/144
f 145/145/145 146/146/146 147/147/147
f 148/148/148 149/149/149 150/150/150
f 151/151/151 152/152/152 153/153/153
f 154/154/154 155/155/155 156/156/156
f 157/157/157 158/158/158 159/159/159
f 160/160/160 161/161/161 162/162/162
f 163/163/163 164/164/164 165/165/165
f 166/166/166 167/167/167 168/168/168
f 169/169/169 170/170/170 171/171/171
f 172/172/172 173/173/173 174/174/174
f 175/175/175 176/176/176 177/177/177
f 178/178/178 179/179/179 180/180/180
f 181/181/181 182/182/182 183/183/183
f 184/184/184 185/185/185 186/186/186
f 187/187/187 188/188/188 189/189/189
f 190/190/190 191/191/191 192/192/192
f 193/193/193 194/194/194 195/195/195
f 196/196/196 197/197/197 198/198/198
f 199/199/199 200/200/200 201/201/201
f 202/202/202 203/203/203 204/204/204
f 205/205/205 206/206/206 207/207/207
f 208/208/208 209/209/209 210/210/210
f 211/211/211 212/212/212 213/213/213
f 214/214/214 215/215/215 216/216/216
f 217/217/217 218/218/218 219/219/219
f 220/220/220 221/221/221 222/222/222
f 223/223/223 224/224/224 225/225/225
f 226/226/226 227/227/227 228/228/228
f 229/229/229 230/230/230 231/231/231
f 232/232/232 233/233/233 234/234/234
f 235/235/235 236/236/236 237/237/237
f 238/238/238 239/239/239 240/240/240
f 241/241/241 242/242/242 243/243/243
f 244/244/244 245/245/245 246/246/246
f 247/247/247 248/248/248 249/249/249
f 250/250/250 251/251/251 252/252/252
f 253/253/253 254/254/254 255/255/255
f 256/256/256 257/257/257 258/258/258
f 259/259/259 260/260/260 261/261/261
f 262/262/262 263/263/263 264/264/264
f 265/265/265 266/266/266 267/267/267
f 268/268/268 269/269/269 270/270/270
f 271/271/271 272/272/272 273/273/273
f 274/274/274 275/275/275 276/276/276
f 277/277/277 278/278/278 279/279/279
f 280/280/280 281/281/281 282/282/282
f 283/283/283 284/284/284 285/285/285
f 286/286/286 287/287/287 288/288/288
f 289/289/289 290/290/290 291/291/291
f 292/292/292 293/293/293 294/294/294
f 295/295/295 296/296/296 297/297/297
f 298/298/298 299/299/299 300/300/300
f 301/301/301 302/302/302 303/303/303
f 304/304/304 305/305/305 306/306/306
f 307/307/307 308/308/308 309/309/309
f 310/310/310 311/311/311 312/312/312
f 313/313/313 314/314/314 315/315/315
f 316/316/316 317/317/317 318/318/318
f 319/319/319 320/320/320 321/321/321
f 322/322/322 323/323/323 324/324/324
f 325/325/325 326/326/326 327/327/327
f 328/328/328 329/329/329 330/330/330
f 331/331/331 332/332/332 333/333/333
f 334/334/334 335/335/335 336/336/336
f 337/337/337 338/338/338 339/339/339
f 340/340/340 341/341/341 342/342/342
f 343/343/343 344/344/344 345/345/345
f 346/346/346 347/347/347 348/348/348
f 349/349/349 350/350/350 351/351/351
f 352/352/352 353/353/353 354/354/354
f 355/355/355 356/356/356 357/357/357
f 358/358/358 359/359/359 360/360/360
f 361/361/361 362/362/362 363/363/363
f 364/364/364 365/365/365 366/366/366
f 367/367/367 368/368/368 369/369/369
f 370/370/370 371/371/371 372/372/372
f 373/373/373 374/374/374 375/375/375
f 376/376/376 377/377/377 378/378/378
f 379/379/379 380/380/380 381/381/381
f 382/382/382 383/383/383 384/384/384
f 385/385/385 386/386/386 387/387/387
f 388/388/388 389/389/389 390/390/390
f 391/391/391 392/392/392 393/393/393
f 394/394/394 395/395/395 396/396/396
f 397/397/397 398/398/398 399/399/399
f 400/400/400 401/401/401 402/402/402
f 403/403/403 404/404/404 405/405/405
f 406/406/406 407/407/407 408/408/408
f 409/409/409 410/410/410 411/411/411
f 412/412/412 413/413/413 414/414/414
f 415/415/415 416/416/416 417/417/417
f 418/418/418 419/419/419 420/420/420
f 421/421/421 422/422/422 423/423/423
f 424/424/424 425/425/425 426/426/426
f 427/427/427 428/428/428 429/429/429
f 430/430/430 431/431/431 432/432/432
f 433/433/433 434/434/434 435/435/435
f 436/436/436 437/437/437 438/438/438
f 439/439/439 440/440/440 441/441/441
f 442/442/442 443/443/443 444/444/444
f 445/445/445 446/446/446 447/447/447
f 448/448/448 449/449/449 450/450/450
f 451/451/451 452/452/452 453/453/453
f 454/454/454 455/455/455 456/456/456
f 457/457/457 458/458/458 459/459/459
f 460/460/460 461/461/461 462/462/462
f 463/463/463 464/464/464 465/465/465
f 466/466/466 467/467/467 468/468/468
f 469/469/469 470/470/470 471/471/471
f 472/472/472 473/473/473 474/474/474
f 475/475/475 476/476/476 477/477/477
f 478/478/478 479/479/479 480/480/480
f 481/481/481 482/482/482 483/483/483
f 484/484/484 485/485/485 486/486/486
f 487/487/487 488/488/488 489/489/489
f 490/490/490 491/491/491 492/492/492
f 493/493/493 494/494/494 495/495/495
f 496/496/496 497/497/497 498/498/498
f 499/499/499 500/500/500 501/501/501
f 502/502/502 503/503/503 504/504/504
f 505/505/505 506/506/506 507/507/507
f 508/508/508 509/509/509 510/510/510
f 511/511/511 512/512/512 513/513/513
f 514/514/514 515/515/515 516/516/516
f 517/517/517 518/518/518 519/519/519
f 520/520/520 521/521/521 522/522/522
f 523/523/523 524/524/524 525/525/525
f 526/526/526 527/527/527 528/528/528
f 529/529/529 530/530/530 531/531/531
f 532/532/532 533/533/533 534/534/534
f 535/535/535 536/536/536 537/537/537
f 538/538/538 539/539/539 540/540/540
f 541/541/541 542/542/542 543/543/543
f 544/544/544 545/545/545 546/546/546
f 547/547/547 548/548/548 549/549/549
f 550/550/550 551/551/551 552/552/552
f 553/553/553 554/554/554 555/555/555
f 556/556/556 557/557/557 558/558/558
f 559/559/559 560/560/560 561/561/561
f 562/562/562 563/563/563 564/564/564
f 565/565/565 566/566/566 567/567/567
f 568/568/568 569/569/569 570/570/570
f 571/571/571 572/572/572 573/573/573
f 574/574/574 575/575/575 576/576/576
f 577/577/577 578/578/578 579/579/579
f 580/580/580 581/581/581 582/582/582
f 583/583/583 584/584/584 585/585/585
f 586/586/586 587/587/587 588/588/588
f 589/589/589 590/590/590 591/591/591
f 592/592/592 593/593/593 594/594/594
f 595/595/595 596/596/596 597/597/597
f 598/598/598 599/599/599 600/600/600
f 601/601/601 602/602/602 603/603/603
f 604/604/604 605/605/605 606/606/606
f 607/607/607 608/608/608 609/609/609
f 610/610/610 611/611/611 612/612/612
f 613/613/613 614/614/614 615/615/615
f 616/616/616 617/617/617 618/618/618
f 619/619/619 620/620/620 621/621/621
f 622/622/622 623/623/623 624/624/624
f 625/625/625 626/626/626 627/627/627
f 628/628/628 629/629/629 630/630/630
f 631/631/631 632/632/632 633/633/633
f 634/634/634 635/635/635 636/636/636
f 637/637/637 638/638/638 639/639/639
f 640/640/640 641/641/641 642/642/642
f 643/643/643 644/644/644 645/645/645
f 646/646/646 647/647/647 648/648/648
f 649/649/649 650/650/650 651/651/651
f 652/652/652 653/653/653 654/654/654
