# File generated by ImageToStl.com - Free Image and 3D model conversion tools

mtllib rock.mtl

# Plane004_0
o obj1
v 471.61841393 -233.27850636 -398.56596961
v 542.93556213 -227.02945311 -356.03626844
v 536.77721024 -244.76016968 -378.64254302
v 496.83971405 -250.88362137 -404.83055796
v 616.95203781 -304.04065365 -336.22715288
v 603.97129059 -317.00614723 -367.85597405
v 655.33275604 -352.89814454 -291.53284045
v 653.12242508 -380.61135497 -334.52211378
v 609.69495773 -385.89605737 -405.35539062
v 579.3823719 -359.22274375 -425.87274421
v 590.99054337 -329.97164082 -399.48479522
v 628.55195999 -398.00180274 -370.57250214
v 522.06096649 -268.48892711 -411.09509862
v 530.61881065 -262.49079089 -401.24879375
v 606.56151772 -440.65579506 -239.79551766
v 577.18138695 -463.68894511 -288.59974936
v 624.57146645 -422.35307951 -308.47425732
v 639.95161057 -403.16600369 -266.25795949
v 653.12242508 -380.61135497 -334.52211378
v 655.33275604 -352.89814454 -291.53284045
v 540.7599926 -469.10143929 -355.94350802
v 582.79833794 -430.9019249 -391.02139605
v 609.19127464 -441.53986922 -350.69050748
v 569.63477135 -470.63856733 -330.0135561
v 609.69495773 -385.89605737 -405.35539062
v 628.55195999 -398.00180274 -370.57250214
v 406.91833496 -429.68168975 -336.67535934
v 423.58632088 -375.36863546 -393.93886173
v 482.85589218 -397.37991719 -404.15170871
v 473.83918762 -449.39156452 -346.30946944
v 512.87117004 -414.299506 -402.72462771
v 491.45340919 -454.51479875 -348.95899043
v 539.91928101 -458.90504345 -379.55963288
v 542.88654327 -431.21921402 -401.29749902
v 347.16317654 -403.15161394 -332.13487256
v 349.12335873 -360.8137497 -371.14330612
v 516.4077282 -463.01365812 -348.73070326
v 539.91928101 -458.90504345 -379.55963288
v 540.7599926 -469.10143929 -355.94350802
v 542.88654327 -431.21921402 -401.29749902
v 350.07517338 -335.90501782 -380.29484045
v 424.53813553 -350.45971285 -403.09037221
v 346.29194736 -251.57484249 -392.4352236
v 376.55687332 -245.30176408 -395.52920637
v 423.69456291 -294.23231437 -399.61323713
v 347.16761112 -293.8681043 -388.28544597
v 492.57411957 -372.75080276 -414.1569484
v 422.30334282 -235.81985795 -400.20600292
v 471.61841393 -233.27850636 -398.56596961
v 506.89921379 -313.50884132 -420.25227207
v 543.14074516 -336.36593559 -423.06250814
v 523.78220558 -394.61264199 -413.750012
v 554.9902916 -416.47445737 -413.34302793
v 579.3823719 -359.22274375 -425.87274421
v 496.83971405 -250.88362137 -404.83055796
v 400.25873184 -193.33853309 -340.52023122
v 480.04560471 -192.76833004 -333.33210189
v 422.30334282 -235.81985795 -400.20600292
v 357.4303627 -206.13263551 -347.77432898
v 376.55687332 -245.30176408 -395.52920637
v 381.66351318 -153.10900782 -254.51660046
v 459.28411484 -161.38461583 -277.60321849
v 469.66485977 -177.0765683 -305.46764827
v 390.96107483 -173.2239135 -297.51836816
v 331.83248043 -176.1528318 -259.04128066
v 357.88240433 -179.73541173 -302.00545244
v 503.1235218 -175.85109224 -277.43377205
v 508.66675377 -184.64378128 -293.25372549
v 538.91282082 -184.64263084 -256.21594759
v 544.96388435 -195.07239779 -275.62333744
v 579.88233566 -196.74312681 -195.72834147
v 587.35060692 -213.53046072 -242.23526814
v 627.31757164 -272.38398147 -180.01327845
v 639.71438408 -280.33715697 -232.42423735
v 620.32227516 -251.26210731 -236.68397148
v 613.11650276 -239.98900211 -192.44783783
v 616.5494442 -275.37262468 -294.38712879
v 607.58256912 -256.78112497 -292.05780614
v 594.81887817 -230.31752045 -288.74214712
v 553.76358032 -202.98254555 -296.65285618
v 514.20998573 -193.43656569 -309.07365508
v 593.29977036 -435.92975569 -172.70026257
v 602.39181519 -439.98287711 -206.92799076
v 621.15097046 -394.34748799 -214.02681602
v 601.38030052 -393.4719109 -160.67584303
v 575.21409988 -231.92045973 -310.16465223
v 599.72925186 -274.28086338 -325.47269167
v 618.44902039 -338.63344544 -167.90076938
v 632.3785305 -347.7995044 -223.19447096
v 639.71438408 -280.33715697 -232.42423735
v 627.31757164 -272.38398147 -180.01327845
v 554.9902916 -416.47445737 -413.34302793
v 522.06096649 -268.48892711 -411.09509862
v 579.3823719 -359.22274375 -425.87274421
v 609.19127464 -441.53986922 -350.69050748
v 628.55195999 -398.00180274 -370.57250214
v 569.63477135 -470.63856733 -330.0135561
v 628.15594673 -365.30581717 -219.74662551
v 612.02960014 -359.25770113 -165.183581
v 395.83582878 -134.20831695 -191.16492469
v 452.78978348 -148.50008082 -194.61667503
v 471.63219452 -141.10136771 -118.55144586
v 511.75317764 -159.01194799 -145.60797008
v 551.97343826 -180.09788102 -165.02267764
v 446.77505493 -136.56721842 -117.7593724
v 423.48070145 -178.32679374 -50.19049719
v 442.98148155 -185.08996509 -45.26812697
v 447.35894203 -151.35431478 -84.74169292
v 418.21041107 -145.50123413 -85.32934799
v 466.64428711 -195.40700487 -47.03602289
v 471.61884308 -158.77990932 -86.02166569
v 471.63219452 -141.10136771 -118.55144586
v 446.77505493 -136.56721842 -117.7593724
v 413.03653717 -133.15268352 -121.63653589
v 491.34702682 -237.30943915 -43.69822749
v 517.49477386 -197.24035669 -98.09956317
v 511.75317764 -159.01194799 -145.60797008
v 537.96143532 -279.41721841 -83.15919258
v 552.86183357 -219.08769289 -126.79146535
v 551.97343826 -180.09788102 -165.02267764
v 573.02861214 -285.14737487 -109.73720673
v 588.74845505 -237.96634852 -157.24919734
v 579.88233566 -196.74312681 -195.72834147
v 614.1456604 -275.41294272 -156.99780269
v 627.31757164 -272.38398147 -180.01327845
v 613.11650276 -239.98900211 -192.44783783
v 555.35187721 -445.81391455 -124.48162922
v 566.38050079 -345.57265729 -115.28247925
v 537.96143532 -279.41721841 -83.15919258
v 530.59644699 -340.90689691 -89.7913437
v 573.02861214 -285.14737487 -109.73720673
v 491.34702682 -237.30943915 -43.69822749
v 488.5240078 -311.78978357 -53.23498534
v 469.24614906 -248.699073 -24.40663548
v 460.56170464 -314.10606322 -25.46110102
v 440.60058594 -424.22261927 -42.27121415
v 485.00041962 -436.05085672 -76.91593815
v 518.37849617 -442.91359636 -100.79350408
v 443.3175087 -275.56693702 -9.11112558
v 443.47596169 -312.09209145 -11.00115907
v 412.29233742 -403.07126433 -23.82525046
v 485.00041962 -436.05085672 -76.91593815
v 440.60058594 -424.22261927 -42.27121415
v 451.72858238 -439.35743666 -79.04484863
v 371.70696259 -230.00629637 -42.30009444
v 407.95297623 -252.23453349 -18.69155082
v 424.64771271 -216.84444445 -30.33382042
v 390.5567646 -197.86557671 -43.71411259
v 442.98148155 -185.08996509 -45.26812697
v 423.48070145 -178.32679374 -50.19049719
v 446.80700302 -230.73547327 -27.03200694
v 466.64428711 -195.40700487 -47.03602289
v 469.24614906 -248.699073 -24.40663548
v 491.34702682 -237.30943915 -43.69822749
v 422.42712975 -261.21814511 -15.98630911
v 443.3175087 -275.56693702 -9.11112558
v 419.99235153 -298.43414076 -15.08508082
v 443.47596169 -312.09209145 -11.00115907
v 390.05422592 -392.1644027 -33.48916638
v 412.29233742 -403.07126433 -23.82525046
v 393.61133575 -293.91363083 -25.52514354
v 378.7501812 -388.83302938 -44.54806967
v 361.87610626 -281.00717639 -35.04128944
v 360.20278931 -379.39938012 -55.06056922
v 304.0694952 -227.81115393 -196.35480507
v 288.74037266 -266.09364041 -176.10538439
v 317.21293926 -272.35574059 -105.61890933
v 332.83674717 -220.0371695 -117.34684697
v 284.10608768 -324.85286045 -222.43954611
v 337.56139278 -376.891227 -118.49008619
v 360.20278931 -379.39938012 -55.06056922
v 361.87610626 -281.00717639 -35.04128944
v 347.25520611 -222.64431781 -77.23774263
v 294.68457699 -355.33125522 -300.13593607
v 380.3563118 -425.83435496 -202.43506646
v 337.56139278 -376.891227 -118.49008619
v 284.10608768 -324.85286045 -222.43954611
v 347.16317654 -403.15161394 -332.13487256
v 368.62211227 -419.76098559 -264.71276597
v 406.91833496 -429.68168975 -336.67535934
v 411.79494858 -436.46392504 -273.17130607
v 420.54138184 -428.98374886 -78.68262097
v 407.90929794 -428.68973713 -115.90919663
v 441.36238098 -445.49462214 -110.67273511
v 433.45413208 -446.27158586 -142.89991737
v 395.27721405 -428.3957254 -153.13582593
v 416.67156219 -443.24644644 -209.66722896
v 390.05422592 -392.1644027 -33.48916638
v 378.7501812 -388.83302938 -44.54806967
v 360.20278931 -379.39938012 -55.06056922
v 412.29233742 -403.07126433 -23.82525046
v 577.18138695 -463.68894511 -288.59974936
v 606.56151772 -440.65579506 -239.79551766
v 564.65597153 -461.09752079 -257.29455588
v 548.05092812 -462.38813261 -284.149786
v 528.90238762 -465.03409556 -244.6066814
v 510.50024033 -457.37905568 -296.71735464
v 537.78643608 -461.35702362 -306.7273342
v 501.87273026 -462.50065805 -234.21561335
v 487.85591125 -455.94615897 -290.26252948
v 473.83918762 -449.39156452 -346.30946944
v 491.45340919 -454.51479875 -348.95899043
v 516.4077282 -463.01365812 -348.73070326
v 569.63477135 -470.63856733 -330.0135561
v 540.7599926 -469.10143929 -355.94350802
v 544.31643486 -457.41594855 -208.79265962
v 602.39181519 -439.98287711 -206.92799076
v 593.29977036 -435.92975569 -172.70026257
v 555.35187721 -445.81391455 -124.48162922
v 512.53833771 -457.20127492 -199.30901231
v 518.37849617 -442.91359636 -100.79350408
v 300.60226917 -271.97116221 -341.76631311
v 308.38987827 -223.8637293 -344.24780536
v 294.68457699 -355.33125522 -300.13593607
v 293.61994267 -333.37386136 -322.23905854
v 298.26786518 -310.15761621 -336.99569417
v 294.89371777 -269.34254865 -335.36863707
v 293.92058849 -287.20400852 -324.5165357
v 286.84003353 -327.44944322 -306.56442076
v 296.46971226 -257.64686636 -266.58220862
v 314.67802525 -199.97017516 -227.63837894
v 303.64525318 -227.57503853 -284.4763385
v 288.08677197 -292.23586714 -243.64953048
v 331.83248043 -176.1528318 -259.04128066
v 320.11115551 -200.00832227 -301.64457877
v 308.38987827 -223.8637293 -344.24780536
v 294.89371777 -269.34254865 -335.36863707
v 293.92058849 -287.20400852 -324.5165357
v 286.84003353 -327.44944322 -306.56442076
v 294.68457699 -355.33125522 -300.13593607
v 413.03653717 -133.15268352 -121.63653589
v 395.83582878 -134.20831695 -191.16492469
v 391.00666046 -151.22290425 -120.28818051
v 345.75741291 -168.68640753 -181.24353522
v 355.86380959 -180.04923599 -118.13721108
v 381.66351318 -153.10900782 -254.51660046
v 413.03653717 -133.15268352 -121.63653589
v 402.43692398 -158.56409236 -83.17509094
v 418.21041107 -145.50123413 -85.32934799
v 371.70696259 -230.00629637 -42.30009444
v 390.5567646 -197.86557671 -43.71411259
v 371.48160934 -187.20102398 -78.57932975
v 423.48070145 -178.32679374 -50.19049719
v 614.1456604 -275.41294272 -156.99780269
v 308.38987827 -223.8637293 -344.24780536
v 320.11115551 -200.00832227 -301.64457877
v 346.29194736 -251.57484249 -392.4352236
v -592.73843765 157.90534096 -287.96417902
v -617.53816605 157.78529443 -158.66248794
v -577.59256363 167.69320413 -180.21328797
v -558.32176208 168.63971389 -253.85570889
v -510.18733978 123.39276794 -29.0658228
v -471.54922485 143.44734052 -67.10794521
v -467.95558929 56.82111213 62.7394524
v -398.18212986 86.50207484 34.4055005
v -347.47488499 140.15187002 -74.57888622
v -375.47533512 165.61634719 -135.36904172
v -432.91125298 163.50191311 -105.15005868
v -352.68185139 100.93588463 -22.47597879
v -523.90508652 179.37403913 -219.74723877
v -537.64696121 177.60101846 -201.76413569
v -396.47963047 -105.37756014 40.98979461
v -334.73579884 -82.89489052 -30.56897065
v -366.42878056 4.08190847 17.42758237
v -421.01464272 -22.52520304 65.17042885
v -398.18212986 86.50207484 34.4055005
v -467.95558929 56.82111213 62.7394524
v -284.92949009 -28.986284 -127.21213822
v -302.11699009 70.58308338 -96.68080169
v -311.84284687 30.68903191 -30.31531178
v -295.88062763 -42.75208634 -68.37701697
v -347.47488499 140.15187002 -74.57888622
v -352.68185139 100.93588463 -22.47597879
v -382.80184269 -110.25852247 -309.99649159
v -411.13152504 11.97503225 -332.85744385
v -360.26613712 46.5253836 -252.40467353
v -333.86566639 -69.62244496 -218.60421954
v -331.49244785 51.57090044 -206.36630898
v -320.9890604 -58.73864484 -194.63519093
v -281.50351048 7.01581322 -145.86715813
v -302.71866322 56.61656033 -160.32811134
v -435.75434685 -134.76453313 -395.62797735
v -464.45217133 -53.5874106 -425.31365475
v -304.01413441 -49.11673256 -157.80224
v -281.50351048 7.01581322 -145.86715813
v -284.92949009 -28.986284 -127.21213822
v -302.71866322 56.61656033 -160.32811134
v -491.68834686 -22.76007894 -433.71200191
v -438.36770058 42.80227227 -341.25579101
v -599.50447083 54.06157044 -459.32990001
v -599.21770096 82.52227032 -419.30490885
v -518.53284836 81.03846005 -348.10658822
v -544.20719147 17.22303611 -449.24841208
v -384.56566334 83.94055484 -248.88206896
v -598.78425598 125.54167624 -358.80574841
v -592.73843765 157.90534096 -287.96417902
v -458.41588974 146.10839731 -241.09146591
v -416.94569588 155.86234841 -188.2303015
v -347.9673624 87.23035754 -201.13598337
v -311.36915684 90.52025561 -153.38994547
v -375.47533512 165.61634719 -135.36904172
v -558.32176208 168.63971389 -253.85570889
v -706.65197372 70.88988588 -355.73154651
v -695.38440704 115.02018873 -237.53883328
v -598.78425598 125.54167624 -358.80574841
v -692.9769516 41.78001599 -419.69857897
v -599.21770096 82.52227032 -419.30490885
v -830.32894135 -15.25936579 -329.59480037
v -784.74292755 57.53755934 -233.74229415
v -740.0636673 86.27887105 -235.64053987
v -768.49050522 27.81522652 -342.6631496
v -806.11581802 -60.13800465 -400.20469639
v -763.40007782 6.55247817 -391.79220306
v -755.38721085 75.07845386 -169.25765307
v -730.25722504 91.25477272 -170.84991034
v -751.32379532 66.04364032 -102.75555733
v -721.14982605 85.66882674 -105.82462753
v -770.91217041 10.0711231 -1.80101987
v -711.43426895 58.75696209 -20.31928513
v -668.19343567 -35.76057923 87.0451449
v -615.38648605 30.11259985 70.27148114
v -656.45313263 44.79956612 35.68080828
v -706.58855438 -5.16829731 53.81831611
v -580.98697662 94.12426265 -5.36067045
v -610.27183533 99.61999938 -19.17459651
v -651.95636749 107.44275414 -38.83754871
v -692.6317215 111.00395376 -106.44542595
v -705.12723923 107.43114523 -172.4422153
v -456.00414276 -192.16649634 66.9472471
v -422.8703022 -147.61951229 57.24636933
v -476.27677917 -91.72656545 72.59698812
v -521.65565491 -169.00689482 80.53524267
v -638.027668 119.41155068 -80.9947268
v -562.93945312 121.74991739 -50.49383836
v -588.00268173 -107.02960183 92.08680347
v -531.0382843 -37.56731707 75.71039216
v -615.38648605 30.11259985 70.27148114
v -668.19343567 -35.76057923 87.0451449
v -311.36915684 90.52025561 -153.38994547
v -523.90508652 179.37403913 -219.74723877
v -375.47533512 165.61634719 -135.36904172
v -311.84284687 30.68903191 -30.31531178
v -352.68185139 100.93588463 -22.47597879
v -295.88062763 -42.75208634 -68.37701697
v -510.4429245 -57.93627478 74.53956952
v -563.05007935 -130.33883334 87.7423916
v -900.57411194 -68.61155843 -269.20164898
v -865.88964462 -37.90801259 -188.55666497
v -928.78351212 -112.47025157 -111.26988486
v -875.16021729 -66.86153361 -70.03435595
v -822.85375595 -32.92131799 -23.02565485
v -941.04318619 -126.30425698 -146.70832484
v -939.13640976 -255.83448112 -128.06807165
v -929.24766541 -254.18433324 -96.05160983
v -945.23105621 -177.43416618 -121.39174432
v -959.2124939 -191.39997056 -164.05269366
v -908.56103897 -244.37225877 -62.14834643
v -928.75795364 -165.61136466 -86.7207317
v -928.78351212 -112.47025157 -111.26988486
v -941.04318619 -126.30425698 -146.70832484
v -950.21333694 -141.1480153 -197.7757224
v -847.99165726 -264.26141568 -18.80727724
v -856.7861557 -150.18052257 -24.22573951
v -875.16021729 -66.86153361 -70.03435595
v -750.3821373 -217.79725117 26.69576081
v -797.5610733 -108.71790489 9.70517529
v -822.85375595 -32.92131799 -23.02565485
v -714.98298645 -166.77282082 59.33763718
v -740.98930359 -62.49216098 42.75456195
v -770.91217041 10.0711231 -1.80101987
v -684.09509659 -74.75764569 84.3560281
v -668.19343567 -35.76057923 87.0451449
v -706.58855438 -5.16829731 53.81831611
v -486.71016693 -283.37952323 47.10382966
v -629.13150787 -210.62771382 54.73664258
v -750.3821373 -217.79725117 26.69576081
v -662.41035461 -261.61439085 20.49063683
v -714.98298645 -166.77282082 59.33763718
v -847.99165726 -264.26141568 -18.80727724
v -738.98010254 -311.49671382 -18.67528102
v -851.55477524 -310.99145991 -35.52045822
v -762.64705658 -365.46400233 -39.26233358
v -602.89878845 -442.37743456 -63.34307735
v -551.04322433 -380.06341816 -22.03601814
v -516.47167206 -334.30383039 10.19683115
v -831.66656494 -367.21533293 -58.17841865
v -779.95214462 -392.75854514 -54.03179088
v -651.97029114 -467.25842101 -94.08724444
v -551.04322433 -380.06341816 -22.03601814
v -602.89878845 -442.37743456 -63.34307735
v -552.16741562 -401.87183572 -70.29756317
v -885.21213531 -339.01692131 -188.94514283
v -864.34278488 -360.94359894 -118.25956186
v -900.70552826 -308.71581398 -107.46350027
v -924.27358627 -300.31166424 -167.69018049
v -929.24766541 -254.18433324 -96.05160983
v -939.13640976 -255.83448112 -128.06807165
v -879.21571732 -308.7991593 -71.75159788
v -908.56103897 -244.37225877 -62.14834643
v -851.55477524 -310.99145991 -35.52045822
v -847.99165726 -264.26141568 -18.80727724
v -850.83942413 -361.59724346 -94.57401703
v -831.66656494 -367.21533293 -58.17841865
v -800.82559586 -392.77209352 -92.12273517
v -779.95214462 -392.75854514 -54.03179088
v -664.61744308 -461.76411901 -133.79861938
v -651.97029114 -467.25842101 -94.08724444
v -805.00831604 -393.94302222 -137.33881254
v -663.40904236 -453.18124482 -157.83564814
v -822.59140015 -393.34145316 -190.73308258
v -672.58863449 -445.35539905 -192.66669647
v -787.91418076 -194.23547182 -389.81539423
v -753.70235443 -258.2584782 -392.42415989
v -791.52469635 -330.15139276 -303.28559265
v -851.35526657 -265.56980672 -296.48099387
v -639.23206329 -249.85432348 -422.04843265
v -633.59851837 -381.093808 -268.19911947
v -672.58863449 -445.35539905 -192.66669647
v -822.59140015 -393.34145316 -190.73308258
v -874.58267212 -306.92006821 -248.42915303
v -536.93199158 -171.62710694 -455.33740109
v -494.18296814 -288.21164985 -257.30416848
v -633.59851837 -381.093808 -268.19911947
v -639.23206329 -249.85432348 -422.04843265
v -435.75434685 -134.76453313 -395.62797735
v -458.57849121 -215.45451085 -317.06129379
v -382.80184269 -110.25852247 -309.99649159
v -419.84438896 -189.5588224 -259.05381929
v -573.52485657 -414.87519244 -115.8562938
v -548.87714386 -377.63023584 -159.08578442
v -522.35660553 -374.87487129 -105.59562298
v -498.93798828 -341.43142574 -138.56968085
v -524.22943115 -340.3852554 -202.31522737
v -456.88676834 -268.85911041 -208.11114699
v -664.61744308 -461.76411901 -133.79861938
v -663.40904236 -453.18124482 -157.83564814
v -672.58863449 -445.35539905 -192.66669647
v -651.97029114 -467.25842101 -94.08724444
v -334.73579884 -82.89489052 -30.56897065
v -396.47963047 -105.37756014 40.98979461
v -364.42434788 -127.25924702 -27.52082957
v -346.21145725 -106.465339 -69.14137655
v -376.29225254 -169.22054226 -69.17650923
v -351.91586018 -112.01458932 -131.74446188
v -333.00487995 -84.935574 -99.18097662
v -393.44427586 -197.70012354 -100.9114897
v -363.65492344 -133.66128425 -159.75787846
v -333.86566639 -69.62244496 -218.60421954
v -320.9890604 -58.73864484 -194.63519093
v -304.01413441 -49.11673256 -157.80224
v -295.88062763 -42.75208634 -68.37701697
v -284.92949009 -28.986284 -127.21213822
v -410.166502 -196.86278497 -24.07748323
v -422.8703022 -147.61951229 57.24636933
v -456.00414276 -192.16649634 66.9472471
v -486.71016693 -283.37952323 47.10382966
v -424.48582649 -229.13321088 -62.84610472
v -516.47167206 -334.30383039 10.19683115
v -619.26393509 -53.26698608 -487.01867189
v -681.91738129 -8.3162732 -484.48433741
v -536.93199158 -171.62710694 -455.33740109
v -550.87080002 -128.61525406 -474.96049693
v -570.78332901 -89.82912997 -481.6636416
v -628.90768051 -62.79704228 -491.17011001
v -612.6452446 -90.3164577 -482.65303094
v -572.21488953 -147.62236463 -474.81567839
v -696.04740143 -136.55935607 -443.96989505
v -800.54283142 -127.8715666 -399.90802112
v -722.49889374 -87.04630318 -450.18394959
v -667.40694046 -196.45668209 -435.41337627
v -806.11581802 -60.13800465 -400.20469639
v -744.01664734 -34.22706181 -442.34446922
v -681.91738129 -8.3162732 -484.48433741
v -628.90768051 -62.79704228 -491.17011001
v -612.6452446 -90.3164577 -482.65303094
v -572.21488953 -147.62236463 -474.81567839
v -536.93199158 -171.62710694 -455.33740109
v -950.21333694 -141.1480153 -197.7757224
v -900.57411194 -68.61155843 -269.20164898
v -931.16178513 -171.09720806 -225.59907033
v -871.47092819 -139.99018065 -328.74248131
v -900.77018738 -218.8734256 -269.98392354
v -830.32894135 -15.25936579 -329.59480037
v -950.21333694 -141.1480153 -197.7757224
v -946.28820419 -214.3863738 -183.15082872
v -959.2124939 -191.39997056 -164.05269366
v -885.21213531 -339.01692131 -188.94514283
v -924.27358627 -300.31166424 -167.69018049
v -917.06943512 -262.24156625 -219.95378037
v -939.13640976 -255.83448112 -128.06807165
v -684.09509659 -74.75764569 84.3560281
v -681.91738129 -8.3162732 -484.48433741
v -744.01664734 -34.22706181 -442.34446922
v -599.50447083 54.06157044 -459.32990001
v 253.14691067 285.50263663 220.71294901
v 190.52215815 290.78885855 252.52580674
v 209.47401524 275.79004205 258.32777298
v 246.24016285 270.6100619 241.58335092
v 142.93158054 225.64318243 296.52854104
v 171.41810656 214.6753564 301.52407963
v 93.63004565 184.31339445 303.80322315
v 125.38006306 160.87017531 321.63283588
v 195.65862417 156.39973173 322.55041435
v 224.0224123 178.96328257 310.13061469
v 199.90466833 203.70753037 306.51961822
v 162.2625947 146.15917656 320.33421996
v 239.33341503 255.71729644 262.45375282
v 228.4258604 260.79122555 264.12969155
v 78.64162326 110.07708735 245.55447692
v 126.81920528 90.59275234 246.57400563
v 119.63841915 125.5598063 289.44790702
v 82.49484897 141.79057891 281.38825968
v 125.38006306 160.87017531 321.63283588
v 93.63004565 184.31339445 303.80322315
v 191.43813848 86.01416265 250.92767268
v 197.5494504 118.32809516 296.83797816
v 156.78201914 109.32922442 297.50755436
v 159.85168219 84.71392455 259.87494996
v 195.65862417 156.39973173 322.55041435
v 162.2625947 146.15917656 320.33421996
v 238.08772564 119.36032774 146.48511849
v 271.52459621 165.30511997 184.26429916
v 252.0686388 146.68520881 231.27367491
v 214.76290226 102.68724818 198.70641943
v 237.49511242 132.37246806 252.10044612
v 208.70497227 98.3533669 212.50298805
v 208.7113142 94.63957628 260.9895552
v 222.92153835 118.05972731 272.92731269
v 261.82062626 141.80275666 101.68964937
v 288.83988857 177.61742651 120.70514646
v 197.27419615 91.16400059 230.2507252
v 208.7113142 94.63957628 260.9895552
v 191.43813848 86.01416265 250.92767268
v 222.92153835 118.05972731 272.92731269
v 294.95661259 198.68828911 125.51814657
v 277.64132023 186.37617331 189.07734695
v 305.34932613 270.02525036 128.29351794
v 293.89722347 275.33187948 151.34029671
v 275.5348444 233.94032186 186.90386775
v 301.98543072 234.24834891 127.04621313
v 254.83777523 167.51956126 242.74313105
v 276.58703327 283.35285836 186.17630157
v 253.14691067 285.50263663 220.71294901
v 252.72982121 217.6338374 255.74265749
v 238.37616444 198.2984527 282.93658841
v 240.45541286 149.02610326 264.88382773
v 226.0730505 130.53264526 287.02447672
v 224.0224123 178.96328257 310.13061469
v 246.24016285 270.6100619 241.58335092
v 243.84505749 319.28882552 143.45721765
v 202.67732143 319.77120276 197.28645837
v 276.58703327 283.35285836 186.17630157
v 268.37227345 308.46595271 116.09573107
v 293.89722347 275.33187948 151.34029671
v 190.71928263 353.31992207 91.32250156
v 172.18645811 346.31939112 157.27194866
v 187.43187189 333.04520157 177.27917967
v 217.28212833 336.30427843 117.38986258
v 216.45591259 333.82662283 57.71936104
v 235.42778492 330.79604278 95.75332378
v 152.27066278 334.08184739 188.55556767
v 161.08440161 326.64395247 199.66396732
v 120.93288898 326.64490695 204.57677288
v 132.08358288 317.82208651 217.66824313
v 59.16487575 316.40873937 206.57229037
v 89.06103969 302.20796088 232.91368329
v 26.50504708 252.42234695 233.40893448
v 58.39931369 245.69456142 265.9417229
v 70.20246387 270.28982009 253.99313338
v 41.81209207 279.82598696 228.86486263
v 113.18347454 249.89416349 277.34871608
v 115.56594372 265.62120543 269.88258803
v 118.95725727 288.00737313 259.25507622
v 143.15361977 311.13072861 233.45842061
v 169.89814043 319.20586682 210.77241465
v 36.63364053 114.07488361 205.77261974
v 57.01281428 110.64623728 227.73120985
v 53.62069011 149.25040411 244.35570193
v 24.3835032 149.99102136 206.12361372
v 143.13371181 286.65143828 254.90374663
v 143.01497936 250.81770203 279.35243335
v 21.84482217 196.38022218 221.59577985
v 55.10918498 188.62647421 256.52663019
v 58.39931369 245.69456142 265.9417229
v 26.50504708 252.42234695 233.40893448
v 226.0730505 130.53264526 287.02447672
v 239.33341503 255.71729644 262.45375282
v 224.0224123 178.96328257 310.13061469
v 156.78201914 109.32922442 297.50755436
v 162.2625947 146.15917656 320.33421996
v 159.85168219 84.71392455 259.87494996
v 54.54937816 173.81743721 251.94928198
v 22.79964089 178.93370329 215.77684348
v 139.00206089 369.30845971 72.85564485
v 115.75510502 357.21873729 115.15573404
v 52.83467174 363.47750769 94.28914228
v 54.07368541 348.3264905 135.20602273
v 49.80140328 330.48935367 172.74350504
v 63.49169612 367.3129921 76.15016079
v 25.67487359 331.9875526 28.97776619
v 13.34858537 326.26646228 40.70486177
v 39.60910439 354.80421594 61.65951074
v 53.19077373 359.7554989 41.07373754
v 3.9289061 317.53901003 58.43008948
v 29.57077622 348.52274761 79.59154531
v 52.83467174 363.47750769 94.28914228
v 63.49169612 367.3129921 76.15016079
v 81.49897456 370.20147723 53.76623202
v -9.61269662 282.09265494 74.59392124
v 17.49644876 315.98815454 117.86203005
v 54.07368541 348.3264905 135.20602273
v -2.43219696 246.47273682 125.7567481
v 22.05186486 297.50690619 156.11667554
v 49.80140328 330.48935367 172.74350504
v 0.7464949 241.62540705 162.8423774
v 27.6358664 281.53706398 195.54028693
v 59.16487575 316.40873937 206.57229037
v 15.98849893 249.86001157 213.59444362
v 26.50504708 252.42234695 233.40893448
v 41.81209207 279.82598696 228.86486263
v 19.27524209 105.71363144 156.85499376
v 7.71499351 190.51015609 160.59056993
v -2.43219696 246.47273682 125.7567481
v 5.637509 194.45702657 123.48286322
v 0.7464949 241.62540705 162.8423774
v -9.61269662 282.09265494 74.59392124
v -1.51600204 219.08797086 76.88055641
v -13.43368888 272.45787006 50.07357331
v -8.75810906 217.12854631 44.33737734
v 12.27985099 123.97819179 37.64860696
v 17.01503396 113.97243932 85.05256107
v 19.02461648 108.16704793 119.71061852
v -12.66769767 249.72970887 24.61948647
v -11.38729379 218.83218705 25.58618497
v 11.86652854 141.87064319 9.06970127
v 17.01503396 113.97243932 85.05256107
v 12.27985099 123.97819179 37.64860696
v 33.56094956 111.17530883 62.21311069
v 43.40768456 288.27054311 -11.62090677
v 10.15353873 269.46713984 3.64756553
v 10.94361022 299.40450531 20.84674279
v 35.90803742 315.45922797 2.50162279
v 13.34858537 326.26646228 40.70486177
v 25.67487359 331.9875526 28.97776619
v -1.42378174 287.65371419 35.20736478
v 3.9289061 317.53901003 58.43008948
v -13.43368888 272.45787006 50.07357331
v -9.61269662 282.09265494 74.59392124
v 1.68290772 261.86769217 12.78004701
v -12.66769767 249.72970887 24.61948647
v 2.13761963 230.38575822 10.63137622
v -11.38729379 218.83218705 25.58618497
v 28.82061601 151.09705885 -2.47462302
v 11.86652854 141.87064319 9.06970127
v 21.51747346 234.20979919 -3.52610999
v 41.83555245 153.91516595 -5.56748447
v 42.65404344 245.1276505 -21.93078667
v 57.73021579 161.8953205 -14.08861384
v 184.14939642 290.12754119 9.55481124
v 176.58561468 257.74342842 -10.5538356
v 113.30764294 252.44614719 -22.0126608
v 114.64259624 296.70369535 -5.54085253
v 211.82286739 208.03754445 7.0520971
v 113.32709789 164.01705715 -1.64488078
v 57.73021579 161.8953205 -14.08861384
v 42.65404344 245.1276505 -21.93078667
v 79.44056392 294.49822685 -13.33699703
v 262.62586117 182.25513314 49.70122885
v 154.05343771 122.61482375 66.87137871
v 113.32709789 164.01705715 -1.64488078
v 211.82286739 208.03754445 7.0520971
v 261.82062626 141.80275666 101.68964937
v 203.90155315 127.75246124 86.59732049
v 238.08772564 119.36032774 146.48511849
v 190.45871496 113.62301895 121.29986819
v 47.38364816 119.95063476 39.74006308
v 79.71708179 120.19935428 47.5125564
v 60.86632609 105.9836977 69.07851757
v 87.49052882 105.32642681 77.97281814
v 112.05050945 120.44807381 55.28509443
v 142.82970428 107.88551943 96.11465961
v 28.82061601 151.09705885 -2.47462302
v 41.83555245 153.91516595 -5.56748447
v 57.73021579 161.8953205 -14.08861384
v 11.86652854 141.87064319 9.06970127
v 126.81920528 90.59275234 246.57400563
v 78.64162326 110.07708735 245.55447692
v 110.08088589 92.78486436 223.47896972
v 136.78910732 91.69309804 223.72649606
v 117.14832783 89.45481928 192.1740863
v 162.73425817 95.93046031 202.53952371
v 157.57437944 92.56532903 226.57822055
v 121.91970348 91.59791229 168.14678607
v 168.34131479 97.14257725 183.42660275
v 214.76290226 102.68724818 198.70641943
v 208.70497227 98.3533669 212.50298805
v 197.27419615 91.16400059 230.2507252
v 159.85168219 84.71392455 259.87494996
v 191.43813848 86.01416265 250.92767268
v 84.56923366 95.89917727 187.02944147
v 57.01281428 110.64623728 227.73120985
v 36.63364053 114.07488361 205.77261974
v 19.27524209 105.71363144 156.85499376
v 92.13377833 96.08075245 160.01513823
v 19.02461648 108.16704793 119.71061852
v 289.73381519 252.77155631 72.73149545
v 287.99264431 293.46674783 79.42275392
v 262.62586117 182.25513314 49.70122885
v 278.91786098 200.82949168 58.91972489
v 287.37523556 220.46869924 68.90764817
v 287.73481846 254.99514221 65.75927752
v 280.41126728 239.88569763 60.16316678
v 270.76642513 205.84104827 46.99231311
v 237.81740665 264.88874542 35.827829
v 201.73780918 313.67891344 31.26887635
v 247.37789631 290.32724703 49.04041031
v 225.19786358 235.62906106 19.47651392
v 216.45591259 333.82662283 57.71936104
v 252.22427845 313.64668533 68.57108132
v 287.99264431 293.46674783 79.42275392
v 287.73481846 254.99514221 65.75927752
v 280.41126728 239.88569763 60.16316678
v 270.76642513 205.84104827 46.99231311
v 262.62586117 182.25513314 49.70122885
v 81.49897456 370.20147723 53.76623202
v 139.00206089 369.30845971 72.85564485
v 90.4814899 354.91541041 37.39856362
v 154.51651812 340.14261299 32.55280377
v 104.81069088 330.53052609 11.28820309
v 190.71928263 353.31992207 91.32250156
v 81.49897456 370.20147723 53.76623202
v 58.77191424 348.7052726 28.81764155
v 53.19077373 359.7554989 41.07373754
v 43.40768456 288.27054311 -11.62090677
v 35.90803742 315.45922797 2.50162279
v 69.46145892 324.48060587 4.59889438
v 25.67487359 331.9875526 28.97776619
v 15.98849893 249.86001157 213.59444362
v 287.99264431 293.46674783 79.42275392
v 252.22427845 313.64668533 68.57108132
v 305.34932613 270.02525036 128.29351794
v 73.70488048 -101.44070981 548.91492589
v -77.18963027 -229.91702934 562.16987541
v -21.88104987 -232.37694388 519.19349642
v 67.90267825 -162.09898105 505.40845651
v -181.06529713 -376.90802651 375.75866164
v -100.0027895 -371.22851965 344.08146231
v -312.8395319 -426.0232026 259.35017851
v -214.84379768 -452.50503282 191.47002917
v -21.59566283 -408.85040246 177.87229523
v 48.81139398 -357.92420735 242.06100573
v -18.94020438 -365.54901279 312.40407224
v -114.96694088 -423.81679958 149.62022057
v 62.10042834 -222.75743112 461.90222555
v 33.42748284 -234.83666768 476.21716511
v -394.20492649 -270.68592609 54.82582092
v -261.97965145 -240.64023508 -0.80682123
v -252.65796185 -365.43117414 94.51790445
v -359.30349827 -368.73717389 141.38122844
v -214.84379768 -452.50503282 191.47002917
v -312.8395319 -426.0232026 259.35017851
v -82.02070594 -210.09252314 -14.90189438
v -34.33889449 -334.34654485 72.53427588
v -146.01237774 -362.12536512 47.65463709
v -162.87691593 -255.13952085 -18.8448535
v -21.59566283 -408.85040246 177.87229523
v -114.96694088 -423.81679958 149.62022057
v -21.09779716 104.33193664 86.58363907
v 96.66339755 19.21336689 212.71123573
v 73.35793376 -121.04126044 156.83443134
v -51.55925155 -52.88028133 35.84080306
v 46.51351571 -186.62354264 115.0672263
v -59.31853652 -94.35194362 22.63380187
v -27.81356871 -227.0417915 8.40166483
v 19.66920495 -252.20581291 73.30001529
v 15.50088525 241.02854837 153.00579913
v 103.11582088 203.91299064 252.1217014
v -79.32934165 -149.95688181 1.14252198
v -27.81356871 -227.0417915 8.40166483
v -82.02070594 -210.09252314 -14.90189438
v 19.66920495 -252.20581291 73.30001529
v 123.68066311 193.1772262 311.05834675
v 117.22824574 8.47762555 271.64788108
v 156.19407892 187.17483275 511.77803805
v 139.96341228 116.11889811 525.09668366
v 111.49699688 9.61571467 405.91025196
v 145.05240917 190.99437735 411.07780206
v 89.07076716 -152.19740947 214.63220215
v 115.42994976 8.71527808 545.22819377
v 73.70488048 -101.44070981 548.91492589
v 93.30336452 -192.85366714 354.9036817
v 71.05728984 -275.38883592 298.48227219
v 63.47863078 -220.95484495 160.97615981
v 37.88638711 -289.71248309 107.3200221
v 48.81139398 -357.92420735 242.06100573
v 67.90267825 -162.09898105 505.40845651
v -1.1246141 101.89767941 650.26624927
v -78.95683646 -72.60749512 647.98890343
v 115.42994976 8.71527808 545.22819377
v 47.99185395 193.7154352 621.56216326
v 139.96341228 116.11889811 525.09668366
v -179.79128361 207.74112061 750.93537761
v -187.86222935 15.30753436 726.32698763
v -133.40952396 -28.65002881 687.15801706
v -90.45795798 154.81936425 700.60102801
v -131.69190884 318.09248379 698.26125685
v -54.95247245 226.38935307 686.51634343
v -222.48210907 -82.58559197 689.66752444
v -191.29316807 -106.75895064 667.72405456
v -298.23458195 -146.42436352 667.87416936
v -259.38494205 -174.41089425 641.84248905
v -466.69054031 -191.44962141 639.68089362
v -367.94817448 -243.15249727 597.21531061
v -540.76099396 -281.71033555 457.6740247
v -432.27200508 -349.62968879 435.76470349
v -406.92439079 -310.94654902 505.86152374
v -500.88891983 -261.25000343 535.0656935
v -274.42457676 -345.47624474 445.994195
v -272.27098942 -324.58790888 490.87124391
v -269.20568943 -294.85500358 554.7497276
v -218.93215179 -210.00525361 621.61067569
v -160.10420322 -130.93230932 645.78039395
v -535.24646759 -189.28754386 69.73674401
v -465.13595581 -235.96073635 58.09901625
v -462.41779327 -286.56115217 165.66357513
v -567.51680374 -200.8452852 171.10503608
v -205.76276779 -267.05253685 550.94780504
v -191.25645161 -331.57701345 448.04878869
v -562.96892166 -248.29323161 300.69092981
v -449.19023514 -321.82038107 275.68569658
v -432.27200508 -349.62968879 435.76470349
v -540.76099396 -281.71033555 457.6740247
v 37.88638711 -289.71248309 107.3200221
v 62.10042834 -222.75743112 461.90222555
v 48.81139398 -357.92420735 242.06100573
v -146.01237774 -362.12536512 47.65463709
v -114.96694088 -423.81679958 149.62022057
v -162.87691593 -255.13952085 -18.8448535
v -454.16498184 -308.55973718 234.30724403
v -564.67933655 -230.44846721 251.95487916
v -333.20553303 223.48486075 798.11631376
v -369.77884769 93.1976545 761.0617009
v -555.78918457 108.91917558 781.15199222
v -526.18837357 -1.37923805 735.25395416
v -513.99145126 -105.81118676 682.11919601
v -538.25941086 165.33506919 793.23084045
v -673.83079529 272.58529111 697.82276481
v -700.17681122 232.79990323 680.94879172
v -613.60321045 190.39915059 759.4129729
v -589.6109581 255.35217033 774.78829038
v -714.73293304 178.68028823 655.09736011
v -629.6462059 135.13143205 740.44764225
v -555.78918457 108.91917558 781.15199222
v -538.25941086 165.33506919 793.23084045
v -503.36198807 238.25575081 802.8733819
v -742.43583679 128.09042421 554.11031544
v -638.8261795 24.66549817 645.93238429
v -526.18837357 -1.37923805 735.25395416
v -690.48852921 -4.94545451 449.64404187
v -601.9657135 -75.92743546 590.81059739
v -513.99145126 -105.81118676 682.11919601
v -657.74669647 -104.21916344 433.05985241
v -561.44418716 -179.23707466 542.66303122
v -466.69054031 -191.44962141 639.68089362
v -582.60288239 -234.04855515 452.12897299
v -540.76099396 -281.71033555 457.6740247
v -500.88891983 -261.25000343 535.0656935
v -615.00396729 -65.85996525 50.19655705
v -641.67156219 -89.79257404 289.06809362
v -690.48852921 -4.94545451 449.64404187
v -671.43449783 10.32532698 303.10177635
v -657.74669647 -104.21916344 433.05985241
v -742.43583679 128.09042421 554.11031544
v -720.67375183 131.66905811 376.23999358
v -769.19574738 193.53755985 528.90774435
v -761.81106567 216.32884863 373.33918862
v -711.32640839 255.14816662 111.02505342
v -667.74845123 128.96810866 79.07974407
v -639.82543945 35.65821433 59.9990727
v -784.38405991 265.48672175 466.81223359
v -781.1923027 265.91099725 379.63171441
v -730.53617477 331.95252701 163.68169145
v -667.74845123 128.96810866 79.07974407
v -711.32640839 255.14816662 111.02505342
v -637.33177185 202.59665244 72.75110163
v -652.99243927 398.65486494 577.51935186
v -734.84230042 336.45416687 523.77218487
v -720.54367065 287.63463847 606.80861555
v -663.52405548 353.06366594 653.15641373
v -700.17681122 232.79990323 680.94879172
v -673.83079529 272.58529111 697.82276481
v -745.47176361 241.03777203 572.73517496
v -714.73293304 178.68028823 655.09736011
v -769.19574738 193.53755985 528.90774435
v -742.43583679 128.09042421 554.11031544
v -752.36053467 306.43545219 501.75456777
v -784.38405991 265.48672175 466.81223359
v -753.48262787 314.90644988 413.17948933
v -781.1923027 265.91099725 379.63171441
v -691.26806259 374.00136711 190.3607236
v -730.53617477 331.95252701 163.68169145
v -709.4294548 366.09549291 424.80210062
v -657.49464035 390.7690133 198.37268185
v -663.1072998 429.56326296 456.72586118
v -619.20070648 423.92667561 221.31784208
v -253.05197239 432.2649469 579.25541511
v -287.90371418 484.82163777 489.63724821
v -469.11888123 475.34878863 476.42962341
v -453.35903168 427.84123657 599.87862292
v -181.29580021 463.13200893 347.70361984
v -458.51202011 425.91799597 225.59950565
v -619.20070648 423.92667561 221.31784208
v -663.1072998 429.56326296 456.72586118
v -555.07411957 426.4158741 594.73107066
v -14.92952704 381.18755465 271.05215538
v -303.40940952 267.59766827 103.0453246
v -458.51202011 425.91799597 225.59950565
v -181.29580021 463.13200893 347.70361984
v 15.50088525 241.02854837 153.00579913
v -153.65145206 245.65019102 115.33842853
v -21.09779716 104.33193664 86.58363907
v -168.34475994 142.7412152 72.99501358
v -613.79060745 272.60507767 99.04813498
v -520.02029419 272.36584841 98.71949884
v -558.11300278 201.95911863 57.22514081
v -479.30088043 194.98473099 54.33074039
v -426.24974251 272.12642842 98.39114882
v -315.59183598 181.15054145 59.40629273
v -691.26806259 374.00136711 190.3607236
v -657.49464035 390.7690133 198.37268185
v -619.20070648 423.92667561 221.31784208
v -730.53617477 331.95252701 163.68169145
v -261.97965145 -240.64023508 -0.80682123
v -394.20492649 -270.68592609 54.82582092
v -322.88134098 -188.38575958 7.38570928
v -249.48766232 -171.56218226 3.93750669
v -323.99981022 -97.68751854 0.33670635
v -191.99359417 -96.84332329 17.18355356
v -190.58401585 -165.88591241 5.90035824
v -326.50511265 -28.84087429 8.18033241
v -189.03214931 -40.86055397 22.01066236
v -51.55925155 -52.88028133 35.84080306
v -59.31853652 -94.35194362 22.63380187
v -79.32934165 -149.95688181 1.14252198
v -162.87691593 -255.13952085 -18.8448535
v -82.02070594 -210.09252314 -14.90189438
v -416.52550697 -105.29993458 19.32984667
v -465.13595581 -235.96073635 58.09901625
v -535.24646759 -189.28754386 69.73674401
v -615.00396729 -65.85996525 50.19655705
v -413.37571144 -26.2978995 21.83918934
v -639.82543945 35.65821433 59.9990727
v 76.61349177 330.60451021 467.6663337
v 77.4505794 308.1693882 581.87403427
v -14.92952704 381.18755465 271.05215538
v 36.34257913 365.18962869 322.4755169
v 66.65694118 341.89366283 376.94443855
v 66.65398479 348.259121 474.50150538
v 42.45157838 359.92274177 432.44437076
v 6.36182502 392.21690433 337.63507175
v -89.48292136 397.05778249 505.3691694
v -189.92612362 382.48580453 643.71980158
v -53.86237502 365.21808947 575.91890107
v -135.65862179 435.78617333 424.33307224
v -131.69190884 318.09248379 698.26125685
v -27.12072432 313.130936 640.06762171
v 77.4505794 308.1693882 581.87403427
v 66.65398479 348.259121 474.50150538
v 42.45157838 359.92274177 432.44437076
v 6.36182502 392.21690433 337.63507175
v -14.92952704 381.18755465 271.05215538
v -503.36198807 238.25575081 802.8733819
v -333.20553303 223.48486075 798.11631376
v -489.85967636 290.10820865 760.94017071
v -317.81208515 346.24147206 718.83391461
v -468.32017899 372.82523495 694.04657966
v -179.79128361 207.74112061 750.93537761
v -503.36198807 238.25575081 802.8733819
v -582.62901306 293.40357989 744.51999653
v -589.6109581 255.35217033 774.78829038
v -652.99243927 398.65486494 577.51935186
v -663.52405548 353.06366594 653.15641373
v -569.83604431 368.54743082 677.97921852
v -673.83079529 272.58529111 697.82276481
v -582.60288239 -234.04855515 452.12897299
v 77.4505794 308.1693882 581.87403427
v -27.12072432 313.130936 640.06762171
v 156.19407892 187.17483275 511.77803805
v 563.6973381 -4.60127696 428.07593421
v 428.62772942 6.80010141 496.69012913
v 469.50330734 -25.54956723 509.20391499
v 548.80080223 -36.72191542 473.08936717
v 325.98392963 -133.70674747 591.5956715
v 387.42394447 -157.36225566 602.37009705
v 219.64995861 -222.84724355 607.28591735
v 288.12868595 -273.4097144 645.74093505
v 439.7061348 -283.05155215 647.72000156
v 500.88143349 -234.38650982 620.93280796
v 448.86403084 -181.01776386 613.14452259
v 367.67730713 -305.13826863 642.93999875
v 533.90426636 -68.84260081 518.10303856
v 510.37883759 -57.89919936 521.71765317
v 187.32279539 -382.96078941 481.65437262
v 291.23256207 -424.9846147 483.8533617
v 275.7450819 -349.56729559 576.32413837
v 195.63347101 -314.56096603 558.94112943
v 288.12868595 -273.4097144 645.74093505
v 219.64995861 -222.84724355 607.28591735
v 430.60331345 -434.85991071 493.24343137
v 443.78423691 -365.16482718 592.2630905
v 355.85670471 -384.57381589 593.70733805
v 362.47739792 -437.6639008 512.54088857
v 439.7061348 -283.05155215 647.72000156
v 367.67730713 -305.13826863 642.93999875
v 531.21757507 -362.93843195 267.98073006
v 603.33452225 -263.84421854 349.46321971
v 561.37170792 -304.00419042 450.85334962
v 480.91044426 -398.89937399 380.61200919
v 529.93936539 -334.87385779 495.7727501
v 467.84467697 -408.24649801 410.36855673
v 467.85826683 -416.25620082 514.94490729
v 498.50702286 -365.74371589 540.69238899
v 582.4048996 -314.53451703 171.36550306
v 640.68031311 -237.2889888 212.37825445
v 443.19057465 -423.75247322 448.64713897
v 467.85826683 -416.25620082 514.94490729
v 430.60331345 -434.85991071 493.24343137
v 498.50702286 -365.74371589 540.69238899
v 653.8728714 -191.84317536 222.75899198
v 616.5271759 -218.39820244 359.84400493
v 676.28798485 -37.98309414 228.74489449
v 651.58805847 -26.53789752 278.45235303
v 611.98387146 -115.81127818 355.15629748
v 669.03276443 -115.14696968 226.05468719
v 567.34418869 -259.06800628 475.59089113
v 614.25323486 -9.23795825 353.58700903
v 563.6973381 -4.60127696 428.07593421
v 562.79783249 -150.98142763 503.62832622
v 531.83965683 -192.68387932 562.28049556
v 536.32421494 -298.95504531 523.34408862
v 505.30424118 -338.84208435 571.09723843
v 500.88143349 -234.38650982 620.93280796
v 548.80080223 -36.72191542 473.08936717
v 543.63498688 68.26876489 261.45018419
v 454.84409332 69.30933785 377.54949394
v 614.25323486 -9.23795825 353.58700903
v 596.53553963 44.92600282 202.43667824
v 651.58805847 -26.53789752 278.45235303
v 429.05292511 141.66753336 149.00548534
v 389.08114433 126.56860328 291.24577368
v 421.96259499 97.93896759 334.39763381
v 486.34395599 104.9681521 205.22783477
v 484.56192017 99.62430651 76.52995751
v 525.48060417 93.08797916 158.5619298
v 346.12653255 100.17481926 358.71861733
v 365.13614655 84.13248932 382.67730296
v 278.53696346 84.13454145 393.27329219
v 302.58691311 65.10535789 421.50911224
v 145.31514645 62.05698173 397.57722797
v 209.79549885 31.42882836 454.39066375
v 74.87413287 -75.94920129 455.45879648
v 143.66402626 -90.45972605 525.62581582
v 169.12115812 -37.41275273 499.85499992
v 107.88857937 -16.84500914 445.65806663
v 261.82291508 -81.40191412 550.22851363
v 266.96155071 -47.48183131 534.12552653
v 274.27589893 0.8006342 511.20395647
v 326.46281719 50.67360075 455.56539664
v 384.14568901 68.09011766 406.63608395
v 96.71956897 -374.33806169 395.8524837
v 140.67366123 -381.73322609 443.2130005
v 133.35747719 -298.47134891 479.06894778
v 70.29835582 -296.87395787 396.60949775
v 326.41990185 -2.12352352 501.81899105
v 326.16379261 -79.41025998 554.55018384
v 64.82302547 -196.82113079 429.98007166
v 136.56783104 -213.54454868 505.31920097
v 143.66402626 -90.45972605 525.62581582
v 74.87413287 -75.94920129 455.45879648
v 505.30424118 -338.84208435 571.09723843
v 533.90426636 -68.84260081 518.10303856
v 500.88143349 -234.38650982 620.93280796
v 355.85670471 -384.57381589 593.70733805
v 367.67730713 -305.13826863 642.93999875
v 362.47739792 -437.6639008 512.54088857
v 135.36045551 -245.48481976 495.44676965
v 66.88229442 -234.45024842 417.42972379
v 317.50872135 176.15167489 109.17608252
v 267.3694849 150.0763266 200.4091972
v 131.66220188 163.57534079 155.40396886
v 134.33454037 130.89770472 243.65389599
v 125.11994839 92.42629929 324.61498662
v 154.64726686 171.84779154 116.28167214
v 73.08360934 95.65767883 14.53979394
v 46.49820924 83.3182817 39.83290924
v 103.13723087 144.86867383 85.02814198
v 132.43024349 155.54767317 40.62850027
v 26.18170381 64.49504574 78.06280397
v 81.48638606 131.3207351 123.70412594
v 131.66220188 163.57534079 155.40396886
v 154.64726686 171.84779154 116.28167214
v 193.48560572 178.07789957 68.00381024
v -3.02481018 -11.95614808 112.92510227
v 55.44444919 61.14986323 206.24617534
v 134.33454037 130.89770472 243.65389599
v 12.46209815 -88.78149925 223.27357785
v 65.26953578 21.28952827 288.75407826
v 125.11994839 92.42629929 324.61498662
v 19.31787133 -99.23623628 303.26024719
v 77.31320262 -13.15430125 373.78325677
v 145.31514645 62.05698173 397.57722797
v 52.19208598 -81.47556018 412.72274391
v 74.87413287 -75.94920129 455.45879648
v 107.88857937 -16.84500914 445.65806663
v 59.28089023 -392.37167873 290.34654334
v 34.34758782 -209.48212054 298.40348796
v 12.46209815 -88.78149925 223.27357785
v 29.86693978 -200.96906442 218.36923059
v 19.31787133 -99.23623628 303.26024719
v -3.02481018 -11.95614808 112.92510227
v 14.43820596 -147.84485566 117.85700346
v -11.26598641 -32.73657774 60.03942427
v -1.18164383 -152.07097946 47.66757284
v 44.19308305 -352.9786771 33.24118345
v 54.40599322 -374.55916582 135.48246764
v 58.74029994 -387.08013447 210.2332269
v -9.61393639 -81.75657904 5.13983695
v -6.85228631 -148.39666964 7.22481791
v 43.30173135 -314.3880652 -28.39808408
v 54.40599322 -374.55916582 135.48246764
v 44.19308305 -352.9786771 33.24118345
v 90.09243846 -380.59192683 86.22213246
v 111.32996082 1.36845207 -73.0237069
v 39.60710168 -39.18686566 -40.09256023
v 41.31112695 25.38222026 -2.99726374
v 95.1546371 60.00913284 -42.56411874
v 46.49820924 83.3182817 39.83290924
v 73.08360934 95.65767883 14.53979394
v 14.63704705 0.03799749 27.97589003
v 26.18170381 64.49504574 78.06280397
v -11.26598641 -32.73657774 60.03942427
v -3.02481018 -11.95614808 112.92510227
v 21.3375628 -55.57747219 -20.39560813
v -9.61393639 -81.75657904 5.13983695
v 22.3182261 -123.47811868 -25.02978519
v -6.85228631 -148.39666964 7.22481791
v 79.86847758 -294.4883195 -53.2969293
v 43.30173135 -314.3880652 -28.39808408
v 64.116925 -115.2303667 -55.56477219
v 107.93917179 -288.4101727 -59.9676914
v 109.70451832 -91.68262842 -95.26018199
v 142.22090244 -271.1986431 -78.34607117
v 414.88294601 5.37379609 -27.35171704
v 398.56929779 -64.47277029 -70.72233699
v 262.09080219 -75.89798336 -95.43675736
v 264.96999264 19.5570267 -59.91025886
v 474.56932068 -171.67891798 -32.74962787
v 262.13276386 -266.62252788 -51.50736399
v 142.22090244 -271.1986431 -78.34607117
v 109.70451832 -91.68262842 -95.26018199
v 189.04596567 14.80019184 -76.72506216
v 584.14163589 -227.28630531 59.23636682
v 349.97165203 -355.91941696 96.26908737
v 262.13276386 -266.62252788 -51.50736399
v 474.56932068 -171.67891798 -32.74962787
v 582.4048996 -314.53451703 171.36550306
v 457.48457909 -344.83809594 138.81421939
v 531.21757507 -362.93843195 267.98073006
v 428.49092484 -375.31293726 213.66101658
v 119.90535259 -361.66531425 37.75206438
v 189.64234591 -361.12896508 54.51584381
v 148.98490906 -391.7892053 101.02950757
v 206.40814304 -393.20712515 120.21280973
v 259.37941074 -360.59261591 71.27967391
v 325.76415539 -387.6876333 159.34125541
v 79.86847758 -294.4883195 -53.2969293
v 107.93917179 -288.4101727 -59.9676914
v 142.22090244 -271.1986431 -78.34607117
v 43.30173135 -314.3880652 -28.39808408
v 291.23256207 -424.9846147 483.8533617
v 187.32279539 -382.96078941 481.65437262
v 255.13117313 -420.25668702 434.04171161
v 312.73577213 -422.61130882 434.57567424
v 270.37436962 -427.43901003 366.52300169
v 368.69454384 -413.47244603 388.87941421
v 357.56568909 -420.73008986 440.72630107
v 280.6653738 -422.81655907 314.70076774
v 380.78794479 -410.85785924 347.65636462
v 480.91044426 -398.89937399 380.61200919
v 467.84467697 -408.24649801 410.36855673
v 443.19057465 -423.75247322 448.64713897
v 362.47739792 -437.6639008 512.54088857
v 430.60331345 -434.85991071 493.24343137
v 200.10750294 -413.53978088 355.42709412
v 140.67366123 -381.73322609 443.2130005
v 96.71956897 -374.33806169 395.8524837
v 59.28089023 -392.37167873 290.34654334
v 216.42282009 -413.1482117 297.1623617
v 58.74029994 -387.08013447 210.2332269
v 642.60835648 -75.19604578 108.90833172
v 638.85297775 12.57549299 123.34003244
v 584.14163589 -227.28630531 59.23636682
v 619.28043365 -187.22531699 79.11894391
v 637.52131462 -144.86710577 100.6609199
v 638.29689026 -70.40002009 93.87045458
v 622.50137329 -102.98840859 81.80075774
v 601.6992569 -176.41618574 53.3937682
v 530.63459396 -49.06177043 29.31409383
v 452.81772614 56.16926868 19.48131153
v 551.2547493 5.80420318 57.81115795
v 503.41663361 -112.16906406 -5.95258249
v 484.56192017 99.62430651 76.52995751
v 561.70744896 56.09990198 99.934992
v 638.85297775 12.57549299 123.34003244
v 638.29689026 -70.40002009 93.87045458
v 622.50137329 -102.98840859 81.80075774
v 601.6992569 -176.41618574 53.3937682
v 584.14163589 -227.28630531 59.23636682
v 193.48560572 178.07789957 68.00381024
v 317.50872135 176.15167489 109.17608252
v 212.85912991 145.10870513 32.70189484
v 350.97043514 113.24673061 22.25043866
v 243.76442432 92.51502964 -23.61318635
v 429.05292511 141.66753336 149.00548534
v 193.48560572 178.07789957 68.00381024
v 144.46766376 131.7144417 14.19441491
v 132.43024349 155.54767317 40.62850027
v 111.32996082 1.36845207 -73.0237069
v 95.1546371 60.00913284 -42.56411874
v 167.52291918 79.4665215 -38.04074926
v 73.08360934 95.65767883 14.53979394
v 52.19208598 -81.47556018 412.72274391
v 638.85297775 12.57549299 123.34003244
v 561.70744896 56.09990198 99.934992
v 676.28798485 -37.98309414 228.74489449
v 245.76790333 755.11907307 -660.50522709
v -12.96367049 728.23961697 -675.46775285
v 35.10189652 787.67136892 -624.37613922
v 183.22907686 809.97542961 -608.28975522
v -246.33493423 786.60185398 -435.30634344
v -167.1246767 861.48112447 -400.53772657
v -412.74199486 721.45648276 -275.88236165
v -348.4607935 845.82172982 -198.02069139
v -131.20372295 989.48895163 -193.46978096
v -18.99442077 1001.66344863 -279.16872131
v -87.91441321 936.36039497 -365.76906201
v -230.39312363 918.74720996 -149.66855712
v 120.69027424 864.83202458 -556.07428336
v 83.16747546 847.10312086 -573.28457328
v -340.25118351 528.93085667 11.47976394
v -191.43240452 632.70083698 75.12134138
v -300.72500706 743.07841265 -60.73268241
v -401.00169182 640.15796729 -112.89997994
v -348.4607935 845.82172982 -198.02069139
v -412.74199486 721.45648276 -275.88236165
v 1.34673752 775.82875608 80.37773248
v -72.49221206 922.72824451 -48.48066402
v -200.44836998 845.99876264 -8.56537744
v -114.83309269 741.18167417 88.79515374
v -131.20372295 989.48895163 -193.46978096
v -230.39312363 918.74720996 -149.66855712
v 353.62062454 535.53790542 -30.9746214
v 380.56378365 708.09713705 -213.19448563
v 226.95162296 820.20909726 -150.00714314
v 177.48366594 655.68333075 24.70157938
v 140.59555531 859.5455009 -98.63925275
v 131.27145767 687.61492413 39.13114491
v 34.73282456 839.31599376 43.77065038
v 54.239434 898.88180916 -47.27130574
v 515.98477364 437.86481029 -109.39824562
v 560.77203751 541.8308805 -249.65066201
v 60.55814624 721.85937021 64.2598347
v 34.73282456 839.31599376 43.77065038
v 1.34673752 775.82875608 80.37773248
v 54.239434 898.88180916 -47.27130574
v 569.37403679 563.73552679 -329.33530455
v 389.16578293 730.00183102 -292.87912818
v 593.32914352 575.34971082 -594.85683278
v 511.47594452 622.93304884 -616.82978289
v 385.0186348 707.27087985 -467.65067179
v 586.78388596 573.64875895 -462.0294075
v 211.85939312 856.21591644 -229.50296046
v 387.75172234 694.85701461 -650.04274245
v 245.76790333 755.11907307 -660.50522709
v 177.34171152 880.03046879 -416.5211204
v 79.17367816 940.84686334 -347.84489701
v 123.64714146 901.05359283 -162.98370736
v 35.43487191 945.89136459 -96.46455559
v -18.99442077 1001.66344863 -279.16872131
v 183.22907686 809.97542961 -608.28975522
v 369.51889992 488.03097591 -769.18814981
v 133.90414715 573.45563674 -774.13387105
v 387.75172234 694.85701461 -650.04274245
v 500.92792511 454.38978728 -728.24218524
v 511.47594452 622.93304884 -616.82978289
v 306.65085316 211.87803776 -876.12899418
v 117.66827106 381.84025589 -859.51773189
v 125.78620911 477.64788671 -816.82575378
v 338.08486462 349.95449492 -822.65859583
v 454.62636948 163.38111205 -802.22151557
v 437.98294067 320.11226473 -801.32661313
v -6.26844689 442.55796475 -816.86809121
v -0.6707605 496.46326497 -792.97226411
v -135.53516865 431.9220691 -787.16680888
v -126.55761242 496.98254619 -758.92265787
v -331.49960041 317.87514561 -739.41474371
v -290.34311771 462.7325353 -696.94211869
v -484.17234421 352.25304518 -502.82455461
v -449.44267273 518.48284377 -489.42221506
v -389.83929157 498.69842618 -579.93205566
v -428.53665352 361.76230577 -605.66993885
v -301.72026157 661.81756192 -516.23221689
v -280.04267216 639.44111067 -573.27452587
v -249.18653965 607.58994884 -654.46944599
v -123.30009937 569.74589705 -739.03603299
v 4.92687859 550.36846982 -769.07658007
v -391.91467762 320.73152248 11.20151569
v -372.09532261 430.37281303 16.33526973
v -417.37856865 465.75844576 -128.66895634
v -432.22241402 288.57198201 -119.35634546
v -165.14694691 642.45566225 -652.70362831
v -212.83349991 727.12126761 -525.01327917
v -472.86319733 320.1420545 -293.01805944
v -438.6077404 496.80633808 -276.50741088
v -449.44267273 518.48284377 -489.42221506
v -484.17234421 352.25304518 -502.82455461
v 35.43487191 945.89136459 -96.46455559
v 120.69027424 864.83202458 -556.07428336
v -18.99442077 1001.66344863 -279.16872131
v -200.44836998 845.99876264 -8.56537744
v -230.39312363 918.74720996 -149.66855712
v -114.83309269 741.18167417 88.79515374
v -430.62367439 485.12941576 -220.90657509
v -457.57846832 308.2688199 -227.70529047
v 181.74690008 47.68560988 -923.01522078
v 25.45557618 136.00020337 -882.41178821
v -129.16510105 -55.51429007 -891.06577922
v -206.30412102 77.93350194 -843.00977069
v -293.76118183 190.58238616 -783.48496681
v -59.94643569 -91.68256938 -903.61517366
v -82.22612739 -304.78792621 -758.0954532
v -143.77958775 -291.40844433 -737.10918447
v -104.92947102 -181.11756595 -850.74211985
v -21.7656076 -219.35684508 -867.4415231
v -208.12158585 -252.85501072 -706.63695984
v -171.70975208 -143.75698963 -829.23123879
v -129.16510105 -55.51429007 -891.06577922
v -59.94643569 -91.68256938 -903.61517366
v 40.67245126 -126.2040553 -913.10766071
v -281.10926151 -220.73027945 -576.57834272
v -284.3370676 -40.69664195 -714.29709725
v -206.30412102 77.93350194 -843.00977069
v -359.35080051 -38.54034222 -455.89460699
v -345.7018137 91.89041331 -654.00902338
v -293.76118183 190.58238616 -783.48496681
v -423.22278023 84.29710164 -445.47149124
v -406.29534721 229.53507607 -603.37981149
v -331.49960041 317.87514561 -739.41474371
v -477.30541229 270.36933103 -487.90249461
v -484.17234421 352.25304518 -502.82455461
v -428.53665352 361.76230577 -605.66993885
v -348.07760715 136.18770527 54.11083268
v -394.96119022 103.81270027 -257.58272909
v -359.35080051 -38.54034222 -455.89460699
v -327.57894993 -16.68109292 -264.86348834
v -423.22278023 84.29710164 -445.47149124
v -281.10926151 -220.73027945 -576.57834272
v -257.90574551 -181.91380175 -345.8508672
v -243.71528625 -302.18454984 -535.79792822
v -215.47598839 -297.01750908 -331.32257391
v -132.84351826 -252.91497542 10.16501285
v -212.23893166 -93.62047301 37.4346379
v -274.87165928 19.58155437 52.04290429
v -189.64240551 -374.17969838 -447.29240997
v -186.33439541 -360.97281647 -333.66378625
v -77.85167098 -347.03558313 -50.45337387
v -212.23893166 -93.62047301 37.4346379
v -132.84351826 -252.91497542 10.16501285
v -115.03384113 -131.05485829 49.25434042
v 55.74976802 -384.94594208 -592.14385437
v -77.52575278 -398.91573318 -520.03434358
v -110.57817936 -351.28219918 -633.86267661
v 3.12362351 -362.67728189 -693.86428646
v -143.77958775 -291.40844433 -737.10918447
v -82.22612739 -304.78792621 -758.0954532
v -177.26891041 -328.30150221 -591.10984222
v -208.12158585 -252.85501072 -706.63695984
v -243.71528625 -302.18454984 -535.79792822
v -281.10926151 -220.73027945 -576.57834272
v -121.81856632 -385.47426138 -492.27727332
v -189.64240551 -374.17969838 -447.29240997
v -114.84539509 -383.4511177 -375.77084016
v -186.33439541 -360.97281647 -333.66378625
v -2.38947235 -351.51556926 -85.18547649
v -77.85167098 -347.03558313 -50.45337387
v -26.39698088 -389.89605113 -390.48369731
v 44.20505166 -335.95866356 -97.18799482
v 75.70807338 -407.81309472 -430.87556871
v 110.3877306 -332.83538515 -127.70795168
v 451.82728767 -39.78071884 -626.5376503
v 469.68259811 -109.32051969 -502.00036175
v 295.65060139 -269.42887806 -469.70677755
v 265.16788006 -226.52214404 -636.33762484
v 546.33274078 27.78881217 -327.76151156
v 258.65814686 -184.14670243 -147.17957358
v 110.3877306 -332.83538515 -127.70795168
v 75.70807338 -407.81309472 -430.87556871
v 171.15789652 -320.19565684 -620.84273844
v 620.55211067 267.78510327 -249.09972739
v 250.52816868 120.12200127 -14.02113458
v 258.65814686 -184.14670243 -147.17957358
v 546.33274078 27.78881217 -327.76151156
v 515.98477364 437.86481029 -109.39824562
v 366.24560356 279.27963 -45.0214394
v 353.62062454 535.53790542 -30.9746214
v 255.72831631 363.96477269 2.88737615
v -27.50944197 -175.63093595 18.75536472
v 57.69149661 -87.24840701 10.96702596
v -43.46560538 -54.14046222 62.5549345
v 21.75098062 26.60526996 58.8572876
v 142.8924799 1.13395597 3.17868758
v 157.83599615 192.39154461 36.7493763
v -2.38947235 -351.51556926 -85.18547649
v 44.20505166 -335.95866356 -97.18799482
v 110.3877306 -332.83538515 -127.70795168
v -77.85167098 -347.03558313 -50.45337387
v -191.43240452 632.70083698 75.12134138
v -340.25118351 528.93085667 11.47976394
v -197.5943327 527.06977145 74.15376063
v -114.85197544 581.20328196 73.66122671
v -113.00709248 444.60202748 91.11139087
v 8.05011466 565.84902749 57.63797482
v -55.83214164 631.17352614 66.42693131
v -50.30807853 378.84339318 86.89434913
v 63.58782649 517.26337388 55.79796351
v 177.48366594 655.68333075 24.70157938
v 131.27145767 687.61492413 39.13114491
v 60.55814624 721.85937021 64.2598347
v -114.83309269 741.18167417 88.79515374
v 1.34673752 775.82875608 80.37773248
v -204.48489189 362.24430809 73.74938189
v -372.09532261 430.37281303 16.33526973
v -391.91467762 320.73152248 11.20151569
v -348.07760715 136.18770527 54.11083268
v -127.04880238 293.23614896 76.86228147
v -274.87165928 19.58155437 52.04290429
v 656.20660782 375.81337593 -518.18057461
v 635.79363823 383.07519975 -669.32069344
v 620.55211067 267.78510327 -249.09972739
v 652.16231346 324.23464773 -322.09907092
v 657.79128075 367.23814681 -397.86006235
v 663.79666328 349.60845504 -524.74828694
v 652.7566433 321.39262702 -466.714816
v 650.3590107 269.70025771 -336.99860198
v 567.61155128 154.85492373 -547.29988714
v 462.35189438 56.86752383 -720.45718166
v 570.01056671 208.64168622 -645.24978222
v 562.09859848 86.17398222 -434.14899323
v 454.62636948 163.38111205 -802.22151557
v 545.20998001 273.22812014 -735.77108066
v 635.79363823 383.07519975 -669.32069344
v 663.79666328 349.60845504 -524.74828694
v 652.7566433 321.39262702 -466.714816
v 650.3590107 269.70025771 -336.99860198
v 620.55211067 267.78510327 -249.09972739
v 40.67245126 -126.2040553 -913.10766071
v 181.74690008 47.68560988 -923.01522078
v 101.91466808 -155.45552596 -855.14104218
v 311.63547039 -39.56827016 -810.44730495
v 199.6106267 -202.11859254 -762.67062709
v 306.65085316 211.87803776 -876.12899418
v 40.67245126 -126.2040553 -913.10766071
v 20.51025033 -243.63452529 -825.30570829
v -21.7656076 -219.35684508 -867.4415231
v 55.74976802 -384.94594208 -592.14385437
v 3.12362351 -362.67728189 -693.86428646
v 103.08988094 -291.69054055 -733.17074792
v -82.22612739 -304.78792621 -758.0954532
v -477.30541229 270.36933103 -487.90249461
v 635.79363823 383.07519975 -669.32069344
v 545.20998001 273.22812014 -735.77108066
v 593.32914352 575.34971082 -594.85683278
vn 0.06766 0.80403 0.59073
vn 0.49237 0.51053 0.70494
vn 0.49722 0.60038 0.62635
vn 0.17082 0.85491 0.48984
vn 0.79036 0.40288 0.46154
vn 0.7433 0.51477 0.42721
vn 0.997 0.04465 0.06327
vn 0.95423 0.28175 -0.10028
vn 0.70241 0.70138 -0.12119
vn 0.38417 0.92136 0.05933
vn 0.68773 0.59974 0.40908
vn 0.84059 0.48455 -0.24211
vn 0.227 0.88073 0.41567
vn 0.47583 0.64775 0.59498
vn 0.64883 -0.16511 -0.7428
vn 0.3572 -0.10514 -0.92809
vn 0.7833 0.02219 -0.62125
vn 0.89436 -0.16886 -0.41426
vn -0.0116 0.23191 -0.97267
vn 0.41854 0.65113 -0.63313
vn 0.64339 0.27285 -0.71526
vn 0.25721 0.07871 -0.96314
vn -0.35433 0.3951 -0.84755
vn -0.31645 0.82094 -0.47531
vn -0.27895 0.82289 -0.49502
vn -0.29546 0.38186 -0.87572
vn -0.27608 0.78529 -0.55417
vn -0.27782 0.35375 -0.89313
vn -0.16248 0.62423 -0.76416
vn -0.11649 0.77411 -0.62225
vn -0.56556 0.36455 -0.73976
vn -0.5286 0.72716 -0.43798
vn -0.30846 0.21827 -0.92586
vn -0.49469 0.84796 -0.19038
vn -0.25725 0.95306 -0.15971
vn -0.43416 0.85856 0.27272
vn -0.18425 0.90704 0.37859
vn -0.16587 0.9861 0.01016
vn -0.47133 0.87946 -0.06626
vn -0.18464 0.96666 -0.17744
vn -0.09674 0.86976 0.48391
vn -0.0842 0.99177 0.09644
vn -0.07209 0.99696 0.02954
vn -0.16783 0.95214 -0.25548
vn 0.05625 0.8957 -0.44109
vn -0.07419 0.52788 0.84607
vn 0.16615 0.47906 0.86192
vn -0.25233 0.55414 0.79326
vn -0.20646 0.25478 0.9447
vn 0.15644 0.31236 0.93699
vn 0.1482 0.42235 0.89423
vn -0.11081 0.43685 0.89268
vn -0.63022 0.14719 0.76234
vn -0.29564 0.40365 0.86583
vn 0.32976 0.26884 0.90498
vn 0.33379 0.34456 0.87742
vn 0.433 0.20869 0.8769
vn 0.46025 0.25038 0.85175
vn 0.66422 -0.09723 0.74119
vn 0.67608 0.15824 0.71963
vn 0.90379 -0.34163 0.25779
vn 0.96196 -0.02799 0.27177
vn 0.83287 0.10303 0.54379
vn 0.79335 -0.21229 0.57056
vn 0.82143 0.31688 0.47418
vn 0.77591 0.34877 0.52566
vn 0.69059 0.33211 0.64249
vn 0.47986 0.31874 0.8174
vn 0.34105 0.38786 0.8563
vn 0.69475 -0.32662 -0.64082
vn 0.66706 -0.2389 -0.70566
vn 0.90778 -0.31892 -0.27244
vn 0.82682 -0.5194 -0.21583
vn 0.61008 0.48031 0.63016
vn 0.72026 0.43475 0.54056
vn 0.87243 -0.47113 -0.12998
vn 0.9454 -0.30117 -0.12455
vn 0.92649 -0.32967 -0.18147
vn 0.84142 -0.50989 -0.17894
vn -0.21019 0.05261 0.97624
vn 0.20063 0.15684 0.96703
vn 0.38982 -0.19251 0.90055
vn 0.51813 -0.1569 0.84079
vn 0.60748 -0.22416 0.76205
vn 0.19648 -0.14787 0.96929
vn -0.10322 -0.757 0.64521
vn 0.13688 -0.80674 0.57483
vn 0.19282 -0.53587 0.82199
vn -0.1912 -0.50082 0.84417
vn 0.41237 -0.7573 0.5064
vn 0.45816 -0.54303 0.70371
vn -0.22035 -0.1721 0.96012
vn 0.62095 -0.75322 0.21696
vn 0.6761 -0.5492 0.49118
vn 0.65177 -0.75596 0.06092
vn 0.69496 -0.56065 0.45023
vn 0.6783 -0.72649 0.11014
vn 0.69455 -0.5339 0.48223
vn 0.78042 -0.58488 0.22105
vn 0.46744 -0.54066 -0.69942
vn 0.63731 -0.75725 -0.14289
vn 0.56507 -0.81127 -0.15016
vn 0.61995 -0.77014 -0.15019
vn 0.46086 -0.87116 0.16938
vn 0.60151 -0.78286 -0.15913
vn 0.13148 -0.6941 -0.70777
vn 0.36938 -0.62941 -0.68367
vn 0.34114 -0.595 -0.72773
vn 0.17201 -0.98219 0.07557
vn 0.1804 -0.97694 -0.1142
vn -0.1359 -0.8319 -0.53803
vn -0.11753 -0.29116 -0.94943
vn -0.57758 -0.75588 0.30831
vn -0.23469 -0.95345 0.18937
vn -0.04633 -0.92753 0.37087
vn -0.4205 -0.74907 0.51193
vn 0.17139 -0.91648 0.3615
vn -0.1178 -0.9779 0.17274
vn -0.33324 -0.94245 -0.0271
vn -0.53533 -0.71369 -0.45174
vn -0.41311 -0.91023 -0.02857
vn -0.59534 -0.59296 -0.54218
vn -0.66639 -0.74528 0.02173
vn -0.70079 -0.547 -0.45791
vn -0.91283 -0.13422 0.38564
vn -0.96735 -0.2155 0.1334
vn -0.90747 -0.41461 0.06788
vn -0.83727 -0.3449 0.42428
vn -0.95456 -0.09702 -0.28179
vn -0.80592 -0.26924 -0.52725
vn -0.79566 -0.48196 0.36693
vn -0.85342 0.16593 -0.49411
vn -0.55964 -0.06006 -0.82656
vn -0.53286 0.0145 -0.84608
vn -0.33045 0.06488 -0.94159
vn -0.45281 -0.24925 -0.85606
vn -0.50173 -0.18858 -0.84422
vn -0.21702 -0.17552 -0.96026
vn -0.2617 -0.1088 -0.959
vn -0.51752 -0.13633 -0.84474
vn -0.31361 -0.00952 -0.9495
vn 0.21641 -0.13776 -0.96653
vn -0.05927 -0.03784 -0.99752
vn 0.00995 -0.03723 -0.99926
vn -0.1511 0.03168 -0.98801
vn -0.18821 -0.04889 -0.98091
vn -0.12455 -0.02228 -0.99196
vn -0.20115 0.06611 -0.97733
vn 0.16212 -0.1374 -0.97716
vn -0.03913 -0.1215 -0.99182
vn -0.78798 0.61533 -0.02158
vn -0.72786 0.46338 0.50547
vn -0.84096 0.47143 -0.26558
vn -0.81836 0.56286 -0.11606
vn -0.94054 0.31728 0.12134
vn -0.97541 0.21 0.06687
vn -0.98332 0.17292 -0.0564
vn -0.97569 0.01505 0.21864
vn -0.86843 -0.05545 0.4927
vn -0.93943 0.03055 0.34138
vn -0.98976 0.04541 0.13529
vn -0.69617 0.23957 0.67673
vn -0.59217 -0.25621 0.764
vn -0.68586 -0.1327 0.71553
vn -0.71231 -0.2881 0.64001
vn -0.50286 -0.47664 0.72107
vn -0.66459 -0.44589 0.59958
vn -0.12494 0.33708 0.93315
vn -0.30437 -0.1602 0.93899
vn -0.19282 -0.13316 0.97216
vn 0.00113 0.25706 0.96639
vn -0.10221 -0.49615 0.8622
vn -0.02594 -0.40902 0.91216
vn 0.10371 -0.8714 0.47949
vn 0.35219 -0.74605 0.56513
vn 0.5339 -0.34166 0.77345
vn 0.43676 0.055 0.8979
vn 0.02225 -0.32427 0.9457
vn 0.55578 -0.5697 0.60544
vn 0.08567 0.21095 0.97374
vn -0.14613 -0.09644 0.98455
vn 0.65816 -0.72097 -0.21687
vn 0.8075 -0.44979 -0.38161
vn 0.65943 -0.75059 0.04206
vn 0.40435 -0.91368 0.04126
vn 0.95463 0.02222 -0.29695
vn 0.91657 -0.15412 0.36897
vn 0.84038 -0.52582 0.13142
vn 0.91108 -0.28422 -0.29857
vn 0.8755 0.41155 -0.25322
vn 0.75793 0.59359 0.27055
vn 0.78117 0.55896 0.27809
vn 0.90189 0.35042 -0.25257
vn 0.8153 0.53491 0.22172
vn 0.9062 0.32094 -0.27531
vn 0.93766 0.34483 0.04331
vn 0.89131 0.38054 0.2465
vn 0.73808 0.59803 -0.3124
vn 0.65183 0.74745 0.12821
vn 0.86644 0.28746 -0.40822
vn 0.49804 0.79109 0.35515
vn 0.55381 0.62544 0.54966
vn 0.10831 0.78293 0.61261
vn 0.07355 0.5886 0.80507
vn 0.43416 0.57278 0.69529
vn 0.40814 0.79476 0.44919
vn 0.5857 0.56443 0.5817
vn -0.02362 0.50345 0.8637
vn 0.37303 0.50957 0.77536
vn 0.43536 0.49488 0.75203
vn 0.64909 0.53604 0.53977
vn 0.81494 0.29366 0.49964
vn -0.49728 0.36922 0.7851
vn -0.50095 0.13368 0.85509
vn -0.4635 0.53586 0.7057
vn -0.73043 0.37994 0.56755
vn -0.64639 0.07767 0.75904
vn -0.55832 0.1284 0.81963
vn -0.58591 0.36733 0.72234
vn -0.68105 0.69832 0.22029
vn -0.60376 0.51681 0.60694
vn -0.61515 -0.09965 0.78209
vn -0.55481 -0.07331 0.82874
vn -0.60486 -0.22075 0.76512
vn -0.55951 -0.22966 0.79637
vn -0.59937 -0.57203 0.55994
vn -0.45825 -0.47509 0.7512
vn -0.261 -0.93568 0.23744
vn -0.11695 -0.85225 0.50989
vn -0.30962 -0.65555 0.68876
vn -0.48736 -0.75279 0.44247
vn -0.14954 -0.55985 0.81499
vn -0.18559 -0.50061 0.84554
vn -0.30693 -0.42055 0.85377
vn -0.49462 -0.22108 0.84052
vn -0.51498 -0.06314 0.85487
vn 0.49942 -0.82229 -0.27281
vn 0.59348 -0.76564 -0.24815
vn 0.21183 -0.97731 -3E-05
vn 0.05664 -0.98538 -0.16068
vn -0.23729 -0.28575 0.92846
vn -0.16563 -0.4124 0.89582
vn 0.01102 -0.99795 -0.06299
vn 0.09668 -0.99019 0.10084
vn 0.13014 -0.99054 0.04346
vn 0.03104 -0.9911 -0.12943
vn -0.85393 0.29946 0.42559
vn -0.73992 -0.026 0.67219
vn -0.821 -0.35183 0.44964
vn -0.73445 -0.4573 0.50146
vn -0.68534 -0.57355 0.44872
vn -0.88646 -0.15269 0.43688
vn -0.93356 -0.17359 -0.31359
vn -0.86265 -0.4171 -0.28612
vn -0.94206 -0.32903 0.06531
vn -0.99784 0.0332 -0.05661
vn -0.74168 -0.64973 -0.16661
vn -0.80584 -0.58128 0.11286
vn -0.94749 0.21079 0.24049
vn -0.45899 -0.86157 -0.21684
vn -0.59366 -0.79899 0.09586
vn -0.3202 -0.90452 -0.28163
vn -0.56081 -0.82453 0.07511
vn -0.34548 -0.91128 -0.2241
vn -0.57611 -0.8098 0.111
vn -0.36098 -0.93238 -0.01892
vn 0.4179 -0.715 -0.56048
vn -0.14539 -0.91041 -0.38732
vn -0.17454 -0.8693 -0.46245
vn -0.1475 -0.901 -0.40798
vn -0.49542 -0.7725 -0.39724
vn -0.14829 -0.89068 -0.42977
vn 0.30626 -0.47955 -0.82234
vn 0.34871 -0.66348 -0.66196
vn 0.3994 -0.62732 -0.66855
vn -0.50612 -0.5689 -0.64822
vn -0.33727 -0.59128 -0.73255
vn 0.05646 -0.28294 -0.95747
vn 0.67261 -0.10468 -0.73255
vn -0.7053 0.22291 -0.67295
vn -0.64778 -0.18068 -0.7401
vn -0.7675 -0.32256 -0.55399
vn -0.85762 0.10297 -0.50387
vn -0.72405 -0.51441 -0.4595
vn -0.6287 -0.29775 -0.71839
vn -0.46771 -0.10691 -0.87739
vn -0.01791 0.13459 -0.99074
vn -0.46227 -0.02142 -0.88648
vn 0.10953 0.23213 -0.9665
vn -0.4631 0.28151 -0.84041
vn 0.04334 0.35421 -0.93416
vn -0.52518 0.79777 -0.29622
vn -0.35156 0.78921 -0.50354
vn -0.38033 0.64411 -0.66368
vn -0.64793 0.64301 -0.40832
vn 0.0676 0.79109 -0.60795
vn 0.22041 0.56155 -0.79755
vn -0.65702 0.54168 -0.52432
vn 0.39064 0.79379 -0.46614
vn 0.61381 0.40286 -0.67893
vn 0.66972 0.40902 -0.61982
vn 0.80463 0.24004 -0.5431
vn 0.56483 0.22307 -0.79449
vn 0.57642 0.29415 -0.76238
vn 0.72294 0.03333 -0.6901
vn 0.74718 0.10221 -0.65672
vn 0.5994 0.33068 -0.72895
vn 0.77866 0.1923 -0.59725
vn 0.8061 -0.34068 -0.48388
vn 0.84221 -0.05277 -0.53656
vn 0.85359 -0.11493 -0.50811
vn 0.85411 0.06043 -0.51657
vn 0.80472 0.05985 -0.59063
vn 0.83571 0.01303 -0.54901
vn 0.85416 0.12113 -0.5057
vn 0.80802 -0.29268 -0.51131
vn 0.80052 -0.10624 -0.58981
vn 0.20069 0.9702 0.13575
vn -0.32155 0.8985 0.29884
vn 0.33778 0.93416 -0.11512
vn 0.25395 0.96651 0.03699
vn -0.08558 0.99244 -0.08792
vn -0.09366 0.97289 -0.21144
vn -0.00497 0.953 -0.30294
vn -0.31795 0.90325 -0.28819
vn -0.57501 0.80128 -0.16529
vn -0.41246 0.88834 -0.20179
vn -0.23299 0.92141 -0.31099
vn -0.572 0.78948 0.22258
vn -0.86787 0.49129 -0.07373
vn -0.78027 0.6241 -0.04102
vn -0.7916 0.57446 -0.20823
vn -0.92232 0.31264 -0.22712
vn -0.82438 0.46026 -0.32948
vn 0.6438 -0.48638 0.59073
vn 0.16892 -0.68887 0.70493
vn 0.24229 -0.74094 0.62634
vn 0.63176 -0.60078 0.48984
vn -0.08115 -0.8834 0.46154
vn 0.03855 -0.90333 0.42721
vn -0.49439 -0.86694 0.06327
vn -0.27107 -0.95732 -0.10029
vn 0.21818 -0.96835 -0.12119
vn 0.57406 -0.81666 0.05933
vn 0.14005 -0.90169 0.40908
vn -0.03888 -0.96947 -0.24211
vn 0.62359 -0.66208 0.41567
vn 0.29378 -0.74813 0.59498
vn -0.48596 -0.46053 -0.7428
vn -0.27958 -0.24595 -0.92808
vn -0.39932 -0.67423 -0.62125
vn -0.62017 -0.66616 -0.41428
vn 0.20231 -0.11396 -0.97267
vn 0.32723 -0.70148 -0.63312
vn -0.11268 -0.68971 -0.71526
vn -0.07071 -0.2595 -0.96315
vn 0.52325 0.08872 -0.84755
vn 0.86312 -0.17057 -0.47531
vn 0.84476 -0.20332 -0.49502
vn 0.48062 0.04599 -0.87572
vn 0.81143 -0.18571 -0.55416
vn 0.44745 0.04611 -0.89312
vn 0.61461 -0.19578 -0.76415
vn 0.7168 -0.31465 -0.62225
vn 0.61015 0.28365 -0.73977
vn 0.89706 0.05884 -0.43798
vn 0.34923 0.14432 -0.92586
vn 0.98111 -0.03424 -0.19038
vn 0.94325 -0.29115 -0.15971
vn 0.95777 -0.0911 0.27272
vn 0.86537 -0.32833 0.37859
vn 0.92241 -0.38607 0.01016
vn 0.99529 -0.07083 -0.06626
vn 0.91601 -0.35979 -0.17744
vn 0.78715 -0.3824 0.48391
vn 0.88362 -0.45816 0.09644
vn 0.88154 -0.47118 0.02954
vn 0.89474 -0.36629 -0.25548
vn 0.7274 -0.52567 -0.4411
vn 0.48599 -0.21901 0.84608
vn 0.31642 -0.3962 0.86192
vn 0.60328 -0.08237 0.79326
vn 0.32567 0.03861 0.94469
vn 0.18064 -0.29902 0.93699
vn 0.27806 -0.35075 0.89423
vn 0.42858 -0.13944 0.89268
vn 0.46087 0.45434 0.76234
vn 0.49914 0.03455 0.86583
vn 0.05133 -0.42235 0.90498
vn 0.11319 -0.46618 0.87742
vn -0.0546 -0.47756 0.8769
vn -0.03391 -0.52285 0.85175
vn -0.43676 -0.50977 0.7412
vn -0.22703 -0.65619 0.71964
vn -0.77131 -0.58191 0.2578
vn -0.53712 -0.79852 0.27178
vn -0.35742 -0.7593 0.5438
vn -0.603 -0.55755 0.57055
vn -0.17045 -0.86378 0.47417
vn -0.11921 -0.8423 0.52566
vn -0.08777 -0.76126 0.64248
vn 0.0134 -0.57593 0.81739
vn 0.14594 -0.49542 0.85631
vn -0.64704 -0.41317 -0.64081
vn -0.55808 -0.43655 -0.70567
vn -0.75423 -0.59742 -0.27245
vn -0.88057 -0.42193 -0.21583
vn 0.08051 -0.77228 0.63016
vn -0.01682 -0.84114 0.54056
vn -0.86409 -0.48626 -0.12998
vn -0.7593 -0.63871 -0.12455
vn -0.77333 -0.60748 -0.18147
vn -0.88031 -0.43936 -0.17894
vn 0.15669 0.14964 0.97625
vn 0.02551 -0.2534 0.96703
vn -0.37086 -0.22688 0.90055
vn -0.40927 -0.35439 0.84078
vn -0.51382 -0.39403 0.76206
vn -0.22993 -0.08719 0.96929
vn -0.58505 0.49136 0.6452
vn -0.75526 0.31487 0.57483
vn -0.55609 0.12296 0.82197
vn -0.32146 0.42901 0.84416
vn -0.86051 0.05548 0.5064
vn -0.70376 -0.09757 0.7037
vn -0.02789 0.27822 0.96011
vn -0.96839 -0.12305 0.21696
vn -0.82531 -0.27858 0.49118
vn -0.98716 -0.14765 0.06092
vn -0.84505 -0.28844 0.45022
vn -0.97639 -0.1858 0.11014
vn -0.82221 -0.30235 0.48223
vn -0.91116 -0.34774 0.22105
vn -0.70671 -0.1067 -0.69941
vn -0.98053 -0.13471 -0.14289
vn -0.98765 -0.0448 -0.15015
vn -0.98216 -0.11316 -0.15018
vn -0.98267 0.07526 0.16938
vn -0.98308 -0.09076 -0.15913
vn -0.65714 0.25926 -0.70778
vn -0.72941 0.02356 -0.68367
vn -0.68525 0.02908 -0.72773
vn -0.9224 0.37878 0.07557
vn -0.92243 0.36888 -0.1142
vn -0.63095 0.55896 -0.53802
vn -0.18348 0.25481 -0.94943
vn -0.3309 0.89188 0.30831
vn -0.68097 0.7074 0.18937
vn -0.75962 0.53427 0.37087
vn -0.40899 0.75542 0.51193
vn -0.8665 0.34423 0.3615
vn -0.76406 0.62159 0.17274
vn -0.61908 0.78486 -0.0271
vn -0.31776 0.83364 -0.45174
vn -0.54922 0.83519 -0.02857
vn -0.18363 0.81996 -0.54217
vn -0.27452 0.96134 0.02173
vn -0.08848 0.88458 -0.45792
vn 0.37371 0.84358 0.38564
vn 0.33406 0.93306 0.1334
vn 0.13373 0.98869 0.06787
vn 0.15522 0.89213 0.42427
vn 0.42743 0.85901 -0.28179
vn 0.20246 0.82524 -0.52725
vn 0.01712 0.93009 0.36693
vn 0.59586 0.63309 -0.49411
vn 0.24791 0.50531 -0.82656
vn 0.2967 0.44286 -0.84607
vn 0.23124 0.24479 -0.9416
vn 0.03092 0.51599 -0.85604
vn 0.10834 0.52495 -0.84421
vn -0.03256 0.27721 -0.96026
vn 0.04767 0.2794 -0.95899
vn 0.16093 0.5104 -0.84474
vn 0.15931 0.27031 -0.9495
vn -0.23203 -0.10947 -0.96653
vn -0.00034 0.07035 -0.99752
vn -0.03681 0.01141 -0.99926
vn 0.10746 0.11087 -0.98801
vn 0.05908 0.18525 -0.98091
vn 0.04761 0.11722 -0.99196
vn 0.16328 0.1348 -0.97733
vn -0.20271 -0.06372 -0.97716
vn -0.08182 0.09794 -0.99182
vn 0.94093 0.33791 -0.02158
vn 0.78036 0.36816 0.50547
vn 0.84755 0.4595 -0.26558
vn 0.91279 0.39159 -0.11606
vn 0.77034 0.62598 0.12134
vn 0.69822 0.71275 0.06687
vn 0.67108 0.73923 -0.0564
vn 0.53354 0.81703 0.21864
vn 0.41662 0.76399 0.4927
vn 0.52728 0.77809 0.34139
vn 0.56671 0.81273 0.13529
vn 0.57419 0.46081 0.67673
vn 0.0994 0.63752 0.76399
vn 0.25386 0.65083 0.71553
vn 0.13657 0.75612 0.64002
vn -0.13465 0.67965 0.72107
vn -0.02231 0.8 0.59958
vn 0.74519 -0.5741 -0.33925
vn 0.33125 -0.6849 -0.64898
vn 0.41381 -0.60456 -0.68064
vn 0.75883 -0.47015 -0.45071
vn 0.13025 -0.43742 -0.88977
vn 0.25096 -0.40198 -0.88059
vn -0.27989 -0.04166 -0.95913
vn -0.04352 0.12534 -0.99116
vn 0.43477 0.14884 -0.88816
vn 0.7479 -0.03412 -0.66293
vn 0.34914 -0.38344 -0.85503
vn 0.18358 0.26851 -0.94562
vn 0.76426 -0.39434 -0.51031
vn 0.46521 -0.57279 -0.67491
vn -0.37441 0.75294 -0.5412
vn -0.22526 0.93319 -0.28002
vn -0.23942 0.6377 -0.73213
vn -0.45388 0.42956 -0.78068
vn 0.21254 0.97637 -0.039
vn 0.47357 0.65372 -0.59024
vn 0.04199 0.73345 -0.67845
vn -0.01932 0.96958 -0.244
vn 0.47928 0.84722 0.22914
vn 0.87394 0.48385 0.04599
vn 0.86343 0.50437 0.01041
vn 0.44738 0.87636 0.17845
vn 0.82629 0.56284 0.02136
vn 0.41488 0.8936 0.17133
vn 0.63484 0.77212 -0.02854
vn 0.76329 0.63401 -0.12418
vn 0.51996 0.73452 0.43603
vn 0.85432 0.44039 0.27602
vn 0.29628 0.92315 0.24498
vn 0.96034 0.19581 0.19853
vn 0.98321 0.17207 -0.06082
vn 0.95581 -0.26563 0.12595
vn 0.9219 -0.36538 -0.12882
vn 0.98673 0.00476 -0.1623
vn 0.98393 0.07285 0.16303
vn 0.97237 0.19154 -0.13343
vn 0.85946 -0.46951 -0.20222
vn 0.9666 -0.07965 -0.2436
vn 0.96685 -0.01245 -0.25505
vn 0.95234 0.26963 -0.14264
vn 0.82435 0.45879 -0.33159
vn 0.53268 -0.83744 -0.12229
vn 0.40881 -0.84921 -0.33425
vn 0.61461 -0.78787 0.03903
vn 0.31822 -0.94387 0.0886
vn 0.25508 -0.92755 -0.27309
vn 0.36135 -0.88292 -0.29979
vn 0.45892 -0.88649 -0.05942
vn 0.35167 -0.7724 0.52889
vn 0.48705 -0.86411 0.12684
vn 0.15745 -0.89275 -0.42214
vn 0.22746 -0.8637 -0.44976
vn 0.06681 -0.86366 -0.49963
vn 0.09714 -0.83718 -0.53824
vn -0.299 -0.7289 -0.61588
vn -0.06134 -0.70233 -0.7092
vn -0.61304 -0.24528 -0.75101
vn -0.33501 -0.25221 -0.90783
vn -0.16627 -0.52434 -0.83512
vn -0.4515 -0.5578 -0.69642
vn 0.03897 -0.45098 -0.89168
vn 0.08445 -0.5028 -0.86027
vn 0.09757 -0.62168 -0.77717
vn 0.15507 -0.80116 -0.57801
vn 0.26585 -0.84165 -0.47005
vn -0.54095 0.64893 -0.53503
vn -0.44973 0.71479 -0.53555
vn -0.59864 0.28527 -0.7485
vn -0.76148 0.22328 -0.60852
vn 0.26372 -0.60826 -0.74865
vn 0.18394 -0.51727 -0.83582
vn -0.72964 0.13929 -0.66949
vn -0.59242 0.13853 -0.79363
vn -0.61389 0.19453 -0.76505
vn -0.75682 0.18687 -0.62635
vn 0.12851 -0.97925 0.15668
vn 0.09394 -0.95955 -0.26539
vn -0.29854 -0.89568 -0.32961
vn -0.30706 -0.8326 -0.46097
vn -0.40047 -0.7533 -0.52169
vn -0.19294 -0.96759 -0.16291
vn -0.67571 -0.66121 0.32592
vn -0.80129 -0.5868 0.11668
vn -0.56043 -0.82765 -0.03018
vn -0.40267 -0.85716 0.32115
vn -0.84445 -0.51177 -0.15812
vn -0.65443 -0.70403 -0.27581
vn -0.08097 -0.96753 0.23943
vn -0.9113 -0.218 -0.34929
vn -0.73316 -0.48715 -0.47451
vn -0.92557 -0.06143 -0.37355
vn -0.75052 -0.44606 -0.4876
vn -0.90575 -0.10953 -0.40942
vn -0.72474 -0.47757 -0.49667
vn -0.80363 -0.21565 -0.55469
vn -0.67048 0.6988 -0.24928
vn -0.92434 0.14198 -0.35418
vn -0.95211 0.14674 -0.26823
vn -0.93098 0.14866 -0.33342
vn -0.97155 -0.176 -0.15849
vn -0.93715 0.15696 -0.31163
vn -0.70698 0.69727 0.11832
vn -0.72253 0.67934 -0.12824
vn -0.68132 0.72344 -0.11149
vn -0.98409 -0.09028 0.15302
vn -0.98391 0.09968 0.14826
vn -0.74889 0.51948 0.41147
vn -0.24775 0.94118 0.22978
vn -0.52472 -0.33431 0.78288
vn -0.82394 -0.21196 0.52555
vn -0.85844 -0.389 0.33431
vn -0.56689 -0.53445 0.62689
vn -0.9186 -0.3749 0.12501
vn -0.88511 -0.19337 0.4233
vn -0.784 0.00259 0.62075
vn -0.50674 0.42712 0.74885
vn -0.72767 0.00296 0.68592
vn -0.37411 0.51853 0.76888
vn -0.48904 -0.04947 0.87086
vn -0.29555 0.43298 0.85158
vn 0.17277 -0.40697 0.89695
vn 0.11079 -0.15748 0.98129
vn -0.09763 -0.09446 0.99073
vn -0.05054 -0.44796 0.89262
vn 0.21421 0.26002 0.94154
vn 0.00046 0.50525 0.86297
vn -0.19429 -0.39233 0.89907
vn 0.42794 0.47927 0.76627
vn 0.11536 0.81348 0.57003
vn 0.17704 0.83494 0.52108
vn 0.15809 0.93557 0.31578
vn -0.09851 0.84165 0.53097
vn -0.02515 0.82993 0.5573
vn -0.10624 0.9521 0.28675
vn -0.02866 0.95114 0.30741
vn 0.02936 0.83111 0.55533
vn 0.08216 0.94243 0.32414
vn -0.21098 0.96808 -0.13529
vn -0.0275 0.9952 0.09397
vn -0.04935 0.99838 0.02829
vn 0.06812 0.98507 0.15809
vn 0.00394 0.9757 0.21907
vn 0.00839 0.98857 0.15052
vn 0.11701 0.974 0.19401
vn -0.19315 0.97759 -0.08377
vn -0.11307 0.98836 0.10181
vn 0.83705 0.01666 0.54687
vn 0.6796 -0.51175 0.5256
vn 0.71543 0.25679 0.64978
vn 0.79622 0.1095 0.59501
vn 0.60606 -0.13493 0.78389
vn 0.51526 -0.0832 0.85299
vn 0.48138 0.03916 0.87563
vn 0.33257 -0.23857 0.9124
vn 0.23412 -0.5116 0.82671
vn 0.33684 -0.36022 0.86993
vn 0.36495 -0.15498 0.91804
vn 0.45947 -0.68647 0.5636
vn -0.0423 -0.7808 0.62335
vn 0.10431 -0.732 0.67328
vn -0.03491 -0.65995 0.7505
vn -0.28023 -0.74012 0.6113
vn -0.20008 -0.62148 0.75745
vn 0.57406 -0.81666 0.0593
vn -0.03888 -0.96948 -0.24208
vn 0.89475 -0.3663 -0.25545
vn 0.48601 -0.219 0.84607
vn -0.63093 0.55897 -0.53803
vn 0.03092 0.51598 -0.85604
vn 0.04764 0.2794 -0.95899
vn 0.27343 0.64311 0.71529
vn -0.23689 0.74577 0.62266
vn -0.20231 0.67332 0.71113
vn 0.20268 0.5477 0.81175
vn -0.54971 0.50146 0.6681
vn -0.45928 0.47362 0.7515
vn -0.88449 0.08454 0.45883
vn -0.74338 -0.06394 0.6658
vn -0.33709 -0.06211 0.93942
vn 0.04239 0.12644 0.99107
vn -0.37273 0.46005 0.80587
vn -0.55289 -0.19429 0.81029
vn 0.16358 0.4764 0.86388
vn -0.16252 0.64473 0.74694
vn -0.64944 -0.73983 0.17573
vn -0.35792 -0.92618 0.11866
vn -0.69306 -0.60382 0.39379
vn -0.87693 -0.40775 0.25444
vn 0.11951 -0.95551 0.26967
vn -0.09577 -0.58139 0.80797
vn -0.45898 -0.68385 0.56717
vn -0.18898 -0.95101 0.24467
vn 0.4977 -0.82639 0.26338
vn 0.64002 -0.42651 0.63911
vn 0.60712 -0.44534 0.65809
vn 0.43911 -0.85425 0.27827
vn 0.58921 -0.50675 0.62931
vn 0.4114 -0.87313 0.26152
vn 0.42034 -0.72465 0.54608
vn 0.44072 -0.57244 0.69143
vn 0.67483 -0.72476 0.13901
vn 0.79193 -0.39932 0.46195
vn 0.38203 -0.91519 0.12836
vn 0.80979 -0.14374 0.56884
vn 0.63904 -0.10187 0.7624
vn 0.75441 0.32009 0.57307
vn 0.54755 0.43353 0.71571
vn 0.56848 0.07141 0.81959
vn 0.80065 -0.01746 0.59888
vn 0.57928 -0.11734 0.80664
vn 0.45135 0.53777 0.7121
vn 0.496 0.1594 0.85357
vn 0.48794 0.09324 0.86788
vn 0.55872 -0.19584 0.8059
vn 0.33388 -0.38055 0.86239
vn 0.2819 0.87721 0.38863
vn 0.0434 0.8943 0.44536
vn 0.45492 0.82293 0.34035
vn 0.28475 0.95532 0.07929
vn -0.01932 0.95813 0.28569
vn 0.03522 0.92249 0.38441
vn 0.27596 0.91708 0.28777
vn 0.62478 0.75849 -0.18531
vn 0.4295 0.8847 0.18119
vn -0.19438 0.92657 0.32201
vn -0.16563 0.90407 0.39397
vn -0.31307 0.89654 0.31337
vn -0.31981 0.87467 0.36424
vn -0.65078 0.74545 0.14414
vn -0.55288 0.74085 0.3814
vn -0.96611 0.25166 0.05738
vn -0.88585 0.28719 0.3644
vn -0.71635 0.56473 0.40978
vn -0.81465 0.5701 0.10642
vn -0.6145 0.509 0.60275
vn -0.56031 0.56162 0.6088
vn -0.49141 0.6755 0.54973
vn -0.30818 0.84523 0.43658
vn -0.15357 0.88598 0.43756
vn -0.76065 -0.64776 0.04251
vn -0.69766 -0.70725 0.11432
vn -0.9543 -0.2758 0.11512
vn -0.96667 -0.2339 -0.10407
vn -0.3555 0.67138 0.65029
vn -0.47363 0.58106 0.66185
vn -0.98843 -0.14426 -0.04688
vn -0.98245 -0.12638 0.13718
vn -0.9768 -0.18537 0.10724
vn -0.97626 -0.1962 -0.09174
vn 0.20198 0.97353 -0.10697
vn -0.12568 0.97876 0.16197
vn -0.44448 0.89314 -0.06891
vn -0.54492 0.83821 0.02164
vn -0.65348 0.75694 0.00406
vn -0.25123 0.96105 -0.11518
vn -0.23475 0.59238 -0.7707
vn -0.4725 0.52338 -0.70909
vn -0.41095 0.78869 -0.45727
vn -0.04856 0.80597 -0.58996
vn -0.70023 0.46346 -0.54303
vn -0.65293 0.67515 -0.34331
vn 0.116 0.94258 -0.31319
vn -0.88421 0.17881 -0.43151
vn -0.85058 0.46673 -0.24223
vn -0.91158 0.02353 -0.41045
vn -0.87206 0.4255 -0.2418
vn -0.92361 0.07505 -0.37591
vn -0.86068 0.45917 -0.21998
vn -0.95721 0.19685 -0.21214
vn -0.645 -0.72444 -0.24324
vn -0.89678 -0.18019 -0.40414
vn -0.85423 -0.1923 -0.48303
vn -0.88646 -0.18861 -0.42263
vn -0.78877 0.12067 -0.60273
vn -0.87507 -0.19871 -0.44133
vn -0.40585 -0.74901 -0.52371
vn -0.59406 -0.71632 -0.36602
vn -0.55341 -0.75856 -0.34398
vn -0.5733 0.01447 -0.81922
vn -0.5766 -0.17436 -0.7982
vn -0.22401 -0.59363 -0.77293
vn -0.00671 -0.96842 -0.24922
vn 0.19889 0.24754 -0.94824
vn -0.19407 0.12235 -0.97333
vn -0.35561 0.30861 -0.88221
vn 0.05735 0.45407 -0.88912
vn -0.54798 0.30403 -0.77928
vn -0.3101 0.10633 -0.94474
vn -0.09781 -0.09476 -0.99068
vn 0.18687 -0.50722 -0.84131
vn -0.01181 -0.09559 -0.99535
vn 0.29339 -0.59068 -0.75168
vn 0.28694 -0.03931 -0.95714
vn 0.40746 -0.50558 -0.7605
vn 0.76537 0.35906 -0.53412
vn 0.78299 0.10105 -0.61377
vn 0.64502 0.0238 -0.7638
vn 0.60715 0.38524 -0.69495
vn 0.82622 -0.30519 -0.47351
vn 0.62125 -0.55856 -0.54959
vn 0.51195 0.31987 -0.79724
vn 0.84854 -0.49799 -0.17888
vn 0.49026 -0.83897 -0.23616
vn 0.49789 -0.85307 -0.15617
vn 0.33702 -0.94132 -0.01843
vn 0.31359 -0.87875 -0.3598
vn 0.38351 -0.86389 -0.32653
vn 0.13251 -0.97353 -0.18623
vn 0.20127 -0.96874 -0.14503
vn 0.41998 -0.86129 -0.286
vn 0.2903 -0.95375 -0.07798
vn -0.24388 -0.96928 0.03204
vn 0.04849 -0.9988 0.00748
vn -0.01392 -0.9992 0.03751
vn 0.16105 -0.98647 0.0307
vn 0.16038 -0.98533 -0.05826
vn 0.11414 -0.99344 -0.0065
vn 0.22086 -0.97449 0.03989
vn -0.1944 -0.98087 0.01007
vn -0.00528 -0.99819 -0.05988
vn 0.9748 0.00397 0.22306
vn 0.85014 0.52105 0.07599
vn 0.96438 -0.2498 0.08698
vn 0.98108 -0.09424 0.16911
vn 0.98492 0.12431 -0.12034
vn 0.97158 0.06232 -0.22837
vn 0.96435 -0.06324 -0.25697
vn 0.88746 0.20103 -0.41472
vn 0.75742 0.47183 -0.45132
vn 0.85986 0.32516 -0.39358
vn 0.914 0.11958 -0.38769
vn 0.72461 0.67789 -0.12412
vn 0.41912 0.73451 -0.53369
vn 0.55689 0.69249 -0.45862
vn 0.51575 0.60651 -0.60511
vn 0.24519 0.67896 -0.69202
vn 0.40603 0.55676 -0.72468
vt 0.18949 0.13144
vt 0.19022 0.21917
vt 0.16584 0.20123
vt 0.16128 0.15038
vt 0.1141 0.3011
vt 0.08995 0.27134
vt 0.08392 0.37696
vt 0.03668 0.34746
vt 0.00672 0.26177
vt 0.02913 0.21828
vt 0.06612 0.24109
vt 0.00672 0.30653
vt 0.1334 0.16998
vt 0.14112 0.18321
vt 0.52956 0.618
vt 0.47864 0.65752
vt 0.45745 0.59166
vt 0.50128 0.56658
vt 0.43114 0.53761
vt 0.47842 0.51062
vt 0.8699 0.00672
vt 0.86274 0.0772
vt 0.81279 0.06168
vt 0.82828 0.00672
vt 0.85463 0.13412
vt 0.8134 0.1172
vt 0.5535 0.68217
vt 0.54503 0.76871
vt 0.47725 0.76856
vt 0.47625 0.68394
vt 0.4413 0.76018
vt 0.45605 0.68492
vt 0.88796 0.02773
vt 0.90366 0.06229
vt 0.62402 0.69376
vt 0.6255 0.75427
vt 0.42737 0.68217
vt 0.39855 0.71365
vt 0.39897 0.68547
vt 0.40474 0.75182
vt 0.63195 0.78075
vt 0.55139 0.79603
vt 0.6691 0.86196
vt 0.64155 0.88128
vt 0.57427 0.85124
vt 0.6504 0.82112
vt 0.47505 0.79842
vt 0.59887 0.90958
vt 0.54962 0.93178
vt 0.48172 0.8627
vt 0.43679 0.85363
vt 0.43599 0.78676
vt 0.9023 0.08651
vt 0.8986 0.1541
vt 0.51672 0.92308
vt 0.29498 0.10535
vt 0.25625 0.18026
vt 0.21456 0.08328
vt 0.30856 0.05852
vt 0.24064 0.03818
vt 0.3924 0.14403
vt 0.3241 0.19765
vt 0.29032 0.18877
vt 0.34321 0.12424
vt 0.41134 0.08587
vt 0.35629 0.08989
vt 0.29322 0.23411
vt 0.27429 0.22888
vt 0.28442 0.2776
vt 0.26184 0.27034
vt 0.29968 0.35499
vt 0.25232 0.329
vt 0.23262 0.43058
vt 0.18598 0.39284
vt 0.21393 0.36687
vt 0.25512 0.39597
vt 0.16148 0.32602
vt 0.18111 0.31637
vt 0.20835 0.30344
vt 0.23797 0.26343
vt 0.25546 0.22367
vt 0.60231 0.62226
vt 0.5645 0.6207
vt 0.55956 0.56771
vt 0.61896 0.57792
vt 0.2009 0.2751
vt 0.15035 0.29055
vt 0.61617 0.51729
vt 0.55417 0.51729
vt 0.55485 0.44403
vt 0.61391 0.44504
vt 0.39632 0.77499
vt 0.48423 0.91449
vt 0.39133 0.84419
vt 0.41286 0.6173
vt 0.39133 0.56719
vt 0.43517 0.66873
vt 0.55693 0.53912
vt 0.61733 0.54032
vt 0.44297 0.19898
vt 0.39912 0.24619
vt 0.45168 0.31405
vt 0.39797 0.3303
vt 0.3486 0.3524
vt 0.46996 0.29339
vt 0.28802 0.88181
vt 0.26751 0.89145
vt 0.26055 0.83684
vt 0.29119 0.83033
vt 0.24057 0.89831
vt 0.23477 0.84225
vt 0.22985 0.80385
vt 0.25632 0.79906
vt 0.29119 0.78926
vt 0.2013 0.93273
vt 0.17393 0.86084
vt 0.17537 0.79551
vt 0.12177 0.93605
vt 0.12046 0.85463
vt 0.12246 0.79605
vt 0.07787 0.91796
vt 0.06684 0.84499
vt 0.07597 0.78438
vt 0.02706 0.87284
vt 0.00672 0.85271
vt 0.02879 0.81913
vt 0.66366 0.6484
vt 0.69019 0.54347
vt 0.75285 0.48622
vt 0.73688 0.55146
vt 0.70538 0.4794
vt 0.8284 0.46004
vt 0.80316 0.5371
vt 0.8558 0.47997
vt 0.84373 0.55007
vt 0.81584 0.66873
vt 0.75413 0.66431
vt 0.70972 0.65901
vt 0.87924 0.5166
vt 0.86759 0.55425
vt 0.85746 0.65824
vt 0.23821 0.44544
vt 0.30016 0.44403
vt 0.26447 0.46957
vt 0.91141 0.80322
vt 0.90436 0.75249
vt 0.94706 0.75556
vt 0.95111 0.79934
vt 0.98932 0.75595
vt 0.98719 0.77858
vt 0.94484 0.72733
vt 0.99328 0.72855
vt 0.93915 0.69697
vt 0.96937 0.68217
vt 0.90214 0.73457
vt 0.89728 0.70702
vt 0.86493 0.72101
vt 0.86137 0.69202
vt 0.75847 0.71481
vt 0.75807 0.68647
vt 0.85747 0.7506
vt 0.75468 0.73156
vt 0.85691 0.78877
vt 0.75468 0.75634
vt 0.65829 0.1925
vt 0.61668 0.17294
vt 0.61599 0.09621
vt 0.67319 0.10718
vt 0.55231 0.21768
vt 0.50351 0.08901
vt 0.50957 0.01559
vt 0.61884 0.00672
vt 0.6744 0.06284
vt 0.29898 0.77094
vt 0.25577 0.61963
vt 0.36051 0.5782
vt 0.37085 0.71563
vt 0.216 0.75845
vt 0.23131 0.6824
vt 0.1542 0.72421
vt 0.18519 0.66309
vt 0.29321 0.48809
vt 0.28249 0.52784
vt 0.25265 0.50238
vt 0.23987 0.53456
vt 0.27126 0.56766
vt 0.21609 0.60274
vt 0.36084 0.46951
vt 0.36491 0.48649
vt 0.37789 0.50785
vt 0.34346 0.44638
vt 0.02574 0.57713
vt 0.02769 0.51101
vt 0.05588 0.55664
vt 0.05451 0.59081
vt 0.09512 0.56716
vt 0.08094 0.62484
vt 0.05031 0.61731
vt 0.12501 0.574
vt 0.10511 0.6324
vt 0.0856 0.69175
vt 0.06757 0.68325
vt 0.04386 0.66767
vt 0.00672 0.61889
vt 0.01696 0.65943
vt 0.10325 0.52572
vt 0.05226 0.4853
vt 0.08108 0.46012
vt 0.14594 0.44403
vt 0.13699 0.53675
vt 0.19321 0.44586
vt 0.72227 0.8067
vt 0.74123 0.85577
vt 0.70619 0.70786
vt 0.70472 0.74057
vt 0.70539 0.7695
vt 0.73172 0.80461
vt 0.73025 0.78208
vt 0.72298 0.73503
vt 0.62677 0.26689
vt 0.69038 0.22375
vt 0.66076 0.28568
vt 0.58829 0.24202
vt 0.7242 0.25566
vt 0.69637 0.3037
vt 0.66768 0.35129
vt 0.61489 0.34246
vt 0.59504 0.33077
vt 0.54964 0.3112
vt 0.51739 0.30438
vt 0.79935 0.09193
vt 0.79801 0.17043
vt 0.7687 0.09655
vt 0.73189 0.17073
vt 0.72091 0.10374
vt 0.78371 0.2435
vt 0.49007 0.26193
vt 0.76426 0.05399
vt 0.78657 0.05138
vt 0.67576 0.01661
vt 0.71663 0.01448
vt 0.71917 0.05858
vt 0.75836 0.00672
vt 0.64151 0.45387
vt 0.33285 0.00672
vt 0.37258 0.04579
vt 0.25826 0.00855
usemtl mat0
f 1/1/1 2/2/2 3/3/3
f 3/3/3 4/4/4 1/1/1
f 5/5/5 6/6/6 3/3/3
f 3/3/3 2/2/2 5/5/5
f 7/7/7 8/8/8 6/6/6
f 6/6/6 5/5/5 7/7/7
f 9/9/9 10/10/10 11/11/11
f 11/11/11 12/12/12 9/9/9
f 10/10/10 13/13/13 14/14/14
f 14/14/14 11/11/11 10/10/10
f 15/15/15 16/16/16 17/17/17
f 17/17/17 18/18/18 15/15/15
f 18/18/18 17/17/17 19/19/8
f 19/19/8 20/20/7 18/18/18
f 21/21/19 22/22/20 23/23/21
f 23/23/21 24/24/22 21/21/19
f 22/22/20 25/25/9 26/26/12
f 26/26/12 23/23/21 22/22/20
f 27/27/23 28/28/24 29/29/25
f 29/29/25 30/30/26 27/27/23
f 30/30/26 29/29/25 31/31/27
f 31/31/27 32/32/28 30/30/26
f 22/22/20 33/33/29 34/34/30
f 35/35/31 36/36/32 28/28/24
f 28/28/24 27/27/23 35/35/31
f 37/37/33 38/38/29 39/39/19
f 40/40/30 38/38/29 37/37/33
f 21/21/19 33/33/29 22/22/20
f 41/41/34 42/42/35 28/28/24
f 28/28/24 36/36/32 41/41/34
f 43/43/36 44/44/37 45/45/38
f 45/45/38 46/46/39 43/43/36
f 42/42/35 47/47/40 29/29/25
f 29/29/25 28/28/24 42/42/35
f 48/48/41 49/49/1 50/50/42
f 50/50/42 45/45/38 48/48/41
f 47/47/40 50/50/42 51/51/43
f 51/51/43 52/52/44 47/47/40
f 45/45/38 50/50/42 47/47/40
f 47/47/40 42/42/35 45/45/38
f 46/46/39 45/45/38 42/42/35
f 42/42/35 41/41/34 46/46/39
f 53/53/45 54/54/10 25/25/9
f 25/25/9 22/22/20 53/53/45
f 50/50/42 49/49/1 55/55/4
f 55/55/4 51/51/43 50/50/42
f 47/47/40 52/52/44 31/31/27
f 31/31/27 29/29/25 47/47/40
f 56/56/46 57/57/47 1/1/1
f 1/1/1 58/58/41 56/56/46
f 53/53/45 22/22/20 34/34/30
f 59/59/48 56/56/46 58/58/41
f 58/58/41 60/60/37 59/59/48
f 61/61/49 62/62/50 63/63/51
f 63/63/51 64/64/52 61/61/49
f 65/65/53 61/61/49 64/64/52
f 64/64/52 66/66/54 65/65/53
f 67/67/55 68/68/56 63/63/51
f 63/63/51 62/62/50 67/67/55
f 69/69/57 70/70/58 68/68/56
f 68/68/56 67/67/55 69/69/57
f 71/71/59 72/72/60 70/70/58
f 70/70/58 69/69/57 71/71/59
f 73/73/61 74/74/62 75/75/63
f 75/75/63 76/76/64 73/73/61
f 74/74/62 77/77/65 78/78/66
f 78/78/66 75/75/63 74/74/62
f 72/72/60 79/79/67 80/80/68
f 80/80/68 70/70/58 72/72/60
f 70/70/58 80/80/68 81/81/69
f 81/81/69 68/68/56 70/70/58
f 68/68/56 81/81/69 57/57/47
f 57/57/47 63/63/51 68/68/56
f 66/66/54 64/64/52 56/56/46
f 56/56/46 59/59/48 66/66/54
f 64/64/52 63/63/51 57/57/47
f 57/57/47 56/56/46 64/64/52
f 7/7/7 5/5/5 77/77/65
f 77/77/65 74/74/62 7/7/7
f 81/81/69 2/2/2 1/1/1
f 1/1/1 57/57/47 81/81/69
f 82/82/70 83/83/71 84/84/72
f 84/84/72 85/85/73 82/82/70
f 80/80/68 86/86/74 2/2/2
f 2/2/2 81/81/69 80/80/68
f 79/79/67 78/78/66 87/87/75
f 87/87/75 86/86/74 79/79/67
f 5/5/5 2/2/2 86/86/74
f 86/86/74 87/87/75 5/5/5
f 79/79/67 86/86/74 80/80/68
f 88/88/76 89/89/77 90/90/62
f 90/90/62 91/91/61 88/88/76
f 18/18/18 20/20/7 90/90/62
f 90/90/62 89/89/77 18/18/18
f 52/52/44 92/92/45 40/40/30
f 40/40/30 31/31/27 52/52/44
f 51/51/43 55/55/4 93/93/13
f 93/93/13 94/94/10 51/51/43
f 52/52/44 51/51/43 94/94/10
f 94/94/10 92/92/45 52/52/44
f 32/32/28 31/31/27 40/40/30
f 40/40/30 37/37/33 32/32/28
f 17/17/17 95/95/21 96/96/12
f 96/96/12 19/19/8 17/17/17
f 16/16/16 97/97/22 95/95/21
f 95/95/21 17/17/17 16/16/16
f 8/8/8 12/12/12 11/11/11
f 11/11/11 6/6/6 8/8/8
f 6/6/6 11/11/11 14/14/14
f 14/14/14 3/3/3 6/6/6
f 4/4/4 3/3/3 14/14/14
f 14/14/14 13/13/13 4/4/4
f 85/85/73 84/84/72 98/98/78
f 98/98/78 99/99/79 85/85/73
f 15/15/15 18/18/18 84/84/72
f 84/84/72 83/83/71 15/15/15
f 98/98/78 84/84/72 18/18/18
f 18/18/18 89/89/77 98/98/78
f 100/100/80 101/101/81 62/62/50
f 62/62/50 61/61/49 100/100/80
f 102/102/82 103/103/83 69/69/57
f 69/69/57 67/67/55 102/102/82
f 103/103/83 104/104/84 71/71/59
f 71/71/59 69/69/57 103/103/83
f 105/105/85 102/102/82 67/67/55
f 67/67/55 101/101/81 105/105/85
f 106/106/86 107/107/87 108/108/88
f 108/108/88 109/109/89 106/106/86
f 107/107/87 110/110/90 111/111/91
f 111/111/91 108/108/88 107/107/87
f 108/108/88 111/111/91 112/112/82
f 112/112/82 113/113/85 108/108/88
f 109/109/89 108/108/88 113/113/85
f 113/113/85 114/114/92 109/109/89
f 115/115/93 116/116/94 111/111/91
f 111/111/91 110/110/90 115/115/93
f 116/116/94 117/117/83 112/112/82
f 112/112/82 111/111/91 116/116/94
f 118/118/95 119/119/96 116/116/94
f 116/116/94 115/115/93 118/118/95
f 119/119/96 120/120/84 117/117/83
f 117/117/83 116/116/94 119/119/96
f 121/121/97 122/122/98 119/119/96
f 119/119/96 118/118/95 121/121/97
f 122/122/98 123/123/59 120/120/84
f 120/120/84 119/119/96 122/122/98
f 122/122/98 124/124/99 125/125/61
f 125/125/61 126/126/64 123/123/59
f 123/123/59 122/122/98 125/125/61
f 78/78/66 77/77/65 5/5/5
f 5/5/5 87/87/75 78/78/66
f 75/75/63 78/78/66 79/79/67
f 79/79/67 72/72/60 75/75/63
f 76/76/64 75/75/63 72/72/60
f 72/72/60 71/71/59 76/76/64
f 127/127/100 85/85/73 99/99/79
f 99/99/79 128/128/101 127/127/100
f 85/85/73 127/127/100 82/82/70
f 129/129/95 130/130/102 128/128/101
f 128/128/101 131/131/97 129/129/95
f 132/132/93 133/133/103 130/130/102
f 130/130/102 129/129/95 132/132/93
f 134/134/104 135/135/105 133/133/103
f 133/133/103 132/132/93 134/134/104
f 135/135/105 136/136/106 137/137/107
f 137/137/107 133/133/103 135/135/105
f 133/133/103 137/137/107 138/138/108
f 138/138/108 130/130/102 133/133/103
f 130/130/102 138/138/108 127/127/100
f 127/127/100 128/128/101 130/130/102
f 128/128/101 99/99/79 88/88/76
f 88/88/76 131/131/97 128/128/101
f 99/99/79 98/98/78 89/89/77
f 89/89/77 88/88/76 99/99/79
f 139/139/109 140/140/110 135/135/105
f 135/135/105 134/134/104 139/139/109
f 140/140/110 141/141/111 136/136/106
f 136/136/106 135/135/105 140/140/110
f 142/142/107 143/143/106 144/144/112
f 145/145/113 146/146/114 147/147/115
f 147/147/115 148/148/116 145/145/113
f 148/148/116 147/147/115 149/149/87
f 149/149/87 150/150/86 148/148/116
f 151/151/117 152/152/90 149/149/87
f 149/149/87 147/147/115 151/151/117
f 153/153/104 154/154/93 152/152/90
f 152/152/90 151/151/117 153/153/104
f 155/155/118 156/156/109 153/153/104
f 153/153/104 151/151/117 155/155/118
f 146/146/114 155/155/118 151/151/117
f 151/151/117 147/147/115 146/146/114
f 155/155/118 157/157/119 158/158/110
f 158/158/110 156/156/109 155/155/118
f 157/157/119 159/159/120 160/160/111
f 160/160/111 158/158/110 157/157/119
f 146/146/114 161/161/121 157/157/119
f 157/157/119 155/155/118 146/146/114
f 161/161/121 162/162/122 159/159/120
f 159/159/120 157/157/119 161/161/121
f 145/145/113 163/163/123 161/161/121
f 161/161/121 146/146/114 145/145/113
f 163/163/123 164/164/124 162/162/122
f 162/162/122 161/161/121 163/163/123
f 165/165/125 166/166/126 167/167/127
f 167/167/127 168/168/128 165/165/125
f 166/166/126 169/169/129 170/170/130
f 170/170/130 167/167/127 166/166/126
f 167/167/127 170/170/130 171/171/124
f 171/171/124 172/172/123 167/167/127
f 168/168/128 167/167/127 172/172/123
f 172/172/123 173/173/131 168/168/128
f 174/174/132 175/175/133 176/176/130
f 176/176/130 177/177/129 174/174/132
f 178/178/31 179/179/134 175/175/133
f 175/175/133 174/174/132 178/178/31
f 180/180/23 181/181/135 179/179/134
f 179/179/134 178/178/31 180/180/23
f 144/144/112 182/182/136 183/183/137
f 183/183/137 184/184/138 144/144/112
f 185/185/139 186/186/140 175/175/133
f 175/175/133 187/187/141 185/185/139
f 188/188/120 189/189/122 183/183/137
f 183/183/137 182/182/136 188/188/120
f 189/189/122 190/190/124 186/186/140
f 186/186/140 183/183/137 189/189/122
f 184/184/138 183/183/137 186/186/140
f 186/186/140 185/185/139 184/184/138
f 182/182/136 143/143/106 191/191/111
f 191/191/111 188/188/120 182/182/136
f 186/186/140 190/190/124 176/176/130
f 176/176/130 175/175/133 186/186/140
f 143/143/106 182/182/136 144/144/112
f 192/192/16 193/193/15 194/194/142
f 195/195/143 196/196/144 197/197/145
f 197/197/145 198/198/146 195/195/143
f 196/196/144 199/199/147 200/200/148
f 200/200/148 197/197/145 196/196/144
f 199/199/147 187/187/141 181/181/135
f 181/181/135 200/200/148 199/199/147
f 200/200/148 181/181/135 180/180/23
f 180/180/23 201/201/26 200/200/148
f 197/197/145 200/200/148 201/201/26
f 201/201/26 202/202/28 197/197/145
f 198/198/146 197/197/145 202/202/28
f 202/202/28 203/203/33 198/198/146
f 181/181/135 187/187/141 175/175/133
f 175/175/133 179/179/134 181/181/135
f 195/195/143 204/204/22 192/192/16
f 192/192/16 194/194/142 195/195/143
f 203/203/33 205/205/19 204/204/22
f 204/204/22 198/198/146 203/203/33
f 206/206/149 207/207/71 208/208/70
f 208/208/70 209/209/100 206/206/149
f 204/204/22 195/195/143 198/198/146
f 207/207/71 206/206/149 194/194/142
f 194/194/142 193/193/15 207/207/71
f 206/206/149 210/210/150 199/199/147
f 199/199/147 196/196/144 206/206/149
f 196/196/144 195/195/143 194/194/142
f 194/194/142 206/206/149 196/196/144
f 144/144/112 184/184/138 211/211/108
f 211/211/108 142/142/107 144/144/112
f 46/46/39 212/212/151 213/213/152
f 213/213/152 43/43/36 46/46/39
f 187/187/141 199/199/147 210/210/150
f 210/210/150 185/185/139 187/187/141
f 210/210/150 211/211/108 184/184/138
f 184/184/138 185/185/139 210/210/150
f 206/206/149 209/209/100 211/211/108
f 211/211/108 210/210/150 206/206/149
f 35/35/31 214/214/132 215/215/153
f 215/215/153 36/36/32 35/35/31
f 36/36/32 215/215/153 216/216/154
f 216/216/154 41/41/34 36/36/32
f 213/213/152 212/212/151 217/217/155
f 216/216/154 218/218/156 217/217/155
f 217/217/155 212/212/151 216/216/154
f 41/41/34 216/216/154 212/212/151
f 212/212/151 46/46/39 41/41/34
f 215/215/153 219/219/157 218/218/156
f 218/218/156 216/216/154 215/215/153
f 215/215/153 214/214/132 219/219/157
f 220/220/158 165/165/125 221/221/159
f 221/221/159 222/222/160 220/220/158
f 165/165/125 220/220/158 223/223/161
f 222/222/160 221/221/159 224/224/53
f 224/224/53 225/225/162 222/222/160
f 222/222/160 225/225/162 226/226/152
f 226/226/152 227/227/155 222/222/160
f 228/228/156 220/220/158 222/222/160
f 222/222/160 227/227/155 228/228/156
f 229/229/157 223/223/161 220/220/158
f 220/220/158 228/228/156 229/229/157
f 166/166/126 165/165/125 223/223/161
f 223/223/161 169/169/129 166/166/126
f 230/230/132 169/169/129 223/223/161
f 223/223/161 229/229/157 230/230/132
f 231/231/92 232/232/80 233/233/163
f 234/234/164 165/165/125 168/168/128
f 168/168/128 235/235/165 234/234/164
f 236/236/49 224/224/53 234/234/164
f 234/234/164 232/232/80 236/236/49
f 101/101/81 67/67/55 62/62/50
f 237/237/92 105/105/85 101/101/81
f 101/101/81 100/100/80 237/237/92
f 221/221/159 165/165/125 234/234/164
f 224/224/53 221/221/159 234/234/164
f 233/233/163 238/238/166 239/239/89
f 239/239/89 231/231/92 233/233/163
f 173/173/131 240/240/113 241/241/116
f 241/241/116 242/242/167 173/173/131
f 235/235/165 168/168/128 173/173/131
f 173/173/131 242/242/167 235/235/165
f 242/242/167 241/241/116 238/238/166
f 173/173/131 172/172/123 240/240/113
f 234/234/164 235/235/165 233/233/163
f 233/233/163 232/232/80 234/234/164
f 235/235/165 242/242/167 238/238/166
f 238/238/166 233/233/163 235/235/165
f 243/243/86 239/239/89 238/238/166
f 238/238/166 241/241/116 243/243/86
f 91/91/61 244/244/99 88/88/76
f 88/88/76 244/244/99 131/131/97
f 124/124/99 122/122/98 121/121/97
f 245/245/152 246/246/162 66/66/54
f 66/66/54 59/59/48 245/245/152
f 65/65/53 66/66/54 246/246/162
f 44/44/37 48/48/41 45/45/38
f 247/247/36 245/245/152 59/59/48
f 59/59/48 60/60/37 247/247/36
f 248/1/168 249/2/169 250/3/170
f 250/3/170 251/4/171 248/1/168
f 252/5/172 253/6/173 250/3/170
f 250/3/170 249/2/169 252/5/172
f 254/7/174 255/8/175 253/6/173
f 253/6/173 252/5/172 254/7/174
f 256/9/176 257/10/177 258/11/178
f 258/11/178 259/12/179 256/9/176
f 257/10/177 260/13/180 261/14/181
f 261/14/181 258/11/178 257/10/177
f 262/15/182 263/16/183 264/17/184
f 264/17/184 265/18/185 262/15/182
f 265/18/185 264/17/184 266/19/175
f 266/19/175 267/20/174 265/18/185
f 268/21/186 269/22/187 270/23/188
f 270/23/188 271/24/189 268/21/186
f 269/22/187 272/25/176 273/26/179
f 273/26/179 270/23/188 269/22/187
f 274/27/190 275/28/191 276/29/192
f 276/29/192 277/30/193 274/27/190
f 277/30/193 276/29/192 278/31/194
f 278/31/194 279/32/195 277/30/193
f 269/22/187 280/33/196 281/34/197
f 282/35/198 283/36/199 275/28/191
f 275/28/191 274/27/190 282/35/198
f 284/37/200 285/38/196 286/39/186
f 287/40/197 285/38/196 284/37/200
f 268/21/186 280/33/196 269/22/187
f 288/41/201 289/42/202 275/28/191
f 275/28/191 283/36/199 288/41/201
f 290/43/203 291/44/204 292/45/205
f 292/45/205 293/46/206 290/43/203
f 289/42/202 294/47/207 276/29/192
f 276/29/192 275/28/191 289/42/202
f 295/48/208 296/49/168 297/50/209
f 297/50/209 292/45/205 295/48/208
f 294/47/207 297/50/209 298/51/210
f 298/51/210 299/52/211 294/47/207
f 292/45/205 297/50/209 294/47/207
f 294/47/207 289/42/202 292/45/205
f 293/46/206 292/45/205 289/42/202
f 289/42/202 288/41/201 293/46/206
f 300/53/212 301/54/177 272/25/176
f 272/25/176 269/22/187 300/53/212
f 297/50/209 296/49/168 302/55/171
f 302/55/171 298/51/210 297/50/209
f 294/47/207 299/52/211 278/31/194
f 278/31/194 276/29/192 294/47/207
f 303/56/213 304/57/214 248/1/168
f 248/1/168 305/58/208 303/56/213
f 300/53/212 269/22/187 281/34/197
f 306/59/215 303/56/213 305/58/208
f 305/58/208 307/60/204 306/59/215
f 308/61/216 309/62/217 310/63/218
f 310/63/218 311/64/219 308/61/216
f 312/65/220 308/61/216 311/64/219
f 311/64/219 313/66/221 312/65/220
f 314/67/222 315/68/223 310/63/218
f 310/63/218 309/62/217 314/67/222
f 316/69/224 317/70/225 315/68/223
f 315/68/223 314/67/222 316/69/224
f 318/71/226 319/72/227 317/70/225
f 317/70/225 316/69/224 318/71/226
f 320/73/228 321/74/229 322/75/230
f 322/75/230 323/76/231 320/73/228
f 321/74/229 324/77/232 325/78/233
f 325/78/233 322/75/230 321/74/229
f 319/72/227 326/79/234 327/80/235
f 327/80/235 317/70/225 319/72/227
f 317/70/225 327/80/235 328/81/236
f 328/81/236 315/68/223 317/70/225
f 315/68/223 328/81/236 304/57/214
f 304/57/214 310/63/218 315/68/223
f 313/66/221 311/64/219 303/56/213
f 303/56/213 306/59/215 313/66/221
f 311/64/219 310/63/218 304/57/214
f 304/57/214 303/56/213 311/64/219
f 254/7/174 252/5/172 324/77/232
f 324/77/232 321/74/229 254/7/174
f 328/81/236 249/2/169 248/1/168
f 248/1/168 304/57/214 328/81/236
f 329/82/237 330/83/238 331/84/239
f 331/84/239 332/85/240 329/82/237
f 327/80/235 333/86/241 249/2/169
f 249/2/169 328/81/236 327/80/235
f 326/79/234 325/78/233 334/87/242
f 334/87/242 333/86/241 326/79/234
f 249/2/169 333/86/241 334/87/242
f 334/87/242 252/5/172 249/2/169
f 326/79/234 333/86/241 327/80/235
f 335/88/243 336/89/244 337/90/229
f 337/90/229 338/91/228 335/88/243
f 265/18/185 267/20/174 337/90/229
f 337/90/229 336/89/244 265/18/185
f 299/52/211 339/92/212 287/40/197
f 287/40/197 278/31/194 299/52/211
f 298/51/210 302/55/171 340/93/180
f 340/93/180 341/94/177 298/51/210
f 299/52/211 298/51/210 341/94/177
f 341/94/177 339/92/212 299/52/211
f 279/32/195 278/31/194 287/40/197
f 287/40/197 284/37/200 279/32/195
f 264/17/184 342/95/188 343/96/179
f 343/96/179 266/19/175 264/17/184
f 263/16/183 344/97/189 342/95/188
f 342/95/188 264/17/184 263/16/183
f 255/8/175 259/12/179 258/11/178
f 258/11/178 253/6/173 255/8/175
f 253/6/173 258/11/178 261/14/181
f 261/14/181 250/3/170 253/6/173
f 251/4/171 250/3/170 261/14/181
f 261/14/181 260/13/180 251/4/171
f 332/85/240 331/84/239 345/98/245
f 345/98/245 346/99/246 332/85/240
f 262/15/182 265/18/185 331/84/239
f 331/84/239 330/83/238 262/15/182
f 336/89/244 345/98/245 331/84/239
f 331/84/239 265/18/185 336/89/244
f 347/100/247 348/101/248 309/62/217
f 309/62/217 308/61/216 347/100/247
f 349/102/249 350/103/250 316/69/224
f 316/69/224 314/67/222 349/102/249
f 350/103/250 351/104/251 318/71/226
f 318/71/226 316/69/224 350/103/250
f 352/105/252 349/102/249 314/67/222
f 314/67/222 348/101/248 352/105/252
f 353/106/253 354/107/254 355/108/255
f 355/108/255 356/109/256 353/106/253
f 354/107/254 357/110/257 358/111/258
f 358/111/258 355/108/255 354/107/254
f 355/108/255 358/111/258 359/112/249
f 359/112/249 360/113/252 355/108/255
f 356/109/256 355/108/255 360/113/252
f 360/113/252 361/114/259 356/109/256
f 362/115/260 363/116/261 358/111/258
f 358/111/258 357/110/257 362/115/260
f 363/116/261 364/117/250 359/112/249
f 359/112/249 358/111/258 363/116/261
f 365/118/262 366/119/263 363/116/261
f 363/116/261 362/115/260 365/118/262
f 366/119/263 367/120/251 364/117/250
f 364/117/250 363/116/261 366/119/263
f 368/121/264 369/122/265 366/119/263
f 366/119/263 365/118/262 368/121/264
f 369/122/265 370/123/226 367/120/251
f 367/120/251 366/119/263 369/122/265
f 369/122/265 371/124/266 372/125/228
f 372/125/228 373/126/231 370/123/226
f 370/123/226 369/122/265 372/125/228
f 325/78/233 324/77/232 252/5/172
f 252/5/172 334/87/242 325/78/233
f 322/75/230 325/78/233 326/79/234
f 326/79/234 319/72/227 322/75/230
f 323/76/231 322/75/230 319/72/227
f 319/72/227 318/71/226 323/76/231
f 374/127/267 332/85/240 346/99/246
f 346/99/246 375/128/268 374/127/267
f 332/85/240 374/127/267 329/82/237
f 376/129/262 377/130/269 375/128/268
f 375/128/268 378/131/264 376/129/262
f 379/132/260 380/133/270 377/130/269
f 377/130/269 376/129/262 379/132/260
f 381/134/271 382/135/272 380/133/270
f 380/133/270 379/132/260 381/134/271
f 382/135/272 383/136/273 384/137/274
f 384/137/274 380/133/270 382/135/272
f 380/133/270 384/137/274 385/138/275
f 385/138/275 377/130/269 380/133/270
f 377/130/269 385/138/275 374/127/267
f 374/127/267 375/128/268 377/130/269
f 375/128/268 346/99/246 335/88/243
f 335/88/243 378/131/264 375/128/268
f 346/99/246 345/98/245 336/89/244
f 336/89/244 335/88/243 346/99/246
f 386/139/276 387/140/277 382/135/272
f 382/135/272 381/134/271 386/139/276
f 387/140/277 388/141/278 383/136/273
f 383/136/273 382/135/272 387/140/277
f 389/142/274 390/143/273 391/144/279
f 392/145/280 393/146/281 394/147/282
f 394/147/282 395/148/283 392/145/280
f 395/148/283 394/147/282 396/149/254
f 396/149/254 397/150/253 395/148/283
f 398/151/284 399/152/257 396/149/254
f 396/149/254 394/147/282 398/151/284
f 400/153/271 401/154/260 399/152/257
f 399/152/257 398/151/284 400/153/271
f 402/155/285 403/156/276 400/153/271
f 400/153/271 398/151/284 402/155/285
f 393/146/281 402/155/285 398/151/284
f 398/151/284 394/147/282 393/146/281
f 402/155/285 404/157/286 405/158/277
f 405/158/277 403/156/276 402/155/285
f 404/157/286 406/159/287 407/160/278
f 407/160/278 405/158/277 404/157/286
f 393/146/281 408/161/288 404/157/286
f 404/157/286 402/155/285 393/146/281
f 408/161/288 409/162/289 406/159/287
f 406/159/287 404/157/286 408/161/288
f 392/145/280 410/163/290 408/161/288
f 408/161/288 393/146/281 392/145/280
f 410/163/290 411/164/291 409/162/289
f 409/162/289 408/161/288 410/163/290
f 412/165/292 413/166/293 414/167/294
f 414/167/294 415/168/295 412/165/292
f 413/166/293 416/169/296 417/170/297
f 417/170/297 414/167/294 413/166/293
f 414/167/294 417/170/297 418/171/291
f 418/171/291 419/172/290 414/167/294
f 415/168/295 414/167/294 419/172/290
f 419/172/290 420/173/298 415/168/295
f 421/174/299 422/175/300 423/176/297
f 423/176/297 424/177/296 421/174/299
f 425/178/198 426/179/301 422/175/300
f 422/175/300 421/174/299 425/178/198
f 427/180/190 428/181/302 426/179/301
f 426/179/301 425/178/198 427/180/190
f 391/144/279 429/182/303 430/183/304
f 430/183/304 431/184/305 391/144/279
f 432/185/306 433/186/307 422/175/300
f 422/175/300 434/187/308 432/185/306
f 435/188/287 436/189/289 430/183/304
f 430/183/304 429/182/303 435/188/287
f 436/189/289 437/190/291 433/186/307
f 433/186/307 430/183/304 436/189/289
f 431/184/305 430/183/304 433/186/307
f 433/186/307 432/185/306 431/184/305
f 429/182/303 390/143/273 438/191/278
f 438/191/278 435/188/287 429/182/303
f 433/186/307 437/190/291 423/176/297
f 423/176/297 422/175/300 433/186/307
f 390/143/273 429/182/303 391/144/279
f 439/192/183 440/193/182 441/194/309
f 442/195/310 443/196/311 444/197/312
f 444/197/312 445/198/313 442/195/310
f 443/196/311 446/199/314 447/200/315
f 447/200/315 444/197/312 443/196/311
f 446/199/314 434/187/308 428/181/302
f 428/181/302 447/200/315 446/199/314
f 447/200/315 428/181/302 427/180/190
f 427/180/190 448/201/193 447/200/315
f 444/197/312 447/200/315 448/201/193
f 448/201/193 449/202/195 444/197/312
f 445/198/313 444/197/312 449/202/195
f 449/202/195 450/203/200 445/198/313
f 428/181/302 434/187/308 422/175/300
f 422/175/300 426/179/301 428/181/302
f 442/195/310 451/204/189 439/192/183
f 439/192/183 441/194/309 442/195/310
f 450/203/200 452/205/186 451/204/189
f 451/204/189 445/198/313 450/203/200
f 453/206/316 454/207/238 455/208/237
f 455/208/237 456/209/267 453/206/316
f 451/204/189 442/195/310 445/198/313
f 454/207/238 453/206/316 441/194/309
f 441/194/309 440/193/182 454/207/238
f 453/206/316 457/210/317 446/199/314
f 446/199/314 443/196/311 453/206/316
f 443/196/311 442/195/310 441/194/309
f 441/194/309 453/206/316 443/196/311
f 391/144/279 431/184/305 458/211/275
f 458/211/275 389/142/274 391/144/279
f 293/46/206 459/212/318 460/213/319
f 460/213/319 290/43/203 293/46/206
f 434/187/308 446/199/314 457/210/317
f 457/210/317 432/185/306 434/187/308
f 457/210/317 458/211/275 431/184/305
f 431/184/305 432/185/306 457/210/317
f 453/206/316 456/209/267 458/211/275
f 458/211/275 457/210/317 453/206/316
f 282/35/198 461/214/299 462/215/320
f 462/215/320 283/36/199 282/35/198
f 283/36/199 462/215/320 463/216/321
f 463/216/321 288/41/201 283/36/199
f 460/213/319 459/212/318 464/217/322
f 463/216/321 465/218/323 464/217/322
f 464/217/322 459/212/318 463/216/321
f 288/41/201 463/216/321 459/212/318
f 459/212/318 293/46/206 288/41/201
f 462/215/320 466/219/324 465/218/323
f 465/218/323 463/216/321 462/215/320
f 462/215/320 461/214/299 466/219/324
f 467/220/325 412/165/292 468/221/326
f 468/221/326 469/222/327 467/220/325
f 412/165/292 467/220/325 470/223/328
f 469/222/327 468/221/326 471/224/220
f 471/224/220 472/225/329 469/222/327
f 469/222/327 472/225/329 473/226/319
f 473/226/319 474/227/322 469/222/327
f 475/228/323 467/220/325 469/222/327
f 469/222/327 474/227/322 475/228/323
f 476/229/324 470/223/328 467/220/325
f 467/220/325 475/228/323 476/229/324
f 413/166/293 412/165/292 470/223/328
f 470/223/328 416/169/296 413/166/293
f 477/230/299 416/169/296 470/223/328
f 470/223/328 476/229/324 477/230/299
f 478/231/259 479/232/247 480/233/330
f 481/234/331 412/165/292 415/168/295
f 415/168/295 482/235/332 481/234/331
f 483/236/216 471/224/220 481/234/331
f 481/234/331 479/232/247 483/236/216
f 348/101/248 314/67/222 309/62/217
f 484/237/259 352/105/252 348/101/248
f 348/101/248 347/100/247 484/237/259
f 468/221/326 412/165/292 481/234/331
f 471/224/220 468/221/326 481/234/331
f 480/233/330 485/238/333 486/239/256
f 486/239/256 478/231/259 480/233/330
f 420/173/298 487/240/280 488/241/283
f 488/241/283 489/242/334 420/173/298
f 482/235/332 415/168/295 420/173/298
f 420/173/298 489/242/334 482/235/332
f 489/242/334 488/241/283 485/238/333
f 420/173/298 419/172/290 487/240/280
f 481/234/331 482/235/332 480/233/330
f 480/233/330 479/232/247 481/234/331
f 482/235/332 489/242/334 485/238/333
f 485/238/333 480/233/330 482/235/332
f 490/243/253 486/239/256 485/238/333
f 485/238/333 488/241/283 490/243/253
f 338/91/228 491/244/266 335/88/243
f 335/88/243 491/244/266 378/131/264
f 371/124/266 369/122/265 368/121/264
f 492/245/319 493/246/329 313/66/221
f 313/66/221 306/59/215 492/245/319
f 312/65/220 313/66/221 493/246/329
f 291/44/204 295/48/208 292/45/205
f 494/247/203 492/245/319 306/59/215
f 306/59/215 307/60/204 494/247/203
f 495/1/335 496/2/336 497/3/337
f 497/3/337 498/4/338 495/1/335
f 499/5/339 500/6/340 497/3/337
f 497/3/337 496/2/336 499/5/339
f 501/7/341 502/8/342 500/6/340
f 500/6/340 499/5/339 501/7/341
f 503/9/343 504/10/344 505/11/345
f 505/11/345 506/12/346 503/9/343
f 504/10/344 507/13/347 508/14/348
f 508/14/348 505/11/345 504/10/344
f 509/15/349 510/16/350 511/17/351
f 511/17/351 512/18/352 509/15/349
f 512/18/352 511/17/351 513/19/342
f 513/19/342 514/20/341 512/18/352
f 515/21/353 516/22/354 517/23/355
f 517/23/355 518/24/356 515/21/353
f 516/22/354 519/25/343 520/26/346
f 520/26/346 517/23/355 516/22/354
f 521/27/357 522/28/358 523/29/359
f 523/29/359 524/30/360 521/27/357
f 524/30/360 523/29/359 525/31/361
f 525/31/361 526/32/362 524/30/360
f 516/22/354 527/33/363 528/34/364
f 529/35/365 530/36/366 522/28/358
f 522/28/358 521/27/357 529/35/365
f 531/37/367 532/38/363 533/39/353
f 534/40/364 532/38/363 531/37/367
f 515/21/353 527/33/363 516/22/354
f 535/41/368 536/42/369 522/28/358
f 522/28/358 530/36/366 535/41/368
f 537/43/370 538/44/371 539/45/372
f 539/45/372 540/46/373 537/43/370
f 536/42/369 541/47/374 523/29/359
f 523/29/359 522/28/358 536/42/369
f 542/48/375 543/49/335 544/50/376
f 544/50/376 539/45/372 542/48/375
f 541/47/374 544/50/376 545/51/377
f 545/51/377 546/52/378 541/47/374
f 539/45/372 544/50/376 541/47/374
f 541/47/374 536/42/369 539/45/372
f 540/46/373 539/45/372 536/42/369
f 536/42/369 535/41/368 540/46/373
f 547/53/379 548/54/344 519/25/343
f 519/25/343 516/22/354 547/53/379
f 544/50/376 543/49/335 549/55/338
f 549/55/338 545/51/377 544/50/376
f 541/47/374 546/52/378 525/31/361
f 525/31/361 523/29/359 541/47/374
f 550/56/380 551/57/381 495/1/335
f 495/1/335 552/58/375 550/56/380
f 547/53/379 516/22/354 528/34/364
f 553/59/382 550/56/380 552/58/375
f 552/58/375 554/60/371 553/59/382
f 555/61/383 556/62/384 557/63/385
f 557/63/385 558/64/386 555/61/383
f 559/65/387 555/61/383 558/64/386
f 558/64/386 560/66/388 559/65/387
f 561/67/389 562/68/390 557/63/385
f 557/63/385 556/62/384 561/67/389
f 563/69/391 564/70/392 562/68/390
f 562/68/390 561/67/389 563/69/391
f 565/71/393 566/72/394 564/70/392
f 564/70/392 563/69/391 565/71/393
f 567/73/395 568/74/396 569/75/397
f 569/75/397 570/76/398 567/73/395
f 568/74/396 571/77/399 572/78/400
f 572/78/400 569/75/397 568/74/396
f 566/72/394 573/79/401 574/80/402
f 574/80/402 564/70/392 566/72/394
f 564/70/392 574/80/402 575/81/403
f 575/81/403 562/68/390 564/70/392
f 562/68/390 575/81/403 551/57/381
f 551/57/381 557/63/385 562/68/390
f 560/66/388 558/64/386 550/56/380
f 550/56/380 553/59/382 560/66/388
f 558/64/386 557/63/385 551/57/381
f 551/57/381 550/56/380 558/64/386
f 501/7/341 499/5/339 571/77/399
f 571/77/399 568/74/396 501/7/341
f 575/81/403 496/2/336 495/1/335
f 495/1/335 551/57/381 575/81/403
f 576/82/404 577/83/405 578/84/406
f 578/84/406 579/85/407 576/82/404
f 574/80/402 580/86/408 496/2/336
f 496/2/336 575/81/403 574/80/402
f 573/79/401 572/78/400 581/87/409
f 581/87/409 580/86/408 573/79/401
f 499/5/339 496/2/336 580/86/408
f 580/86/408 581/87/409 499/5/339
f 573/79/401 580/86/408 574/80/402
f 582/88/410 583/89/411 584/90/396
f 584/90/396 585/91/395 582/88/410
f 512/18/352 514/20/341 584/90/396
f 584/90/396 583/89/411 512/18/352
f 546/52/378 586/92/379 534/40/364
f 534/40/364 525/31/361 546/52/378
f 545/51/377 549/55/338 587/93/347
f 587/93/347 588/94/344 545/51/377
f 546/52/378 545/51/377 588/94/344
f 588/94/344 586/92/379 546/52/378
f 526/32/362 525/31/361 534/40/364
f 534/40/364 531/37/367 526/32/362
f 511/17/351 589/95/355 590/96/346
f 590/96/346 513/19/342 511/17/351
f 510/16/350 591/97/356 589/95/355
f 589/95/355 511/17/351 510/16/350
f 502/8/342 506/12/346 505/11/345
f 505/11/345 500/6/340 502/8/342
f 500/6/340 505/11/345 508/14/348
f 508/14/348 497/3/337 500/6/340
f 498/4/338 497/3/337 508/14/348
f 508/14/348 507/13/347 498/4/338
f 579/85/407 578/84/406 592/98/412
f 592/98/412 593/99/413 579/85/407
f 509/15/349 512/18/352 578/84/406
f 578/84/406 577/83/405 509/15/349
f 592/98/412 578/84/406 512/18/352
f 512/18/352 583/89/411 592/98/412
f 594/100/414 595/101/415 556/62/384
f 556/62/384 555/61/383 594/100/414
f 596/102/416 597/103/417 563/69/391
f 563/69/391 561/67/389 596/102/416
f 597/103/417 598/104/418 565/71/393
f 565/71/393 563/69/391 597/103/417
f 599/105/419 596/102/416 561/67/389
f 561/67/389 595/101/415 599/105/419
f 600/106/420 601/107/421 602/108/422
f 602/108/422 603/109/423 600/106/420
f 601/107/421 604/110/424 605/111/425
f 605/111/425 602/108/422 601/107/421
f 602/108/422 605/111/425 606/112/416
f 606/112/416 607/113/419 602/108/422
f 603/109/423 602/108/422 607/113/419
f 607/113/419 608/114/426 603/109/423
f 609/115/427 610/116/428 605/111/425
f 605/111/425 604/110/424 609/115/427
f 610/116/428 611/117/417 606/112/416
f 606/112/416 605/111/425 610/116/428
f 612/118/429 613/119/430 610/116/428
f 610/116/428 609/115/427 612/118/429
f 613/119/430 614/120/418 611/117/417
f 611/117/417 610/116/428 613/119/430
f 615/121/431 616/122/432 613/119/430
f 613/119/430 612/118/429 615/121/431
f 616/122/432 617/123/393 614/120/418
f 614/120/418 613/119/430 616/122/432
f 616/122/432 618/124/433 619/125/395
f 619/125/395 620/126/398 617/123/393
f 617/123/393 616/122/432 619/125/395
f 572/78/400 571/77/399 499/5/339
f 499/5/339 581/87/409 572/78/400
f 569/75/397 572/78/400 573/79/401
f 573/79/401 566/72/394 569/75/397
f 570/76/398 569/75/397 566/72/394
f 566/72/394 565/71/393 570/76/398
f 621/127/434 579/85/407 593/99/413
f 593/99/413 622/128/435 621/127/434
f 579/85/407 621/127/434 576/82/404
f 623/129/429 624/130/436 622/128/435
f 622/128/435 625/131/431 623/129/429
f 626/132/427 627/133/437 624/130/436
f 624/130/436 623/129/429 626/132/427
f 628/134/438 629/135/439 627/133/437
f 627/133/437 626/132/427 628/134/438
f 629/135/439 630/136/440 631/137/441
f 631/137/441 627/133/437 629/135/439
f 627/133/437 631/137/441 632/138/442
f 632/138/442 624/130/436 627/133/437
f 624/130/436 632/138/442 621/127/434
f 621/127/434 622/128/435 624/130/436
f 622/128/435 593/99/413 582/88/410
f 582/88/410 625/131/431 622/128/435
f 593/99/413 592/98/412 583/89/411
f 583/89/411 582/88/410 593/99/413
f 633/139/443 634/140/444 629/135/439
f 629/135/439 628/134/438 633/139/443
f 634/140/444 635/141/445 630/136/440
f 630/136/440 629/135/439 634/140/444
f 636/142/441 637/143/440 638/144/446
f 639/145/447 640/146/448 641/147/449
f 641/147/449 642/148/450 639/145/447
f 642/148/450 641/147/449 643/149/421
f 643/149/421 644/150/420 642/148/450
f 645/151/451 646/152/424 643/149/421
f 643/149/421 641/147/449 645/151/451
f 647/153/438 648/154/427 646/152/424
f 646/152/424 645/151/451 647/153/438
f 649/155/452 650/156/443 647/153/438
f 647/153/438 645/151/451 649/155/452
f 640/146/448 649/155/452 645/151/451
f 645/151/451 641/147/449 640/146/448
f 649/155/452 651/157/453 652/158/444
f 652/158/444 650/156/443 649/155/452
f 651/157/453 653/159/454 654/160/445
f 654/160/445 652/158/444 651/157/453
f 640/146/448 655/161/455 651/157/453
f 651/157/453 649/155/452 640/146/448
f 655/161/455 656/162/456 653/159/454
f 653/159/454 651/157/453 655/161/455
f 639/145/447 657/163/457 655/161/455
f 655/161/455 640/146/448 639/145/447
f 657/163/457 658/164/458 656/162/456
f 656/162/456 655/161/455 657/163/457
f 659/165/459 660/166/460 661/167/461
f 661/167/461 662/168/462 659/165/459
f 660/166/460 663/169/463 664/170/464
f 664/170/464 661/167/461 660/166/460
f 661/167/461 664/170/464 665/171/458
f 665/171/458 666/172/457 661/167/461
f 662/168/462 661/167/461 666/172/457
f 666/172/457 667/173/465 662/168/462
f 668/174/466 669/175/467 670/176/464
f 670/176/464 671/177/463 668/174/466
f 672/178/365 673/179/468 669/175/467
f 669/175/467 668/174/466 672/178/365
f 674/180/357 675/181/469 673/179/468
f 673/179/468 672/178/365 674/180/357
f 638/144/446 676/182/470 677/183/471
f 677/183/471 678/184/472 638/144/446
f 679/185/473 680/186/474 669/175/467
f 669/175/467 681/187/475 679/185/473
f 682/188/454 683/189/456 677/183/471
f 677/183/471 676/182/470 682/188/454
f 683/189/456 684/190/458 680/186/474
f 680/186/474 677/183/471 683/189/456
f 678/184/472 677/183/471 680/186/474
f 680/186/474 679/185/473 678/184/472
f 676/182/470 637/143/440 685/191/445
f 685/191/445 682/188/454 676/182/470
f 680/186/474 684/190/458 670/176/464
f 670/176/464 669/175/467 680/186/474
f 637/143/440 676/182/470 638/144/446
f 686/192/350 687/193/349 688/194/476
f 689/195/477 690/196/478 691/197/479
f 691/197/479 692/198/480 689/195/477
f 690/196/478 693/199/481 694/200/482
f 694/200/482 691/197/479 690/196/478
f 693/199/481 681/187/475 675/181/469
f 675/181/469 694/200/482 693/199/481
f 694/200/482 675/181/469 674/180/357
f 674/180/357 695/201/360 694/200/482
f 691/197/479 694/200/482 695/201/360
f 695/201/360 696/202/362 691/197/479
f 692/198/480 691/197/479 696/202/362
f 696/202/362 697/203/367 692/198/480
f 675/181/469 681/187/475 669/175/467
f 669/175/467 673/179/468 675/181/469
f 689/195/477 698/204/356 686/192/350
f 686/192/350 688/194/476 689/195/477
f 697/203/367 699/205/353 698/204/356
f 698/204/356 692/198/480 697/203/367
f 700/206/483 701/207/405 702/208/404
f 702/208/404 703/209/434 700/206/483
f 698/204/356 689/195/477 692/198/480
f 701/207/405 700/206/483 688/194/476
f 688/194/476 687/193/349 701/207/405
f 700/206/483 704/210/484 693/199/481
f 693/199/481 690/196/478 700/206/483
f 690/196/478 689/195/477 688/194/476
f 688/194/476 700/206/483 690/196/478
f 638/144/446 678/184/472 705/211/442
f 705/211/442 636/142/441 638/144/446
f 540/46/373 706/212/485 707/213/486
f 707/213/486 537/43/370 540/46/373
f 681/187/475 693/199/481 704/210/484
f 704/210/484 679/185/473 681/187/475
f 704/210/484 705/211/442 678/184/472
f 678/184/472 679/185/473 704/210/484
f 700/206/483 703/209/434 705/211/442
f 705/211/442 704/210/484 700/206/483
f 529/35/365 708/214/466 709/215/487
f 709/215/487 530/36/366 529/35/365
f 530/36/366 709/215/487 710/216/488
f 710/216/488 535/41/368 530/36/366
f 707/213/486 706/212/485 711/217/489
f 710/216/488 712/218/490 711/217/489
f 711/217/489 706/212/485 710/216/488
f 535/41/368 710/216/488 706/212/485
f 706/212/485 540/46/373 535/41/368
f 709/215/487 713/219/491 712/218/490
f 712/218/490 710/216/488 709/215/487
f 709/215/487 708/214/466 713/219/491
f 714/220/492 659/165/459 715/221/493
f 715/221/493 716/222/494 714/220/492
f 659/165/459 714/220/492 717/223/495
f 716/222/494 715/221/493 718/224/387
f 718/224/387 719/225/496 716/222/494
f 716/222/494 719/225/496 720/226/486
f 720/226/486 721/227/489 716/222/494
f 722/228/490 714/220/492 716/222/494
f 716/222/494 721/227/489 722/228/490
f 723/229/491 717/223/495 714/220/492
f 714/220/492 722/228/490 723/229/491
f 660/166/460 659/165/459 717/223/495
f 717/223/495 663/169/463 660/166/460
f 724/230/466 663/169/463 717/223/495
f 717/223/495 723/229/491 724/230/466
f 725/231/426 726/232/414 727/233/497
f 728/234/498 659/165/459 662/168/462
f 662/168/462 729/235/499 728/234/498
f 730/236/383 718/224/387 728/234/498
f 728/234/498 726/232/414 730/236/383
f 595/101/415 561/67/389 556/62/384
f 731/237/426 599/105/419 595/101/415
f 595/101/415 594/100/414 731/237/426
f 715/221/493 659/165/459 728/234/498
f 718/224/387 715/221/493 728/234/498
f 727/233/497 732/238/500 733/239/423
f 733/239/423 725/231/426 727/233/497
f 667/173/465 734/240/447 735/241/450
f 735/241/450 736/242/501 667/173/465
f 729/235/499 662/168/462 667/173/465
f 667/173/465 736/242/501 729/235/499
f 736/242/501 735/241/450 732/238/500
f 667/173/465 666/172/457 734/240/447
f 728/234/498 729/235/499 727/233/497
f 727/233/497 726/232/414 728/234/498
f 729/235/499 736/242/501 732/238/500
f 732/238/500 727/233/497 729/235/499
f 737/243/420 733/239/423 732/238/500
f 732/238/500 735/241/450 737/243/420
f 585/91/395 738/244/433 582/88/410
f 582/88/410 738/244/433 625/131/431
f 618/124/433 616/122/432 615/121/431
f 739/245/486 740/246/496 560/66/388
f 560/66/388 553/59/382 739/245/486
f 559/65/387 560/66/388 740/246/496
f 538/44/371 542/48/375 539/45/372
f 741/247/370 739/245/486 553/59/382
f 553/59/382 554/60/371 741/247/370
f 742/1/502 743/2/503 744/3/504
f 744/3/504 745/4/505 742/1/502
f 746/5/506 747/6/507 744/3/504
f 744/3/504 743/2/503 746/5/506
f 748/7/508 749/8/509 747/6/507
f 747/6/507 746/5/506 748/7/508
f 750/9/510 751/10/511 752/11/512
f 752/11/512 753/12/513 750/9/510
f 751/10/511 754/13/514 755/14/515
f 755/14/515 752/11/512 751/10/511
f 756/15/516 757/16/517 758/17/518
f 758/17/518 759/18/519 756/15/516
f 759/18/519 758/17/518 760/19/509
f 760/19/509 761/20/508 759/18/519
f 762/21/520 763/22/521 764/23/522
f 764/23/522 765/24/523 762/21/520
f 763/22/521 766/25/510 767/26/513
f 767/26/513 764/23/522 763/22/521
f 768/27/524 769/28/525 770/29/526
f 770/29/526 771/30/527 768/27/524
f 771/30/527 770/29/526 772/31/528
f 772/31/528 773/32/529 771/30/527
f 763/22/521 774/33/530 775/34/531
f 776/35/532 777/36/533 769/28/525
f 769/28/525 768/27/524 776/35/532
f 778/37/534 779/38/530 780/39/520
f 781/40/531 779/38/530 778/37/534
f 762/21/520 774/33/530 763/22/521
f 782/41/535 783/42/536 769/28/525
f 769/28/525 777/36/533 782/41/535
f 784/43/537 785/44/538 786/45/539
f 786/45/539 787/46/540 784/43/537
f 783/42/536 788/47/541 770/29/526
f 770/29/526 769/28/525 783/42/536
f 789/48/542 790/49/502 791/50/543
f 791/50/543 786/45/539 789/48/542
f 788/47/541 791/50/543 792/51/544
f 792/51/544 793/52/545 788/47/541
f 786/45/539 791/50/543 788/47/541
f 788/47/541 783/42/536 786/45/539
f 787/46/540 786/45/539 783/42/536
f 783/42/536 782/41/535 787/46/540
f 794/53/546 795/54/511 766/25/510
f 766/25/510 763/22/521 794/53/546
f 791/50/543 790/49/502 796/55/505
f 796/55/505 792/51/544 791/50/543
f 788/47/541 793/52/545 772/31/528
f 772/31/528 770/29/526 788/47/541
f 797/56/547 798/57/548 742/1/502
f 742/1/502 799/58/542 797/56/547
f 794/53/546 763/22/521 775/34/531
f 800/59/549 797/56/547 799/58/542
f 799/58/542 801/60/538 800/59/549
f 802/61/550 803/62/551 804/63/552
f 804/63/552 805/64/553 802/61/550
f 806/65/554 802/61/550 805/64/553
f 805/64/553 807/66/555 806/65/554
f 808/67/556 809/68/557 804/63/552
f 804/63/552 803/62/551 808/67/556
f 810/69/558 811/70/559 809/68/557
f 809/68/557 808/67/556 810/69/558
f 812/71/560 813/72/561 811/70/559
f 811/70/559 810/69/558 812/71/560
f 814/73/562 815/74/563 816/75/564
f 816/75/564 817/76/565 814/73/562
f 815/74/563 818/77/566 819/78/567
f 819/78/567 816/75/564 815/74/563
f 813/72/561 820/79/568 821/80/569
f 821/80/569 811/70/559 813/72/561
f 811/70/559 821/80/569 822/81/570
f 822/81/570 809/68/557 811/70/559
f 809/68/557 822/81/570 798/57/548
f 798/57/548 804/63/552 809/68/557
f 807/66/555 805/64/553 797/56/547
f 797/56/547 800/59/549 807/66/555
f 805/64/553 804/63/552 798/57/548
f 798/57/548 797/56/547 805/64/553
f 748/7/508 746/5/506 818/77/566
f 818/77/566 815/74/563 748/7/508
f 822/81/570 743/2/503 742/1/502
f 742/1/502 798/57/548 822/81/570
f 823/82/571 824/83/572 825/84/573
f 825/84/573 826/85/574 823/82/571
f 821/80/569 827/86/575 743/2/503
f 743/2/503 822/81/570 821/80/569
f 820/79/568 819/78/567 828/87/576
f 828/87/576 827/86/575 820/79/568
f 743/2/503 827/86/575 828/87/576
f 828/87/576 746/5/506 743/2/503
f 820/79/568 827/86/575 821/80/569
f 829/88/577 830/89/578 831/90/563
f 831/90/563 832/91/562 829/88/577
f 759/18/519 761/20/508 831/90/563
f 831/90/563 830/89/578 759/18/519
f 793/52/545 833/92/546 781/40/531
f 781/40/531 772/31/528 793/52/545
f 792/51/544 796/55/505 834/93/514
f 834/93/514 835/94/511 792/51/544
f 793/52/545 792/51/544 835/94/511
f 835/94/511 833/92/546 793/52/545
f 773/32/529 772/31/528 781/40/531
f 781/40/531 778/37/534 773/32/529
f 758/17/518 836/95/522 837/96/513
f 837/96/513 760/19/509 758/17/518
f 757/16/517 838/97/523 836/95/522
f 836/95/522 758/17/518 757/16/517
f 749/8/509 753/12/513 752/11/512
f 752/11/512 747/6/507 749/8/509
f 747/6/507 752/11/512 755/14/515
f 755/14/515 744/3/504 747/6/507
f 745/4/505 744/3/504 755/14/515
f 755/14/515 754/13/514 745/4/505
f 826/85/574 825/84/573 839/98/579
f 839/98/579 840/99/580 826/85/574
f 756/15/516 759/18/519 825/84/573
f 825/84/573 824/83/572 756/15/516
f 839/98/579 825/84/573 759/18/519
f 759/18/519 830/89/578 839/98/579
f 841/100/581 842/101/582 803/62/551
f 803/62/551 802/61/550 841/100/581
f 843/102/583 844/103/584 810/69/558
f 810/69/558 808/67/556 843/102/583
f 844/103/584 845/104/585 812/71/560
f 812/71/560 810/69/558 844/103/584
f 846/105/586 843/102/583 808/67/556
f 808/67/556 842/101/582 846/105/586
f 847/106/587 848/107/588 849/108/589
f 849/108/589 850/109/590 847/106/587
f 848/107/588 851/110/591 852/111/592
f 852/111/592 849/108/589 848/107/588
f 849/108/589 852/111/592 853/112/583
f 853/112/583 854/113/586 849/108/589
f 850/109/590 849/108/589 854/113/586
f 854/113/586 855/114/593 850/109/590
f 856/115/594 857/116/595 852/111/592
f 852/111/592 851/110/591 856/115/594
f 857/116/595 858/117/584 853/112/583
f 853/112/583 852/111/592 857/116/595
f 859/118/596 860/119/597 857/116/595
f 857/116/595 856/115/594 859/118/596
f 860/119/597 861/120/585 858/117/584
f 858/117/584 857/116/595 860/119/597
f 862/121/598 863/122/599 860/119/597
f 860/119/597 859/118/596 862/121/598
f 863/122/599 864/123/560 861/120/585
f 861/120/585 860/119/597 863/122/599
f 863/122/599 865/124/600 866/125/562
f 866/125/562 867/126/565 864/123/560
f 864/123/560 863/122/599 866/125/562
f 819/78/567 818/77/566 746/5/506
f 746/5/506 828/87/576 819/78/567
f 816/75/564 819/78/567 820/79/568
f 820/79/568 813/72/561 816/75/564
f 817/76/565 816/75/564 813/72/561
f 813/72/561 812/71/560 817/76/565
f 868/127/601 826/85/574 840/99/580
f 840/99/580 869/128/602 868/127/601
f 826/85/574 868/127/601 823/82/571
f 870/129/596 871/130/603 869/128/602
f 869/128/602 872/131/598 870/129/596
f 873/132/594 874/133/604 871/130/603
f 871/130/603 870/129/596 873/132/594
f 875/134/605 876/135/606 874/133/604
f 874/133/604 873/132/594 875/134/605
f 876/135/606 877/136/607 878/137/608
f 878/137/608 874/133/604 876/135/606
f 874/133/604 878/137/608 879/138/609
f 879/138/609 871/130/603 874/133/604
f 871/130/603 879/138/609 868/127/601
f 868/127/601 869/128/602 871/130/603
f 869/128/602 840/99/580 829/88/577
f 829/88/577 872/131/598 869/128/602
f 840/99/580 839/98/579 830/89/578
f 830/89/578 829/88/577 840/99/580
f 880/139/610 881/140/611 876/135/606
f 876/135/606 875/134/605 880/139/610
f 881/140/611 882/141/612 877/136/607
f 877/136/607 876/135/606 881/140/611
f 883/142/608 884/143/607 885/144/613
f 886/145/614 887/146/615 888/147/616
f 888/147/616 889/148/617 886/145/614
f 889/148/617 888/147/616 890/149/588
f 890/149/588 891/150/587 889/148/617
f 892/151/618 893/152/591 890/149/588
f 890/149/588 888/147/616 892/151/618
f 894/153/605 895/154/594 893/152/591
f 893/152/591 892/151/618 894/153/605
f 896/155/619 897/156/610 894/153/605
f 894/153/605 892/151/618 896/155/619
f 887/146/615 896/155/619 892/151/618
f 892/151/618 888/147/616 887/146/615
f 896/155/619 898/157/620 899/158/611
f 899/158/611 897/156/610 896/155/619
f 898/157/620 900/159/621 901/160/612
f 901/160/612 899/158/611 898/157/620
f 887/146/615 902/161/622 898/157/620
f 898/157/620 896/155/619 887/146/615
f 902/161/622 903/162/623 900/159/621
f 900/159/621 898/157/620 902/161/622
f 886/145/614 904/163/624 902/161/622
f 902/161/622 887/146/615 886/145/614
f 904/163/624 905/164/625 903/162/623
f 903/162/623 902/161/622 904/163/624
f 906/165/626 907/166/627 908/167/628
f 908/167/628 909/168/629 906/165/626
f 907/166/627 910/169/630 911/170/631
f 911/170/631 908/167/628 907/166/627
f 908/167/628 911/170/631 912/171/625
f 912/171/625 913/172/624 908/167/628
f 909/168/629 908/167/628 913/172/624
f 913/172/624 914/173/632 909/168/629
f 915/174/633 916/175/634 917/176/631
f 917/176/631 918/177/630 915/174/633
f 919/178/532 920/179/635 916/175/634
f 916/175/634 915/174/633 919/178/532
f 921/180/524 922/181/636 920/179/635
f 920/179/635 919/178/532 921/180/524
f 885/144/613 923/182/637 924/183/638
f 924/183/638 925/184/639 885/144/613
f 926/185/640 927/186/641 916/175/634
f 916/175/634 928/187/642 926/185/640
f 929/188/621 930/189/623 924/183/638
f 924/183/638 923/182/637 929/188/621
f 930/189/623 931/190/625 927/186/641
f 927/186/641 924/183/638 930/189/623
f 925/184/639 924/183/638 927/186/641
f 927/186/641 926/185/640 925/184/639
f 923/182/637 884/143/607 932/191/612
f 932/191/612 929/188/621 923/182/637
f 927/186/641 931/190/625 917/176/631
f 917/176/631 916/175/634 927/186/641
f 884/143/607 923/182/637 885/144/613
f 933/192/517 934/193/516 935/194/643
f 936/195/644 937/196/645 938/197/646
f 938/197/646 939/198/647 936/195/644
f 937/196/645 940/199/648 941/200/649
f 941/200/649 938/197/646 937/196/645
f 940/199/648 928/187/642 922/181/636
f 922/181/636 941/200/649 940/199/648
f 941/200/649 922/181/636 921/180/524
f 921/180/524 942/201/527 941/200/649
f 938/197/646 941/200/649 942/201/527
f 942/201/527 943/202/529 938/197/646
f 939/198/647 938/197/646 943/202/529
f 943/202/529 944/203/534 939/198/647
f 922/181/636 928/187/642 916/175/634
f 916/175/634 920/179/635 922/181/636
f 936/195/644 945/204/523 933/192/517
f 933/192/517 935/194/643 936/195/644
f 944/203/534 946/205/520 945/204/523
f 945/204/523 939/198/647 944/203/534
f 947/206/650 948/207/572 949/208/571
f 949/208/571 950/209/601 947/206/650
f 945/204/523 936/195/644 939/198/647
f 948/207/572 947/206/650 935/194/643
f 935/194/643 934/193/516 948/207/572
f 947/206/650 951/210/651 940/199/648
f 940/199/648 937/196/645 947/206/650
f 937/196/645 936/195/644 935/194/643
f 935/194/643 947/206/650 937/196/645
f 885/144/613 925/184/639 952/211/609
f 952/211/609 883/142/608 885/144/613
f 787/46/540 953/212/652 954/213/653
f 954/213/653 784/43/537 787/46/540
f 928/187/642 940/199/648 951/210/651
f 951/210/651 926/185/640 928/187/642
f 951/210/651 952/211/609 925/184/639
f 925/184/639 926/185/640 951/210/651
f 947/206/650 950/209/601 952/211/609
f 952/211/609 951/210/651 947/206/650
f 776/35/532 955/214/633 956/215/654
f 956/215/654 777/36/533 776/35/532
f 777/36/533 956/215/654 957/216/655
f 957/216/655 782/41/535 777/36/533
f 954/213/653 953/212/652 958/217/656
f 957/216/655 959/218/657 958/217/656
f 958/217/656 953/212/652 957/216/655
f 782/41/535 957/216/655 953/212/652
f 953/212/652 787/46/540 782/41/535
f 956/215/654 960/219/658 959/218/657
f 959/218/657 957/216/655 956/215/654
f 956/215/654 955/214/633 960/219/658
f 961/220/659 906/165/626 962/221/660
f 962/221/660 963/222/661 961/220/659
f 906/165/626 961/220/659 964/223/662
f 963/222/661 962/221/660 965/224/554
f 965/224/554 966/225/663 963/222/661
f 963/222/661 966/225/663 967/226/653
f 967/226/653 968/227/656 963/222/661
f 969/228/657 961/220/659 963/222/661
f 963/222/661 968/227/656 969/228/657
f 970/229/658 964/223/662 961/220/659
f 961/220/659 969/228/657 970/229/658
f 907/166/627 906/165/626 964/223/662
f 964/223/662 910/169/630 907/166/627
f 971/230/633 910/169/630 964/223/662
f 964/223/662 970/229/658 971/230/633
f 972/231/593 973/232/581 974/233/664
f 975/234/665 906/165/626 909/168/629
f 909/168/629 976/235/666 975/234/665
f 977/236/550 965/224/554 975/234/665
f 975/234/665 973/232/581 977/236/550
f 842/101/582 808/67/556 803/62/551
f 978/237/593 846/105/586 842/101/582
f 842/101/582 841/100/581 978/237/593
f 962/221/660 906/165/626 975/234/665
f 965/224/554 962/221/660 975/234/665
f 974/233/664 979/238/667 980/239/590
f 980/239/590 972/231/593 974/233/664
f 914/173/632 981/240/614 982/241/617
f 982/241/617 983/242/668 914/173/632
f 976/235/666 909/168/629 914/173/632
f 914/173/632 983/242/668 976/235/666
f 983/242/668 982/241/617 979/238/667
f 914/173/632 913/172/624 981/240/614
f 975/234/665 976/235/666 974/233/664
f 974/233/664 973/232/581 975/234/665
f 976/235/666 983/242/668 979/238/667
f 979/238/667 974/233/664 976/235/666
f 984/243/587 980/239/590 979/238/667
f 979/238/667 982/241/617 984/243/587
f 832/91/562 985/244/600 829/88/577
f 829/88/577 985/244/600 872/131/598
f 865/124/600 863/122/599 862/121/598
f 986/245/653 987/246/663 807/66/555
f 807/66/555 800/59/549 986/245/653
f 806/65/554 807/66/555 987/246/663
f 785/44/538 789/48/542 786/45/539
f 988/247/537 986/245/653 800/59/549
f 800/59/549 801/60/538 988/247/537
f 989/1/335 990/2/336 991/3/337
f 991/3/337 992/4/338 989/1/335
f 993/5/339 994/6/340 991/3/337
f 991/3/337 990/2/336 993/5/339
f 995/7/341 996/8/342 994/6/340
f 994/6/340 993/5/339 995/7/341
f 997/9/343 998/10/669 999/11/345
f 999/11/345 1000/12/670 997/9/343
f 998/10/669 1001/13/347 1002/14/348
f 1002/14/348 999/11/345 998/10/669
f 1003/15/349 1004/16/350 1005/17/351
f 1005/17/351 1006/18/352 1003/15/349
f 1006/18/352 1005/17/351 1007/19/342
f 1007/19/342 1008/20/341 1006/18/352
f 1009/21/353 1010/22/354 1011/23/355
f 1011/23/355 1012/24/356 1009/21/353
f 1010/22/354 1013/25/343 1014/26/670
f 1014/26/670 1011/23/355 1010/22/354
f 1015/27/357 1016/28/358 1017/29/359
f 1017/29/359 1018/30/360 1015/27/357
f 1018/30/360 1017/29/359 1019/31/361
f 1019/31/361 1020/32/362 1018/30/360
f 1010/22/354 1021/33/363 1022/34/364
f 1023/35/365 1024/36/366 1016/28/358
f 1016/28/358 1015/27/357 1023/35/365
f 1025/37/367 1026/38/363 1027/39/353
f 1028/40/364 1026/38/363 1025/37/367
f 1009/21/353 1021/33/363 1010/22/354
f 1029/41/368 1030/42/369 1016/28/358
f 1016/28/358 1024/36/366 1029/41/368
f 1031/43/370 1032/44/371 1033/45/372
f 1033/45/372 1034/46/373 1031/43/370
f 1030/42/369 1035/47/374 1017/29/359
f 1017/29/359 1016/28/358 1030/42/369
f 1036/48/375 1037/49/335 1038/50/376
f 1038/50/376 1033/45/372 1036/48/375
f 1035/47/374 1038/50/376 1039/51/377
f 1039/51/377 1040/52/671 1035/47/374
f 1033/45/372 1038/50/376 1035/47/374
f 1035/47/374 1030/42/369 1033/45/372
f 1034/46/373 1033/45/372 1030/42/369
f 1030/42/369 1029/41/368 1034/46/373
f 1041/53/379 1042/54/669 1013/25/343
f 1013/25/343 1010/22/354 1041/53/379
f 1038/50/376 1037/49/335 1043/55/338
f 1043/55/338 1039/51/377 1038/50/376
f 1035/47/374 1040/52/671 1019/31/361
f 1019/31/361 1017/29/359 1035/47/374
f 1044/56/672 1045/57/381 989/1/335
f 989/1/335 1046/58/375 1044/56/672
f 1041/53/379 1010/22/354 1022/34/364
f 1047/59/382 1044/56/672 1046/58/375
f 1046/58/375 1048/60/371 1047/59/382
f 1049/61/383 1050/62/384 1051/63/385
f 1051/63/385 1052/64/386 1049/61/383
f 1053/65/387 1049/61/383 1052/64/386
f 1052/64/386 1054/66/388 1053/65/387
f 1055/67/389 1056/68/390 1051/63/385
f 1051/63/385 1050/62/384 1055/67/389
f 1057/69/391 1058/70/392 1056/68/390
f 1056/68/390 1055/67/389 1057/69/391
f 1059/71/393 1060/72/394 1058/70/392
f 1058/70/392 1057/69/391 1059/71/393
f 1061/73/395 1062/74/396 1063/75/397
f 1063/75/397 1064/76/398 1061/73/395
f 1062/74/396 1065/77/399 1066/78/400
f 1066/78/400 1063/75/397 1062/74/396
f 1060/72/394 1067/79/401 1068/80/402
f 1068/80/402 1058/70/392 1060/72/394
f 1058/70/392 1068/80/402 1069/81/403
f 1069/81/403 1056/68/390 1058/70/392
f 1056/68/390 1069/81/403 1045/57/381
f 1045/57/381 1051/63/385 1056/68/390
f 1054/66/388 1052/64/386 1044/56/672
f 1044/56/672 1047/59/382 1054/66/388
f 1052/64/386 1051/63/385 1045/57/381
f 1045/57/381 1044/56/672 1052/64/386
f 995/7/341 993/5/339 1065/77/399
f 1065/77/399 1062/74/396 995/7/341
f 1069/81/403 990/2/336 989/1/335
f 989/1/335 1045/57/381 1069/81/403
f 1070/82/404 1071/83/405 1072/84/406
f 1072/84/406 1073/85/407 1070/82/404
f 1068/80/402 1074/86/408 990/2/336
f 990/2/336 1069/81/403 1068/80/402
f 1067/79/401 1066/78/400 1075/87/409
f 1075/87/409 1074/86/408 1067/79/401
f 993/5/339 990/2/336 1074/86/408
f 1074/86/408 1075/87/409 993/5/339
f 1067/79/401 1074/86/408 1068/80/402
f 1076/88/410 1077/89/411 1078/90/396
f 1078/90/396 1079/91/395 1076/88/410
f 1006/18/352 1008/20/341 1078/90/396
f 1078/90/396 1077/89/411 1006/18/352
f 1040/52/671 1080/92/379 1028/40/364
f 1028/40/364 1019/31/361 1040/52/671
f 1039/51/377 1043/55/338 1081/93/347
f 1081/93/347 1082/94/669 1039/51/377
f 1040/52/671 1039/51/377 1082/94/669
f 1082/94/669 1080/92/379 1040/52/671
f 1020/32/362 1019/31/361 1028/40/364
f 1028/40/364 1025/37/367 1020/32/362
f 1005/17/351 1083/95/355 1084/96/670
f 1084/96/670 1007/19/342 1005/17/351
f 1004/16/350 1085/97/356 1083/95/355
f 1083/95/355 1005/17/351 1004/16/350
f 996/8/342 1000/12/670 999/11/345
f 999/11/345 994/6/340 996/8/342
f 994/6/340 999/11/345 1002/14/348
f 1002/14/348 991/3/337 994/6/340
f 992/4/338 991/3/337 1002/14/348
f 1002/14/348 1001/13/347 992/4/338
f 1073/85/407 1072/84/406 1086/98/412
f 1086/98/412 1087/99/413 1073/85/407
f 1003/15/349 1006/18/352 1072/84/406
f 1072/84/406 1071/83/405 1003/15/349
f 1086/98/412 1072/84/406 1006/18/352
f 1006/18/352 1077/89/411 1086/98/412
f 1088/100/414 1089/101/415 1050/62/384
f 1050/62/384 1049/61/383 1088/100/414
f 1090/102/416 1091/103/417 1057/69/391
f 1057/69/391 1055/67/389 1090/102/416
f 1091/103/417 1092/104/418 1059/71/393
f 1059/71/393 1057/69/391 1091/103/417
f 1093/105/419 1090/102/416 1055/67/389
f 1055/67/389 1089/101/415 1093/105/419
f 1094/106/420 1095/107/421 1096/108/422
f 1096/108/422 1097/109/423 1094/106/420
f 1095/107/421 1098/110/424 1099/111/425
f 1099/111/425 1096/108/422 1095/107/421
f 1096/108/422 1099/111/425 1100/112/416
f 1100/112/416 1101/113/419 1096/108/422
f 1097/109/423 1096/108/422 1101/113/419
f 1101/113/419 1102/114/426 1097/109/423
f 1103/115/427 1104/116/428 1099/111/425
f 1099/111/425 1098/110/424 1103/115/427
f 1104/116/428 1105/117/417 1100/112/416
f 1100/112/416 1099/111/425 1104/116/428
f 1106/118/429 1107/119/430 1104/116/428
f 1104/116/428 1103/115/427 1106/118/429
f 1107/119/430 1108/120/418 1105/117/417
f 1105/117/417 1104/116/428 1107/119/430
f 1109/121/431 1110/122/432 1107/119/430
f 1107/119/430 1106/118/429 1109/121/431
f 1110/122/432 1111/123/393 1108/120/418
f 1108/120/418 1107/119/430 1110/122/432
f 1110/122/432 1112/124/433 1113/125/395
f 1113/125/395 1114/126/398 1111/123/393
f 1111/123/393 1110/122/432 1113/125/395
f 1066/78/400 1065/77/399 993/5/339
f 993/5/339 1075/87/409 1066/78/400
f 1063/75/397 1066/78/400 1067/79/401
f 1067/79/401 1060/72/394 1063/75/397
f 1064/76/398 1063/75/397 1060/72/394
f 1060/72/394 1059/71/393 1064/76/398
f 1115/127/434 1073/85/407 1087/99/413
f 1087/99/413 1116/128/435 1115/127/434
f 1073/85/407 1115/127/434 1070/82/404
f 1117/129/429 1118/130/436 1116/128/435
f 1116/128/435 1119/131/431 1117/129/429
f 1120/132/427 1121/133/437 1118/130/436
f 1118/130/436 1117/129/429 1120/132/427
f 1122/134/438 1123/135/439 1121/133/437
f 1121/133/437 1120/132/427 1122/134/438
f 1123/135/439 1124/136/440 1125/137/441
f 1125/137/441 1121/133/437 1123/135/439
f 1121/133/437 1125/137/441 1126/138/442
f 1126/138/442 1118/130/436 1121/133/437
f 1118/130/436 1126/138/442 1115/127/434
f 1115/127/434 1116/128/435 1118/130/436
f 1116/128/435 1087/99/413 1076/88/410
f 1076/88/410 1119/131/431 1116/128/435
f 1087/99/413 1086/98/412 1077/89/411
f 1077/89/411 1076/88/410 1087/99/413
f 1127/139/443 1128/140/444 1123/135/439
f 1123/135/439 1122/134/438 1127/139/443
f 1128/140/444 1129/141/673 1124/136/440
f 1124/136/440 1123/135/439 1128/140/444
f 1130/142/441 1131/143/440 1132/144/446
f 1133/145/447 1134/146/448 1135/147/449
f 1135/147/449 1136/148/450 1133/145/447
f 1136/148/450 1135/147/449 1137/149/421
f 1137/149/421 1138/150/420 1136/148/450
f 1139/151/451 1140/152/424 1137/149/421
f 1137/149/421 1135/147/449 1139/151/451
f 1141/153/438 1142/154/427 1140/152/424
f 1140/152/424 1139/151/451 1141/153/438
f 1143/155/452 1144/156/443 1141/153/438
f 1141/153/438 1139/151/451 1143/155/452
f 1134/146/448 1143/155/452 1139/151/451
f 1139/151/451 1135/147/449 1134/146/448
f 1143/155/452 1145/157/453 1146/158/444
f 1146/158/444 1144/156/443 1143/155/452
f 1145/157/453 1147/159/454 1148/160/673
f 1148/160/673 1146/158/444 1145/157/453
f 1134/146/448 1149/161/455 1145/157/453
f 1145/157/453 1143/155/452 1134/146/448
f 1149/161/455 1150/162/456 1147/159/454
f 1147/159/454 1145/157/453 1149/161/455
f 1133/145/447 1151/163/457 1149/161/455
f 1149/161/455 1134/146/448 1133/145/447
f 1151/163/457 1152/164/458 1150/162/456
f 1150/162/456 1149/161/455 1151/163/457
f 1153/165/459 1154/166/460 1155/167/461
f 1155/167/461 1156/168/462 1153/165/459
f 1154/166/460 1157/169/463 1158/170/464
f 1158/170/464 1155/167/461 1154/166/460
f 1155/167/461 1158/170/464 1159/171/458
f 1159/171/458 1160/172/457 1155/167/461
f 1156/168/462 1155/167/461 1160/172/457
f 1160/172/457 1161/173/465 1156/168/462
f 1162/174/466 1163/175/467 1164/176/464
f 1164/176/464 1165/177/463 1162/174/466
f 1166/178/365 1167/179/468 1163/175/467
f 1163/175/467 1162/174/466 1166/178/365
f 1168/180/357 1169/181/469 1167/179/468
f 1167/179/468 1166/178/365 1168/180/357
f 1132/144/446 1170/182/674 1171/183/471
f 1171/183/471 1172/184/472 1132/144/446
f 1173/185/675 1174/186/474 1163/175/467
f 1163/175/467 1175/187/475 1173/185/675
f 1176/188/454 1177/189/456 1171/183/471
f 1171/183/471 1170/182/674 1176/188/454
f 1177/189/456 1178/190/458 1174/186/474
f 1174/186/474 1171/183/471 1177/189/456
f 1172/184/472 1171/183/471 1174/186/474
f 1174/186/474 1173/185/675 1172/184/472
f 1170/182/674 1131/143/440 1179/191/673
f 1179/191/673 1176/188/454 1170/182/674
f 1174/186/474 1178/190/458 1164/176/464
f 1164/176/464 1163/175/467 1174/186/474
f 1131/143/440 1170/182/674 1132/144/446
f 1180/192/350 1181/193/349 1182/194/476
f 1183/195/477 1184/196/478 1185/197/479
f 1185/197/479 1186/198/480 1183/195/477
f 1184/196/478 1187/199/481 1188/200/482
f 1188/200/482 1185/197/479 1184/196/478
f 1187/199/481 1175/187/475 1169/181/469
f 1169/181/469 1188/200/482 1187/199/481
f 1188/200/482 1169/181/469 1168/180/357
f 1168/180/357 1189/201/360 1188/200/482
f 1185/197/479 1188/200/482 1189/201/360
f 1189/201/360 1190/202/362 1185/197/479
f 1186/198/480 1185/197/479 1190/202/362
f 1190/202/362 1191/203/367 1186/198/480
f 1169/181/469 1175/187/475 1163/175/467
f 1163/175/467 1167/179/468 1169/181/469
f 1183/195/477 1192/204/356 1180/192/350
f 1180/192/350 1182/194/476 1183/195/477
f 1191/203/367 1193/205/353 1192/204/356
f 1192/204/356 1186/198/480 1191/203/367
f 1194/206/483 1195/207/405 1196/208/404
f 1196/208/404 1197/209/434 1194/206/483
f 1192/204/356 1183/195/477 1186/198/480
f 1195/207/405 1194/206/483 1182/194/476
f 1182/194/476 1181/193/349 1195/207/405
f 1194/206/483 1198/210/484 1187/199/481
f 1187/199/481 1184/196/478 1194/206/483
f 1184/196/478 1183/195/477 1182/194/476
f 1182/194/476 1194/206/483 1184/196/478
f 1132/144/446 1172/184/472 1199/211/442
f 1199/211/442 1130/142/441 1132/144/446
f 1034/46/373 1200/212/485 1201/213/486
f 1201/213/486 1031/43/370 1034/46/373
f 1175/187/475 1187/199/481 1198/210/484
f 1198/210/484 1173/185/675 1175/187/475
f 1198/210/484 1199/211/442 1172/184/472
f 1172/184/472 1173/185/675 1198/210/484
f 1194/206/483 1197/209/434 1199/211/442
f 1199/211/442 1198/210/484 1194/206/483
f 1023/35/365 1202/214/466 1203/215/487
f 1203/215/487 1024/36/366 1023/35/365
f 1024/36/366 1203/215/487 1204/216/488
f 1204/216/488 1029/41/368 1024/36/366
f 1201/213/486 1200/212/485 1205/217/489
f 1204/216/488 1206/218/490 1205/217/489
f 1205/217/489 1200/212/485 1204/216/488
f 1029/41/368 1204/216/488 1200/212/485
f 1200/212/485 1034/46/373 1029/41/368
f 1203/215/487 1207/219/491 1206/218/490
f 1206/218/490 1204/216/488 1203/215/487
f 1203/215/487 1202/214/466 1207/219/491
f 1208/220/492 1153/165/459 1209/221/493
f 1209/221/493 1210/222/494 1208/220/492
f 1153/165/459 1208/220/492 1211/223/495
f 1210/222/494 1209/221/493 1212/224/387
f 1212/224/387 1213/225/496 1210/222/494
f 1210/222/494 1213/225/496 1214/226/486
f 1214/226/486 1215/227/489 1210/222/494
f 1216/228/490 1208/220/492 1210/222/494
f 1210/222/494 1215/227/489 1216/228/490
f 1217/229/491 1211/223/495 1208/220/492
f 1208/220/492 1216/228/490 1217/229/491
f 1154/166/460 1153/165/459 1211/223/495
f 1211/223/495 1157/169/463 1154/166/460
f 1218/230/466 1157/169/463 1211/223/495
f 1211/223/495 1217/229/491 1218/230/466
f 1219/231/426 1220/232/414 1221/233/497
f 1222/234/498 1153/165/459 1156/168/462
f 1156/168/462 1223/235/499 1222/234/498
f 1224/236/383 1212/224/387 1222/234/498
f 1222/234/498 1220/232/414 1224/236/383
f 1089/101/415 1055/67/389 1050/62/384
f 1225/237/426 1093/105/419 1089/101/415
f 1089/101/415 1088/100/414 1225/237/426
f 1209/221/493 1153/165/459 1222/234/498
f 1212/224/387 1209/221/493 1222/234/498
f 1221/233/497 1226/238/500 1227/239/423
f 1227/239/423 1219/231/426 1221/233/497
f 1161/173/465 1228/240/447 1229/241/450
f 1229/241/450 1230/242/501 1161/173/465
f 1223/235/499 1156/168/462 1161/173/465
f 1161/173/465 1230/242/501 1223/235/499
f 1230/242/501 1229/241/450 1226/238/500
f 1161/173/465 1160/172/457 1228/240/447
f 1222/234/498 1223/235/499 1221/233/497
f 1221/233/497 1220/232/414 1222/234/498
f 1223/235/499 1230/242/501 1226/238/500
f 1226/238/500 1221/233/497 1223/235/499
f 1231/243/420 1227/239/423 1226/238/500
f 1226/238/500 1229/241/450 1231/243/420
f 1079/91/395 1232/244/433 1076/88/410
f 1076/88/410 1232/244/433 1119/131/431
f 1112/124/433 1110/122/432 1109/121/431
f 1233/245/486 1234/246/496 1054/66/388
f 1054/66/388 1047/59/382 1233/245/486
f 1053/65/387 1054/66/388 1234/246/496
f 1032/44/371 1036/48/375 1033/45/372
f 1235/247/370 1233/245/486 1047/59/382
f 1047/59/382 1048/60/371 1235/247/370
f 1236/1/676 1237/2/677 1238/3/678
f 1238/3/678 1239/4/679 1236/1/676
f 1240/5/680 1241/6/681 1238/3/678
f 1238/3/678 1237/2/677 1240/5/680
f 1242/7/682 1243/8/683 1241/6/681
f 1241/6/681 1240/5/680 1242/7/682
f 1244/9/684 1245/10/685 1246/11/686
f 1246/11/686 1247/12/687 1244/9/684
f 1245/10/685 1248/13/688 1249/14/689
f 1249/14/689 1246/11/686 1245/10/685
f 1250/15/690 1251/16/691 1252/17/692
f 1252/17/692 1253/18/693 1250/15/690
f 1253/18/693 1252/17/692 1254/19/683
f 1254/19/683 1255/20/682 1253/18/693
f 1256/21/694 1257/22/695 1258/23/696
f 1258/23/696 1259/24/697 1256/21/694
f 1257/22/695 1260/25/684 1261/26/687
f 1261/26/687 1258/23/696 1257/22/695
f 1262/27/698 1263/28/699 1264/29/700
f 1264/29/700 1265/30/701 1262/27/698
f 1265/30/701 1264/29/700 1266/31/702
f 1266/31/702 1267/32/703 1265/30/701
f 1257/22/695 1268/33/704 1269/34/705
f 1270/35/706 1271/36/707 1263/28/699
f 1263/28/699 1262/27/698 1270/35/706
f 1272/37/708 1273/38/704 1274/39/694
f 1275/40/705 1273/38/704 1272/37/708
f 1256/21/694 1268/33/704 1257/22/695
f 1276/41/709 1277/42/710 1263/28/699
f 1263/28/699 1271/36/707 1276/41/709
f 1278/43/711 1279/44/712 1280/45/713
f 1280/45/713 1281/46/714 1278/43/711
f 1277/42/710 1282/47/715 1264/29/700
f 1264/29/700 1263/28/699 1277/42/710
f 1283/48/716 1284/49/676 1285/50/717
f 1285/50/717 1280/45/713 1283/48/716
f 1282/47/715 1285/50/717 1286/51/718
f 1286/51/718 1287/52/719 1282/47/715
f 1280/45/713 1285/50/717 1282/47/715
f 1282/47/715 1277/42/710 1280/45/713
f 1281/46/714 1280/45/713 1277/42/710
f 1277/42/710 1276/41/709 1281/46/714
f 1288/53/720 1289/54/685 1260/25/684
f 1260/25/684 1257/22/695 1288/53/720
f 1285/50/717 1284/49/676 1290/55/679
f 1290/55/679 1286/51/718 1285/50/717
f 1282/47/715 1287/52/719 1266/31/702
f 1266/31/702 1264/29/700 1282/47/715
f 1291/56/721 1292/57/722 1236/1/676
f 1236/1/676 1293/58/716 1291/56/721
f 1288/53/720 1257/22/695 1269/34/705
f 1294/59/723 1291/56/721 1293/58/716
f 1293/58/716 1295/60/712 1294/59/723
f 1296/61/724 1297/62/725 1298/63/726
f 1298/63/726 1299/64/727 1296/61/724
f 1300/65/728 1296/61/724 1299/64/727
f 1299/64/727 1301/66/729 1300/65/728
f 1302/67/730 1303/68/731 1298/63/726
f 1298/63/726 1297/62/725 1302/67/730
f 1304/69/732 1305/70/733 1303/68/731
f 1303/68/731 1302/67/730 1304/69/732
f 1306/71/734 1307/72/735 1305/70/733
f 1305/70/733 1304/69/732 1306/71/734
f 1308/73/736 1309/74/737 1310/75/738
f 1310/75/738 1311/76/739 1308/73/736
f 1309/74/737 1312/77/740 1313/78/741
f 1313/78/741 1310/75/738 1309/74/737
f 1307/72/735 1314/79/742 1315/80/743
f 1315/80/743 1305/70/733 1307/72/735
f 1305/70/733 1315/80/743 1316/81/744
f 1316/81/744 1303/68/731 1305/70/733
f 1303/68/731 1316/81/744 1292/57/722
f 1292/57/722 1298/63/726 1303/68/731
f 1301/66/729 1299/64/727 1291/56/721
f 1291/56/721 1294/59/723 1301/66/729
f 1299/64/727 1298/63/726 1292/57/722
f 1292/57/722 1291/56/721 1299/64/727
f 1242/7/682 1240/5/680 1312/77/740
f 1312/77/740 1309/74/737 1242/7/682
f 1316/81/744 1237/2/677 1236/1/676
f 1236/1/676 1292/57/722 1316/81/744
f 1317/82/745 1318/83/746 1319/84/747
f 1319/84/747 1320/85/748 1317/82/745
f 1315/80/743 1321/86/749 1237/2/677
f 1237/2/677 1316/81/744 1315/80/743
f 1314/79/742 1313/78/741 1322/87/750
f 1322/87/750 1321/86/749 1314/79/742
f 1240/5/680 1237/2/677 1321/86/749
f 1321/86/749 1322/87/750 1240/5/680
f 1314/79/742 1321/86/749 1315/80/743
f 1323/88/751 1324/89/752 1325/90/737
f 1325/90/737 1326/91/736 1323/88/751
f 1253/18/693 1255/20/682 1325/90/737
f 1325/90/737 1324/89/752 1253/18/693
f 1287/52/719 1327/92/720 1275/40/705
f 1275/40/705 1266/31/702 1287/52/719
f 1286/51/718 1290/55/679 1328/93/688
f 1328/93/688 1329/94/685 1286/51/718
f 1287/52/719 1286/51/718 1329/94/685
f 1329/94/685 1327/92/720 1287/52/719
f 1267/32/703 1266/31/702 1275/40/705
f 1275/40/705 1272/37/708 1267/32/703
f 1252/17/692 1330/95/696 1331/96/687
f 1331/96/687 1254/19/683 1252/17/692
f 1251/16/691 1332/97/697 1330/95/696
f 1330/95/696 1252/17/692 1251/16/691
f 1243/8/683 1247/12/687 1246/11/686
f 1246/11/686 1241/6/681 1243/8/683
f 1241/6/681 1246/11/686 1249/14/689
f 1249/14/689 1238/3/678 1241/6/681
f 1239/4/679 1238/3/678 1249/14/689
f 1249/14/689 1248/13/688 1239/4/679
f 1320/85/748 1319/84/747 1333/98/753
f 1333/98/753 1334/99/754 1320/85/748
f 1250/15/690 1253/18/693 1319/84/747
f 1319/84/747 1318/83/746 1250/15/690
f 1324/89/752 1333/98/753 1319/84/747
f 1319/84/747 1253/18/693 1324/89/752
f 1335/100/755 1336/101/756 1297/62/725
f 1297/62/725 1296/61/724 1335/100/755
f 1337/102/757 1338/103/758 1304/69/732
f 1304/69/732 1302/67/730 1337/102/757
f 1338/103/758 1339/104/759 1306/71/734
f 1306/71/734 1304/69/732 1338/103/758
f 1340/105/760 1337/102/757 1302/67/730
f 1302/67/730 1336/101/756 1340/105/760
f 1341/106/761 1342/107/762 1343/108/763
f 1343/108/763 1344/109/764 1341/106/761
f 1342/107/762 1345/110/765 1346/111/766
f 1346/111/766 1343/108/763 1342/107/762
f 1343/108/763 1346/111/766 1347/112/757
f 1347/112/757 1348/113/760 1343/108/763
f 1344/109/764 1343/108/763 1348/113/760
f 1348/113/760 1349/114/767 1344/109/764
f 1350/115/768 1351/116/769 1346/111/766
f 1346/111/766 1345/110/765 1350/115/768
f 1351/116/769 1352/117/758 1347/112/757
f 1347/112/757 1346/111/766 1351/116/769
f 1353/118/770 1354/119/771 1351/116/769
f 1351/116/769 1350/115/768 1353/118/770
f 1354/119/771 1355/120/759 1352/117/758
f 1352/117/758 1351/116/769 1354/119/771
f 1356/121/772 1357/122/773 1354/119/771
f 1354/119/771 1353/118/770 1356/121/772
f 1357/122/773 1358/123/734 1355/120/759
f 1355/120/759 1354/119/771 1357/122/773
f 1357/122/773 1359/124/774 1360/125/736
f 1360/125/736 1361/126/739 1358/123/734
f 1358/123/734 1357/122/773 1360/125/736
f 1313/78/741 1312/77/740 1240/5/680
f 1240/5/680 1322/87/750 1313/78/741
f 1310/75/738 1313/78/741 1314/79/742
f 1314/79/742 1307/72/735 1310/75/738
f 1311/76/739 1310/75/738 1307/72/735
f 1307/72/735 1306/71/734 1311/76/739
f 1362/127/775 1320/85/748 1334/99/754
f 1334/99/754 1363/128/776 1362/127/775
f 1320/85/748 1362/127/775 1317/82/745
f 1364/129/770 1365/130/777 1363/128/776
f 1363/128/776 1366/131/772 1364/129/770
f 1367/132/768 1368/133/778 1365/130/777
f 1365/130/777 1364/129/770 1367/132/768
f 1369/134/779 1370/135/780 1368/133/778
f 1368/133/778 1367/132/768 1369/134/779
f 1370/135/780 1371/136/781 1372/137/782
f 1372/137/782 1368/133/778 1370/135/780
f 1368/133/778 1372/137/782 1373/138/783
f 1373/138/783 1365/130/777 1368/133/778
f 1365/130/777 1373/138/783 1362/127/775
f 1362/127/775 1363/128/776 1365/130/777
f 1363/128/776 1334/99/754 1323/88/751
f 1323/88/751 1366/131/772 1363/128/776
f 1334/99/754 1333/98/753 1324/89/752
f 1324/89/752 1323/88/751 1334/99/754
f 1374/139/784 1375/140/785 1370/135/780
f 1370/135/780 1369/134/779 1374/139/784
f 1375/140/785 1376/141/786 1371/136/781
f 1371/136/781 1370/135/780 1375/140/785
f 1377/142/782 1378/143/781 1379/144/787
f 1380/145/788 1381/146/789 1382/147/790
f 1382/147/790 1383/148/791 1380/145/788
f 1383/148/791 1382/147/790 1384/149/762
f 1384/149/762 1385/150/761 1383/148/791
f 1386/151/792 1387/152/765 1384/149/762
f 1384/149/762 1382/147/790 1386/151/792
f 1388/153/779 1389/154/768 1387/152/765
f 1387/152/765 1386/151/792 1388/153/779
f 1390/155/793 1391/156/784 1388/153/779
f 1388/153/779 1386/151/792 1390/155/793
f 1381/146/789 1390/155/793 1386/151/792
f 1386/151/792 1382/147/790 1381/146/789
f 1390/155/793 1392/157/794 1393/158/785
f 1393/158/785 1391/156/784 1390/155/793
f 1392/157/794 1394/159/795 1395/160/786
f 1395/160/786 1393/158/785 1392/157/794
f 1381/146/789 1396/161/796 1392/157/794
f 1392/157/794 1390/155/793 1381/146/789
f 1396/161/796 1397/162/797 1394/159/795
f 1394/159/795 1392/157/794 1396/161/796
f 1380/145/788 1398/163/798 1396/161/796
f 1396/161/796 1381/146/789 1380/145/788
f 1398/163/798 1399/164/799 1397/162/797
f 1397/162/797 1396/161/796 1398/163/798
f 1400/165/800 1401/166/801 1402/167/802
f 1402/167/802 1403/168/803 1400/165/800
f 1401/166/801 1404/169/804 1405/170/805
f 1405/170/805 1402/167/802 1401/166/801
f 1402/167/802 1405/170/805 1406/171/799
f 1406/171/799 1407/172/798 1402/167/802
f 1403/168/803 1402/167/802 1407/172/798
f 1407/172/798 1408/173/806 1403/168/803
f 1409/174/807 1410/175/808 1411/176/805
f 1411/176/805 1412/177/804 1409/174/807
f 1413/178/706 1414/179/809 1410/175/808
f 1410/175/808 1409/174/807 1413/178/706
f 1415/180/698 1416/181/810 1414/179/809
f 1414/179/809 1413/178/706 1415/180/698
f 1379/144/787 1417/182/811 1418/183/812
f 1418/183/812 1419/184/813 1379/144/787
f 1420/185/814 1421/186/815 1410/175/808
f 1410/175/808 1422/187/816 1420/185/814
f 1423/188/795 1424/189/797 1418/183/812
f 1418/183/812 1417/182/811 1423/188/795
f 1424/189/797 1425/190/799 1421/186/815
f 1421/186/815 1418/183/812 1424/189/797
f 1419/184/813 1418/183/812 1421/186/815
f 1421/186/815 1420/185/814 1419/184/813
f 1417/182/811 1378/143/781 1426/191/786
f 1426/191/786 1423/188/795 1417/182/811
f 1421/186/815 1425/190/799 1411/176/805
f 1411/176/805 1410/175/808 1421/186/815
f 1378/143/781 1417/182/811 1379/144/787
f 1427/192/691 1428/193/690 1429/194/817
f 1430/195/818 1431/196/819 1432/197/820
f 1432/197/820 1433/198/821 1430/195/818
f 1431/196/819 1434/199/822 1435/200/823
f 1435/200/823 1432/197/820 1431/196/819
f 1434/199/822 1422/187/816 1416/181/810
f 1416/181/810 1435/200/823 1434/199/822
f 1435/200/823 1416/181/810 1415/180/698
f 1415/180/698 1436/201/701 1435/200/823
f 1432/197/820 1435/200/823 1436/201/701
f 1436/201/701 1437/202/703 1432/197/820
f 1433/198/821 1432/197/820 1437/202/703
f 1437/202/703 1438/203/708 1433/198/821
f 1416/181/810 1422/187/816 1410/175/808
f 1410/175/808 1414/179/809 1416/181/810
f 1430/195/818 1439/204/697 1427/192/691
f 1427/192/691 1429/194/817 1430/195/818
f 1438/203/708 1440/205/694 1439/204/697
f 1439/204/697 1433/198/821 1438/203/708
f 1441/206/824 1442/207/746 1443/208/745
f 1443/208/745 1444/209/775 1441/206/824
f 1439/204/697 1430/195/818 1433/198/821
f 1442/207/746 1441/206/824 1429/194/817
f 1429/194/817 1428/193/690 1442/207/746
f 1441/206/824 1445/210/825 1434/199/822
f 1434/199/822 1431/196/819 1441/206/824
f 1431/196/819 1430/195/818 1429/194/817
f 1429/194/817 1441/206/824 1431/196/819
f 1379/144/787 1419/184/813 1446/211/783
f 1446/211/783 1377/142/782 1379/144/787
f 1281/46/714 1447/212/826 1448/213/827
f 1448/213/827 1278/43/711 1281/46/714
f 1422/187/816 1434/199/822 1445/210/825
f 1445/210/825 1420/185/814 1422/187/816
f 1445/210/825 1446/211/783 1419/184/813
f 1419/184/813 1420/185/814 1445/210/825
f 1441/206/824 1444/209/775 1446/211/783
f 1446/211/783 1445/210/825 1441/206/824
f 1270/35/706 1449/214/807 1450/215/828
f 1450/215/828 1271/36/707 1270/35/706
f 1271/36/707 1450/215/828 1451/216/829
f 1451/216/829 1276/41/709 1271/36/707
f 1448/213/827 1447/212/826 1452/217/830
f 1451/216/829 1453/218/831 1452/217/830
f 1452/217/830 1447/212/826 1451/216/829
f 1276/41/709 1451/216/829 1447/212/826
f 1447/212/826 1281/46/714 1276/41/709
f 1450/215/828 1454/219/832 1453/218/831
f 1453/218/831 1451/216/829 1450/215/828
f 1450/215/828 1449/214/807 1454/219/832
f 1455/220/833 1400/165/800 1456/221/834
f 1456/221/834 1457/222/835 1455/220/833
f 1400/165/800 1455/220/833 1458/223/836
f 1457/222/835 1456/221/834 1459/224/728
f 1459/224/728 1460/225/837 1457/222/835
f 1457/222/835 1460/225/837 1461/226/827
f 1461/226/827 1462/227/830 1457/222/835
f 1463/228/831 1455/220/833 1457/222/835
f 1457/222/835 1462/227/830 1463/228/831
f 1464/229/832 1458/223/836 1455/220/833
f 1455/220/833 1463/228/831 1464/229/832
f 1401/166/801 1400/165/800 1458/223/836
f 1458/223/836 1404/169/804 1401/166/801
f 1465/230/807 1404/169/804 1458/223/836
f 1458/223/836 1464/229/832 1465/230/807
f 1466/231/767 1467/232/755 1468/233/838
f 1469/234/839 1400/165/800 1403/168/803
f 1403/168/803 1470/235/840 1469/234/839
f 1471/236/724 1459/224/728 1469/234/839
f 1469/234/839 1467/232/755 1471/236/724
f 1336/101/756 1302/67/730 1297/62/725
f 1472/237/767 1340/105/760 1336/101/756
f 1336/101/756 1335/100/755 1472/237/767
f 1456/221/834 1400/165/800 1469/234/839
f 1459/224/728 1456/221/834 1469/234/839
f 1468/233/838 1473/238/841 1474/239/764
f 1474/239/764 1466/231/767 1468/233/838
f 1408/173/806 1475/240/788 1476/241/791
f 1476/241/791 1477/242/842 1408/173/806
f 1470/235/840 1403/168/803 1408/173/806
f 1408/173/806 1477/242/842 1470/235/840
f 1477/242/842 1476/241/791 1473/238/841
f 1408/173/806 1407/172/798 1475/240/788
f 1469/234/839 1470/235/840 1468/233/838
f 1468/233/838 1467/232/755 1469/234/839
f 1470/235/840 1477/242/842 1473/238/841
f 1473/238/841 1468/233/838 1470/235/840
f 1478/243/761 1474/239/764 1473/238/841
f 1473/238/841 1476/241/791 1478/243/761
f 1326/91/736 1479/244/774 1323/88/751
f 1323/88/751 1479/244/774 1366/131/772
f 1359/124/774 1357/122/773 1356/121/772
f 1480/245/827 1481/246/837 1301/66/729
f 1301/66/729 1294/59/723 1480/245/827
f 1300/65/728 1301/66/729 1481/246/837
f 1279/44/712 1283/48/716 1280/45/713
f 1482/247/711 1480/245/827 1294/59/723
f 1294/59/723 1295/60/712 1482/247/711
# Vertices: 1482, normals: 842, texture coordinates: 247, faces: 1980

